# Blender v2.93.0 OBJ File: 'Kreyons.blend'
# www.blender.org
mtllib Kreyons.mtl
o Cylinder
v -0.000000 0.773328 -0.129456
v 0.025256 0.773328 -0.126968
v 0.049541 0.773328 -0.119601
v 0.071922 0.773328 -0.107638
v 0.091539 0.773328 -0.091539
v 0.107638 0.773328 -0.071922
v 0.119601 0.773328 -0.049541
v 0.126968 0.773328 -0.025256
v 0.129456 0.773328 0.000000
v 0.126968 0.773328 0.025256
v 0.119601 0.773328 0.049541
v 0.107638 0.773328 0.071922
v 0.091539 0.773328 0.091539
v 0.071922 0.773328 0.107638
v 0.049541 0.773328 0.119601
v 0.025256 0.773328 0.126968
v -0.000000 0.773328 0.129456
v -0.025256 0.773328 0.126968
v -0.049541 0.773328 0.119601
v -0.071922 0.773328 0.107638
v -0.091539 0.773328 0.091539
v -0.107638 0.773328 0.071922
v -0.119601 0.773328 0.049541
v -0.126968 0.773328 0.025256
v -0.129456 0.773328 -0.000000
v -0.126968 0.773328 -0.025256
v -0.119601 0.773328 -0.049541
v -0.107638 0.773328 -0.071922
v -0.091539 0.773328 -0.091539
v -0.071922 0.773328 -0.107638
v -0.049541 0.773328 -0.119601
v -0.025256 0.773328 -0.126968
v 0.000000 0.669443 -0.159694
v 0.031155 0.669443 -0.156626
v 0.061112 0.669443 -0.147538
v 0.088721 0.669443 -0.132781
v 0.112921 0.669443 -0.112921
v 0.132781 0.669443 -0.088721
v 0.147538 0.669443 -0.061112
v 0.156626 0.669443 -0.031155
v 0.159694 0.669443 0.000000
v 0.156626 0.669443 0.031155
v 0.147538 0.669443 0.061112
v 0.132781 0.669443 0.088721
v 0.112921 0.669443 0.112921
v 0.088721 0.669443 0.132781
v 0.061112 0.669443 0.147538
v 0.031155 0.669443 0.156626
v -0.000000 0.669443 0.159694
v -0.031155 0.669443 0.156626
v -0.061112 0.669443 0.147538
v -0.088721 0.669443 0.132781
v -0.112921 0.669443 0.112921
v -0.132781 0.669443 0.088721
v -0.147538 0.669443 0.061112
v -0.156626 0.669443 0.031155
v -0.159694 0.669443 -0.000000
v -0.156626 0.669443 -0.031155
v -0.147538 0.669443 -0.061112
v -0.132781 0.669443 -0.088721
v -0.112921 0.669443 -0.112921
v -0.088721 0.669443 -0.132781
v -0.061112 0.669443 -0.147538
v -0.031155 0.669443 -0.156626
v 0.031155 -1.144179 -0.156626
v 0.061112 -1.144179 -0.147538
v 0.088721 -1.144179 -0.132781
v 0.112921 -1.144179 -0.112921
v 0.132781 -1.144179 -0.088721
v 0.147538 -1.144179 -0.061112
v 0.156626 -1.144179 -0.031155
v 0.159694 -1.144179 0.000000
v 0.156626 -1.144179 0.031155
v 0.147538 -1.144179 0.061112
v 0.132781 -1.144179 0.088721
v 0.112921 -1.144179 0.112921
v 0.088721 -1.144179 0.132781
v 0.061112 -1.144179 0.147538
v 0.031155 -1.144179 0.156626
v -0.000000 -1.144179 0.159694
v -0.031155 -1.144179 0.156626
v -0.061112 -1.144179 0.147538
v -0.088721 -1.144179 0.132781
v -0.112921 -1.144179 0.112921
v -0.132781 -1.144179 0.088721
v -0.147538 -1.144179 0.061112
v -0.156626 -1.144179 0.031155
v -0.159694 -1.144179 -0.000000
v -0.156626 -1.144179 -0.031155
v -0.147538 -1.144179 -0.061112
v -0.132781 -1.144179 -0.088721
v -0.112921 -1.144179 -0.112921
v -0.088721 -1.144179 -0.132781
v -0.061112 -1.144179 -0.147538
v -0.031155 -1.144179 -0.156626
v 0.000000 -1.144179 -0.159694
v 0.003207 1.172084 -0.016121
v 0.006300 1.159765 -0.031674
v 0.005144 1.168476 -0.025861
v -0.000000 1.159765 -0.032295
v -0.000000 1.172084 -0.016437
v -0.000000 1.168476 -0.026367
v 0.006290 1.172084 -0.015186
v 0.012359 1.159765 -0.029836
v 0.010090 1.168476 -0.024360
v 0.009132 1.172084 -0.013667
v 0.017942 1.159765 -0.026852
v 0.014649 1.168476 -0.021923
v 0.011623 1.172084 -0.011623
v 0.022836 1.159765 -0.022836
v 0.018644 1.168476 -0.018644
v 0.013667 1.172084 -0.009132
v 0.026852 1.159765 -0.017942
v 0.021923 1.168476 -0.014649
v 0.015186 1.172084 -0.006290
v 0.029836 1.159765 -0.012359
v 0.024360 1.168476 -0.010090
v 0.016121 1.172084 -0.003207
v 0.031674 1.159765 -0.006300
v 0.025860 1.168476 -0.005144
v 0.016437 1.172084 0.000000
v 0.032295 1.159765 0.000000
v 0.026367 1.168476 0.000000
v 0.016121 1.172084 0.003207
v 0.031674 1.159765 0.006300
v 0.025860 1.168476 0.005144
v 0.015186 1.172084 0.006290
v 0.029836 1.159765 0.012359
v 0.024360 1.168476 0.010090
v 0.013667 1.172084 0.009132
v 0.026852 1.159765 0.017942
v 0.021923 1.168476 0.014649
v 0.011623 1.172084 0.011623
v 0.022836 1.159765 0.022836
v 0.018644 1.168476 0.018644
v 0.009132 1.172084 0.013667
v 0.017942 1.159765 0.026852
v 0.014649 1.168476 0.021923
v 0.006290 1.172084 0.015186
v 0.012359 1.159765 0.029836
v 0.010090 1.168476 0.024360
v 0.003207 1.172084 0.016121
v 0.006300 1.159765 0.031674
v 0.005144 1.168476 0.025861
v -0.000000 1.172084 0.016437
v -0.000000 1.159765 0.032295
v -0.000000 1.168476 0.026367
v -0.003207 1.172084 0.016121
v -0.006300 1.159765 0.031674
v -0.005144 1.168476 0.025861
v -0.006290 1.172084 0.015186
v -0.012359 1.159765 0.029836
v -0.010090 1.168476 0.024360
v -0.009132 1.172084 0.013667
v -0.017942 1.159765 0.026852
v -0.014649 1.168476 0.021923
v -0.011623 1.172084 0.011623
v -0.022836 1.159765 0.022836
v -0.018644 1.168476 0.018644
v -0.013667 1.172084 0.009132
v -0.026852 1.159765 0.017942
v -0.021924 1.168476 0.014649
v -0.015186 1.172084 0.006290
v -0.029836 1.159765 0.012359
v -0.024360 1.168476 0.010090
v -0.016121 1.172084 0.003207
v -0.031674 1.159765 0.006300
v -0.025861 1.168476 0.005144
v -0.016437 1.172084 0.000000
v -0.032295 1.159765 0.000000
v -0.026367 1.168476 0.000000
v -0.016121 1.172084 -0.003207
v -0.031674 1.159765 -0.006300
v -0.025861 1.168476 -0.005144
v -0.015186 1.172084 -0.006290
v -0.029836 1.159765 -0.012359
v -0.024360 1.168476 -0.010090
v -0.013667 1.172084 -0.009132
v -0.026852 1.159765 -0.017942
v -0.021924 1.168476 -0.014649
v -0.011623 1.172084 -0.011623
v -0.022836 1.159765 -0.022836
v -0.018644 1.168476 -0.018644
v -0.009132 1.172084 -0.013667
v -0.017942 1.159765 -0.026852
v -0.014649 1.168476 -0.021923
v -0.006290 1.172084 -0.015186
v -0.012359 1.159765 -0.029836
v -0.010090 1.168476 -0.024360
v -0.003207 1.172084 -0.016121
v -0.006300 1.159765 -0.031674
v -0.005144 1.168476 -0.025861
v 0.030389 0.773328 -0.152775
v 0.031155 0.769420 -0.156626
v 0.030930 0.772183 -0.155498
v 0.000000 0.769420 -0.159694
v -0.000000 0.773328 -0.155768
v -0.000000 0.772183 -0.158544
v 0.059610 0.773328 -0.143911
v 0.061112 0.769420 -0.147538
v 0.060672 0.772183 -0.146476
v 0.086540 0.773328 -0.129516
v 0.088721 0.769420 -0.132781
v 0.088082 0.772183 -0.131825
v 0.110144 0.773328 -0.110144
v 0.112921 0.769420 -0.112921
v 0.112108 0.772183 -0.112108
v 0.129516 0.773328 -0.086540
v 0.132781 0.769420 -0.088721
v 0.131825 0.772183 -0.088082
v 0.143911 0.773328 -0.059610
v 0.147538 0.769420 -0.061112
v 0.146476 0.772183 -0.060672
v 0.152775 0.773328 -0.030389
v 0.156626 0.769420 -0.031155
v 0.155498 0.772183 -0.030930
v 0.155768 0.773328 0.000000
v 0.159694 0.769420 0.000000
v 0.158544 0.772183 0.000000
v 0.152775 0.773328 0.030389
v 0.156626 0.769420 0.031155
v 0.155498 0.772183 0.030930
v 0.143911 0.773328 0.059610
v 0.147538 0.769420 0.061112
v 0.146476 0.772183 0.060672
v 0.129516 0.773328 0.086540
v 0.132781 0.769420 0.088721
v 0.131825 0.772183 0.088082
v 0.110144 0.773328 0.110144
v 0.112921 0.769420 0.112921
v 0.112108 0.772183 0.112108
v 0.086540 0.773328 0.129516
v 0.088721 0.769420 0.132781
v 0.088082 0.772183 0.131825
v 0.059610 0.773328 0.143911
v 0.061112 0.769420 0.147538
v 0.060672 0.772183 0.146476
v 0.030389 0.773328 0.152775
v 0.031155 0.769420 0.156626
v 0.030930 0.772183 0.155498
v -0.000000 0.773328 0.155768
v -0.000000 0.769420 0.159694
v -0.000000 0.772183 0.158544
v -0.030389 0.773328 0.152775
v -0.031155 0.769420 0.156626
v -0.030930 0.772183 0.155498
v -0.059610 0.773328 0.143911
v -0.061112 0.769420 0.147538
v -0.060672 0.772183 0.146476
v -0.086540 0.773328 0.129516
v -0.088721 0.769420 0.132781
v -0.088082 0.772183 0.131825
v -0.110144 0.773328 0.110144
v -0.112921 0.769420 0.112921
v -0.112108 0.772183 0.112108
v -0.129516 0.773328 0.086540
v -0.132781 0.769420 0.088721
v -0.131825 0.772183 0.088082
v -0.143911 0.773328 0.059610
v -0.147538 0.769420 0.061112
v -0.146476 0.772183 0.060672
v -0.152775 0.773328 0.030389
v -0.156626 0.769420 0.031155
v -0.155498 0.772183 0.030930
v -0.155768 0.773328 -0.000000
v -0.159694 0.769420 -0.000000
v -0.158544 0.772183 -0.000000
v -0.152775 0.773328 -0.030389
v -0.156626 0.769420 -0.031155
v -0.155498 0.772183 -0.030930
v -0.143911 0.773328 -0.059610
v -0.147538 0.769420 -0.061112
v -0.146476 0.772183 -0.060672
v -0.129516 0.773328 -0.086540
v -0.132781 0.769420 -0.088721
v -0.131825 0.772183 -0.088082
v -0.110144 0.773328 -0.110144
v -0.112921 0.769420 -0.112921
v -0.112108 0.772183 -0.112108
v -0.086540 0.773328 -0.129516
v -0.088721 0.769420 -0.132781
v -0.088082 0.772183 -0.131825
v -0.059610 0.773328 -0.143911
v -0.061112 0.769420 -0.147538
v -0.060672 0.772183 -0.146476
v -0.030389 0.773328 -0.152775
v -0.031155 0.769420 -0.156626
v -0.030930 0.772183 -0.155498
v 0.000000 -1.252416 -0.155282
v 0.000000 -1.248025 -0.159694
v 0.000000 -1.251130 -0.158402
v 0.030294 -1.252416 -0.152299
v 0.031155 -1.248025 -0.156626
v 0.030903 -1.251130 -0.155358
v 0.059424 -1.252416 -0.143462
v 0.061112 -1.248025 -0.147538
v 0.060618 -1.251130 -0.146344
v 0.086270 -1.252416 -0.129112
v 0.088721 -1.248025 -0.132781
v 0.088003 -1.251130 -0.131706
v 0.109801 -1.252416 -0.109801
v 0.112921 -1.248025 -0.112921
v 0.112007 -1.251130 -0.112007
v 0.129112 -1.252416 -0.086270
v 0.132781 -1.248025 -0.088721
v 0.131706 -1.251130 -0.088003
v 0.143462 -1.252416 -0.059424
v 0.147538 -1.248025 -0.061112
v 0.146344 -1.251130 -0.060618
v 0.152299 -1.252416 -0.030294
v 0.156626 -1.248025 -0.031155
v 0.155358 -1.251130 -0.030903
v 0.155282 -1.252416 0.000000
v 0.159694 -1.248025 0.000000
v 0.158402 -1.251130 0.000000
v 0.152299 -1.252416 0.030294
v 0.156626 -1.248025 0.031155
v 0.155358 -1.251130 0.030903
v 0.143462 -1.252416 0.059424
v 0.147538 -1.248025 0.061112
v 0.146344 -1.251130 0.060618
v 0.129112 -1.252416 0.086270
v 0.132781 -1.248025 0.088721
v 0.131706 -1.251130 0.088003
v 0.109801 -1.252416 0.109801
v 0.112921 -1.248025 0.112921
v 0.112007 -1.251130 0.112007
v 0.086270 -1.252416 0.129112
v 0.088721 -1.248025 0.132781
v 0.088003 -1.251130 0.131706
v 0.059424 -1.252416 0.143462
v 0.061112 -1.248025 0.147538
v 0.060618 -1.251130 0.146344
v 0.030294 -1.252416 0.152299
v 0.031155 -1.248025 0.156626
v 0.030903 -1.251130 0.155358
v -0.000000 -1.252416 0.155282
v -0.000000 -1.248025 0.159694
v -0.000000 -1.251130 0.158402
v -0.030294 -1.252416 0.152299
v -0.031155 -1.248025 0.156626
v -0.030903 -1.251130 0.155358
v -0.059424 -1.252416 0.143462
v -0.061112 -1.248025 0.147538
v -0.060618 -1.251130 0.146344
v -0.086270 -1.252416 0.129112
v -0.088721 -1.248025 0.132781
v -0.088003 -1.251130 0.131706
v -0.109801 -1.252416 0.109801
v -0.112921 -1.248025 0.112921
v -0.112007 -1.251130 0.112007
v -0.129112 -1.252416 0.086270
v -0.132781 -1.248025 0.088721
v -0.131706 -1.251130 0.088003
v -0.143462 -1.252416 0.059424
v -0.147538 -1.248025 0.061112
v -0.146344 -1.251130 0.060618
v -0.152299 -1.252416 0.030294
v -0.156626 -1.248025 0.031155
v -0.155358 -1.251130 0.030903
v -0.155282 -1.252416 -0.000000
v -0.159694 -1.248025 -0.000000
v -0.158402 -1.251130 -0.000000
v -0.152299 -1.252416 -0.030294
v -0.156626 -1.248025 -0.031155
v -0.155358 -1.251130 -0.030903
v -0.143462 -1.252416 -0.059424
v -0.147538 -1.248025 -0.061112
v -0.146344 -1.251130 -0.060618
v -0.129112 -1.252416 -0.086270
v -0.132781 -1.248025 -0.088721
v -0.131706 -1.251130 -0.088003
v -0.109801 -1.252416 -0.109801
v -0.112921 -1.248025 -0.112921
v -0.112007 -1.251130 -0.112007
v -0.086270 -1.252416 -0.129112
v -0.088721 -1.248025 -0.132781
v -0.088003 -1.251130 -0.131706
v -0.059424 -1.252416 -0.143462
v -0.061112 -1.248025 -0.147538
v -0.060618 -1.251130 -0.146344
v -0.030294 -1.252416 -0.152299
v -0.031155 -1.248025 -0.156626
v -0.030903 -1.251130 -0.155358
v -0.159694 -0.875289 -0.000000
v -0.159694 0.400554 -0.000000
v 0.031155 -0.875289 -0.156626
v 0.031155 0.400554 -0.156626
v 0.159694 -0.875289 0.000000
v 0.159694 0.400554 0.000000
v 0.061112 -0.875289 -0.147538
v 0.061112 0.400554 -0.147538
v 0.132781 -0.875289 -0.088721
v 0.132781 0.400554 -0.088721
v 0.088721 -0.875289 -0.132781
v 0.088721 0.400554 -0.132781
v 0.147538 -0.875289 -0.061112
v 0.147538 0.400554 -0.061112
v 0.088721 -0.875289 0.132781
v 0.088721 0.400554 0.132781
v 0.156626 -0.875289 -0.031155
v 0.156626 0.400554 -0.031155
v 0.147538 -0.875289 0.061112
v 0.147538 0.400554 0.061112
v 0.112921 -0.875289 -0.112921
v 0.112921 0.400554 -0.112921
v 0.132781 -0.875289 0.088721
v 0.132781 0.400554 0.088721
v -0.000000 -0.875289 0.159694
v -0.000000 0.400554 0.159694
v 0.112921 -0.875289 0.112921
v 0.112921 0.400554 0.112921
v -0.061112 -0.875289 0.147538
v -0.061112 0.400554 0.147538
v 0.156626 -0.875289 0.031155
v 0.156626 0.400554 0.031155
v 0.061112 -0.875289 0.147538
v 0.061112 0.400554 0.147538
v 0.031155 -0.875289 0.156626
v 0.031155 0.400554 0.156626
v -0.112921 -0.875289 0.112921
v -0.112921 0.400554 0.112921
v -0.156626 -0.875289 0.031155
v -0.156626 0.400554 0.031155
v -0.088721 -0.875289 0.132781
v -0.088721 0.400554 0.132781
v -0.132781 -0.875289 0.088721
v -0.132781 0.400554 0.088721
v -0.147538 -0.875289 -0.061112
v -0.147538 0.400554 -0.061112
v -0.112921 -0.875289 -0.112921
v -0.112921 0.400554 -0.112921
v -0.156626 -0.875289 -0.031155
v -0.156626 0.400554 -0.031155
v -0.147538 -0.875289 0.061112
v -0.147538 0.400554 0.061112
v -0.088721 -0.875289 -0.132781
v -0.088721 0.400554 -0.132781
v -0.132781 -0.875289 -0.088721
v -0.132781 0.400554 -0.088721
v -0.031155 -0.875289 0.156626
v -0.031155 0.400554 0.156626
v 0.000000 0.400552 -0.159694
v 0.000000 -0.875290 -0.159694
v -0.031155 -0.875289 -0.156626
v -0.031155 0.400554 -0.156626
v -0.061112 -0.875289 -0.147538
v -0.061112 0.400554 -0.147538
v -0.031155 -0.962905 0.156626
v -0.031155 0.488169 0.156626
v -0.088721 -0.962905 -0.132781
v -0.088721 0.488169 -0.132781
v -0.061112 -0.962905 -0.147538
v -0.061112 0.488169 -0.147538
v 0.000000 0.488169 -0.159694
v 0.000000 -0.962905 -0.159694
v -0.031155 -0.962905 -0.156626
v -0.031155 0.488169 -0.156626
v -0.132781 -0.962905 -0.088721
v -0.132781 0.488169 -0.088721
v -0.159694 -0.962905 -0.000000
v -0.159694 0.488169 -0.000000
v -0.147538 -0.962905 -0.061112
v -0.147538 0.488169 -0.061112
v -0.156626 -0.962905 -0.031155
v -0.156626 0.488169 -0.031155
v -0.112921 -0.962905 -0.112921
v -0.112921 0.488169 -0.112921
v -0.147538 -0.962905 0.061112
v -0.147538 0.488169 0.061112
v -0.132781 -0.962905 0.088721
v -0.132781 0.488169 0.088721
v 0.031155 -0.962905 0.156626
v 0.031155 0.488169 0.156626
v -0.156626 -0.962905 0.031155
v -0.156626 0.488169 0.031155
v -0.112921 -0.962905 0.112921
v -0.112921 0.488169 0.112921
v -0.088721 -0.962905 0.132781
v -0.088721 0.488169 0.132781
v 0.061112 -0.962905 0.147538
v 0.061112 0.488169 0.147538
v -0.000000 -0.962905 0.159694
v -0.000000 0.488169 0.159694
v -0.061112 -0.962905 0.147538
v -0.061112 0.488169 0.147538
v 0.112921 -0.962905 0.112921
v 0.112921 0.488169 0.112921
v 0.156626 -0.962905 0.031155
v 0.156626 0.488169 0.031155
v 0.132781 -0.962905 0.088721
v 0.132781 0.488169 0.088721
v 0.088721 -0.962905 0.132781
v 0.088721 0.488169 0.132781
v 0.147538 -0.962905 0.061112
v 0.147538 0.488169 0.061112
v 0.156626 -0.962905 -0.031155
v 0.156626 0.488169 -0.031155
v 0.112921 -0.962905 -0.112921
v 0.112921 0.488169 -0.112921
v 0.147538 -0.962905 -0.061112
v 0.147538 0.488169 -0.061112
v 0.159694 -0.962905 0.000000
v 0.159694 0.488169 0.000000
v 0.132781 -0.962905 -0.088721
v 0.132781 0.488169 -0.088721
v 0.061112 -0.962905 -0.147538
v 0.061112 0.488169 -0.147538
v 0.088721 -0.962905 -0.132781
v 0.088721 0.488169 -0.132781
v 0.031155 -0.962905 -0.156626
v 0.031155 0.488169 -0.156626
v 0.088721 -0.999523 -0.132781
v 0.088721 0.524787 -0.132781
v 0.031155 -0.999523 -0.156626
v 0.031155 0.524787 -0.156626
v 0.061112 -0.999523 -0.147538
v 0.061112 0.524787 -0.147538
v 0.112921 -0.999523 -0.112921
v 0.112921 0.524787 -0.112921
v 0.159694 -0.999523 0.000000
v 0.159694 0.524787 0.000000
v 0.147538 -0.999523 -0.061112
v 0.147538 0.524787 -0.061112
v 0.132781 -0.999523 -0.088721
v 0.132781 0.524787 -0.088721
v 0.156626 -0.999523 -0.031155
v 0.156626 0.524787 -0.031155
v 0.156626 -0.999523 0.031155
v 0.156626 0.524787 0.031155
v 0.088721 -0.999523 0.132781
v 0.088721 0.524787 0.132781
v 0.132781 -0.999523 0.088721
v 0.132781 0.524787 0.088721
v 0.147538 -0.999523 0.061112
v 0.147538 0.524787 0.061112
v 0.112921 -0.999523 0.112921
v 0.112921 0.524787 0.112921
v 0.061112 -0.999523 0.147538
v 0.061112 0.524787 0.147538
v -0.061112 -0.999523 0.147538
v -0.061112 0.524787 0.147538
v -0.000000 -0.999523 0.159694
v -0.000000 0.524787 0.159694
v 0.031155 -0.999523 0.156626
v 0.031155 0.524787 0.156626
v -0.031155 -0.999523 0.156626
v -0.031155 0.524787 0.156626
v -0.088721 -0.999523 0.132781
v -0.088721 0.524787 0.132781
v -0.156626 -0.999523 0.031155
v -0.156626 0.524787 0.031155
v -0.132781 -0.999523 0.088721
v -0.132781 0.524787 0.088721
v -0.112921 -0.999523 0.112921
v -0.112921 0.524787 0.112921
v -0.147538 -0.999523 0.061112
v -0.147538 0.524787 0.061112
v -0.159694 -0.999523 -0.000000
v -0.159694 0.524787 -0.000000
v -0.112921 -0.999523 -0.112921
v -0.112921 0.524787 -0.112921
v -0.147538 -0.999523 -0.061112
v -0.147538 0.524787 -0.061112
v -0.156626 -0.999523 -0.031155
v -0.156626 0.524787 -0.031155
v -0.132781 -0.999523 -0.088721
v -0.132781 0.524787 -0.088721
v -0.088721 -0.999523 -0.132781
v -0.088721 0.524787 -0.132781
v -0.031155 -0.999523 -0.156626
v -0.031155 0.524787 -0.156626
v -0.061112 -0.999523 -0.147538
v -0.061112 0.524787 -0.147538
v 0.000000 0.524787 -0.159694
v 0.000000 -0.999523 -0.159694
v 0.000000 0.556199 -0.159694
v 0.000000 -1.030934 -0.159694
v -0.031155 -1.030934 -0.156626
v -0.031155 0.556199 -0.156626
v -0.061112 -1.030934 -0.147538
v -0.061112 0.556199 -0.147538
v -0.088721 -1.030934 -0.132781
v -0.088721 0.556199 -0.132781
v -0.112921 -1.030934 -0.112921
v -0.112921 0.556199 -0.112921
v -0.132781 -1.030934 -0.088721
v -0.132781 0.556199 -0.088721
v -0.147538 -1.030934 -0.061112
v -0.147538 0.556199 -0.061112
v -0.156626 -1.030934 -0.031155
v -0.156626 0.556199 -0.031155
v -0.159694 -1.030934 -0.000000
v -0.159694 0.556199 -0.000000
v -0.156626 -1.030934 0.031155
v -0.156626 0.556199 0.031155
v -0.147538 -1.030934 0.061112
v -0.147538 0.556199 0.061112
v -0.132781 -1.030934 0.088721
v -0.132781 0.556199 0.088721
v -0.112921 -1.030934 0.112921
v -0.112921 0.556199 0.112921
v -0.088721 -1.030934 0.132781
v -0.088721 0.556199 0.132781
v -0.061112 -1.030934 0.147538
v -0.061112 0.556199 0.147538
v -0.031155 -1.030934 0.156626
v -0.031155 0.556199 0.156626
v -0.000000 -1.030934 0.159694
v -0.000000 0.556199 0.159694
v 0.031155 -1.030934 0.156626
v 0.031155 0.556199 0.156626
v 0.061112 -1.030934 0.147538
v 0.061112 0.556199 0.147538
v 0.088721 -1.030934 0.132781
v 0.088721 0.556199 0.132781
v 0.112921 -1.030934 0.112921
v 0.112921 0.556199 0.112921
v 0.132781 -1.030934 0.088721
v 0.132781 0.556199 0.088721
v 0.147538 -1.030934 0.061112
v 0.147538 0.556199 0.061112
v 0.156626 -1.030934 0.031155
v 0.156626 0.556199 0.031155
v 0.159694 -1.030934 0.000000
v 0.159694 0.556199 0.000000
v 0.156626 -1.030934 -0.031155
v 0.156626 0.556199 -0.031155
v 0.147538 -1.030934 -0.061112
v 0.147538 0.556199 -0.061112
v 0.132781 -1.030934 -0.088721
v 0.132781 0.556199 -0.088721
v 0.112921 -1.030934 -0.112921
v 0.112921 0.556199 -0.112921
v 0.088721 -1.030934 -0.132781
v 0.088721 0.556199 -0.132781
v 0.061112 -1.030934 -0.147538
v 0.061112 0.556199 -0.147538
v 0.031155 -1.030934 -0.156626
v 0.031155 0.556199 -0.156626
v 0.562124 0.773328 -0.129456
v 0.587379 0.773328 -0.126968
v 0.611664 0.773328 -0.119601
v 0.634045 0.773328 -0.107638
v 0.653662 0.773328 -0.091539
v 0.669762 0.773328 -0.071922
v 0.681725 0.773328 -0.049541
v 0.689092 0.773328 -0.025256
v 0.691579 0.773328 0.000000
v 0.689092 0.773328 0.025256
v 0.681725 0.773328 0.049541
v 0.669762 0.773328 0.071922
v 0.653662 0.773328 0.091539
v 0.634045 0.773328 0.107638
v 0.611664 0.773328 0.119601
v 0.587379 0.773328 0.126968
v 0.562124 0.773328 0.129456
v 0.536868 0.773328 0.126968
v 0.512583 0.773328 0.119601
v 0.490202 0.773328 0.107638
v 0.470585 0.773328 0.091539
v 0.454485 0.773328 0.071922
v 0.442522 0.773328 0.049541
v 0.435155 0.773328 0.025256
v 0.432668 0.773328 -0.000000
v 0.435155 0.773328 -0.025256
v 0.442522 0.773328 -0.049541
v 0.454485 0.773328 -0.071922
v 0.470585 0.773328 -0.091539
v 0.490202 0.773328 -0.107638
v 0.512583 0.773328 -0.119601
v 0.536868 0.773328 -0.126968
v 0.562124 0.669443 -0.159694
v 0.593278 0.669443 -0.156626
v 0.623236 0.669443 -0.147538
v 0.650845 0.669443 -0.132781
v 0.675044 0.669443 -0.112921
v 0.694904 0.669443 -0.088721
v 0.709662 0.669443 -0.061112
v 0.718749 0.669443 -0.031155
v 0.721818 0.669443 0.000000
v 0.718749 0.669443 0.031155
v 0.709662 0.669443 0.061112
v 0.694904 0.669443 0.088721
v 0.675044 0.669443 0.112921
v 0.650845 0.669443 0.132781
v 0.623236 0.669443 0.147538
v 0.593278 0.669443 0.156626
v 0.562124 0.669443 0.159694
v 0.530969 0.669443 0.156626
v 0.501011 0.669443 0.147538
v 0.473402 0.669443 0.132781
v 0.449203 0.669443 0.112921
v 0.429343 0.669443 0.088721
v 0.414585 0.669443 0.061112
v 0.405498 0.669443 0.031155
v 0.402429 0.669443 -0.000000
v 0.405498 0.669443 -0.031155
v 0.414585 0.669443 -0.061112
v 0.429343 0.669443 -0.088721
v 0.449203 0.669443 -0.112921
v 0.473402 0.669443 -0.132781
v 0.501011 0.669443 -0.147538
v 0.530969 0.669443 -0.156626
v 0.593278 -1.144179 -0.156626
v 0.623236 -1.144179 -0.147538
v 0.650845 -1.144179 -0.132781
v 0.675044 -1.144179 -0.112921
v 0.694904 -1.144179 -0.088721
v 0.709662 -1.144179 -0.061112
v 0.718749 -1.144179 -0.031155
v 0.721818 -1.144179 0.000000
v 0.718749 -1.144179 0.031155
v 0.709662 -1.144179 0.061112
v 0.694904 -1.144179 0.088721
v 0.675044 -1.144179 0.112921
v 0.650845 -1.144179 0.132781
v 0.623236 -1.144179 0.147538
v 0.593278 -1.144179 0.156626
v 0.562124 -1.144179 0.159694
v 0.530969 -1.144179 0.156626
v 0.501011 -1.144179 0.147538
v 0.473402 -1.144179 0.132781
v 0.449203 -1.144179 0.112921
v 0.429343 -1.144179 0.088721
v 0.414585 -1.144179 0.061112
v 0.405498 -1.144179 0.031155
v 0.402429 -1.144179 -0.000000
v 0.405498 -1.144179 -0.031155
v 0.414585 -1.144179 -0.061112
v 0.429343 -1.144179 -0.088721
v 0.449203 -1.144179 -0.112921
v 0.473402 -1.144179 -0.132781
v 0.501011 -1.144179 -0.147538
v 0.530969 -1.144179 -0.156626
v 0.562124 -1.144179 -0.159694
v 0.565330 1.172084 -0.016121
v 0.568424 1.159765 -0.031674
v 0.567267 1.168476 -0.025861
v 0.562124 1.159765 -0.032295
v 0.562124 1.172084 -0.016437
v 0.562124 1.168476 -0.026367
v 0.568414 1.172084 -0.015186
v 0.574482 1.159765 -0.029836
v 0.572214 1.168476 -0.024360
v 0.571256 1.172084 -0.013667
v 0.580065 1.159765 -0.026852
v 0.576772 1.168476 -0.021923
v 0.573746 1.172084 -0.011623
v 0.584959 1.159765 -0.022836
v 0.580768 1.168476 -0.018644
v 0.575791 1.172084 -0.009132
v 0.588975 1.159765 -0.017942
v 0.584047 1.168476 -0.014649
v 0.577310 1.172084 -0.006290
v 0.591960 1.159765 -0.012359
v 0.586484 1.168476 -0.010090
v 0.578245 1.172084 -0.003207
v 0.593798 1.159765 -0.006300
v 0.587984 1.168476 -0.005144
v 0.578561 1.172084 0.000000
v 0.594418 1.159765 0.000000
v 0.588491 1.168476 0.000000
v 0.578245 1.172084 0.003207
v 0.593798 1.159765 0.006300
v 0.587984 1.168476 0.005144
v 0.577310 1.172084 0.006290
v 0.591960 1.159765 0.012359
v 0.586484 1.168476 0.010090
v 0.575791 1.172084 0.009132
v 0.588975 1.159765 0.017942
v 0.584047 1.168476 0.014649
v 0.573746 1.172084 0.011623
v 0.584959 1.159765 0.022836
v 0.580768 1.168476 0.018644
v 0.571256 1.172084 0.013667
v 0.580065 1.159765 0.026852
v 0.576772 1.168476 0.021923
v 0.568414 1.172084 0.015186
v 0.574482 1.159765 0.029836
v 0.572214 1.168476 0.024360
v 0.565330 1.172084 0.016121
v 0.568424 1.159765 0.031674
v 0.567267 1.168476 0.025861
v 0.562124 1.172084 0.016437
v 0.562124 1.159765 0.032295
v 0.562124 1.168476 0.026367
v 0.558917 1.172084 0.016121
v 0.555823 1.159765 0.031674
v 0.556980 1.168476 0.025861
v 0.555833 1.172084 0.015186
v 0.549765 1.159765 0.029836
v 0.552033 1.168476 0.024360
v 0.552991 1.172084 0.013667
v 0.544182 1.159765 0.026852
v 0.547475 1.168476 0.021923
v 0.550501 1.172084 0.011623
v 0.539288 1.159765 0.022836
v 0.543479 1.168476 0.018644
v 0.548456 1.172084 0.009132
v 0.535272 1.159765 0.017942
v 0.540200 1.168476 0.014649
v 0.546937 1.172084 0.006290
v 0.532287 1.159765 0.012359
v 0.537763 1.168476 0.010090
v 0.546002 1.172084 0.003207
v 0.530449 1.159765 0.006300
v 0.536263 1.168476 0.005144
v 0.545686 1.172084 0.000000
v 0.529829 1.159765 0.000000
v 0.535756 1.168476 0.000000
v 0.546002 1.172084 -0.003207
v 0.530449 1.159765 -0.006300
v 0.536263 1.168476 -0.005144
v 0.546937 1.172084 -0.006290
v 0.532287 1.159765 -0.012359
v 0.537763 1.168476 -0.010090
v 0.548456 1.172084 -0.009132
v 0.535272 1.159765 -0.017942
v 0.540200 1.168476 -0.014649
v 0.550501 1.172084 -0.011623
v 0.539288 1.159765 -0.022836
v 0.543479 1.168476 -0.018644
v 0.552991 1.172084 -0.013667
v 0.544182 1.159765 -0.026852
v 0.547475 1.168476 -0.021923
v 0.555833 1.172084 -0.015186
v 0.549765 1.159765 -0.029836
v 0.552033 1.168476 -0.024360
v 0.558917 1.172084 -0.016121
v 0.555823 1.159765 -0.031674
v 0.556980 1.168476 -0.025861
v 0.592512 0.773328 -0.152775
v 0.593278 0.769420 -0.156626
v 0.593054 0.772183 -0.155498
v 0.562124 0.769420 -0.159694
v 0.562124 0.773328 -0.155768
v 0.562124 0.772183 -0.158544
v 0.621733 0.773328 -0.143911
v 0.623236 0.769420 -0.147538
v 0.622796 0.772183 -0.146476
v 0.648664 0.773328 -0.129516
v 0.650845 0.769420 -0.132781
v 0.650206 0.772183 -0.131825
v 0.672268 0.773328 -0.110144
v 0.675044 0.769420 -0.112921
v 0.674231 0.772183 -0.112108
v 0.691640 0.773328 -0.086540
v 0.694904 0.769420 -0.088721
v 0.693948 0.772183 -0.088082
v 0.706034 0.773328 -0.059610
v 0.709662 0.769420 -0.061112
v 0.708599 0.772183 -0.060672
v 0.714898 0.773328 -0.030389
v 0.718749 0.769420 -0.031155
v 0.717621 0.772183 -0.030930
v 0.717891 0.773328 0.000000
v 0.721818 0.769420 0.000000
v 0.720668 0.772183 0.000000
v 0.714898 0.773328 0.030389
v 0.718749 0.769420 0.031155
v 0.717621 0.772183 0.030930
v 0.706034 0.773328 0.059610
v 0.709662 0.769420 0.061112
v 0.708599 0.772183 0.060672
v 0.691640 0.773328 0.086540
v 0.694904 0.769420 0.088721
v 0.693948 0.772183 0.088082
v 0.672268 0.773328 0.110144
v 0.675044 0.769420 0.112921
v 0.674231 0.772183 0.112108
v 0.648663 0.773328 0.129516
v 0.650845 0.769420 0.132781
v 0.650206 0.772183 0.131825
v 0.621733 0.773328 0.143911
v 0.623236 0.769420 0.147538
v 0.622796 0.772183 0.146476
v 0.592512 0.773328 0.152775
v 0.593278 0.769420 0.156626
v 0.593054 0.772183 0.155498
v 0.562124 0.773328 0.155768
v 0.562124 0.769420 0.159694
v 0.562124 0.772183 0.158544
v 0.531735 0.773328 0.152775
v 0.530969 0.769420 0.156626
v 0.531193 0.772183 0.155498
v 0.502514 0.773328 0.143911
v 0.501011 0.769420 0.147538
v 0.501451 0.772183 0.146476
v 0.475584 0.773328 0.129516
v 0.473402 0.769420 0.132781
v 0.474041 0.772183 0.131825
v 0.451979 0.773328 0.110144
v 0.449203 0.769420 0.112921
v 0.450016 0.772183 0.112108
v 0.432607 0.773328 0.086540
v 0.429343 0.769420 0.088721
v 0.430299 0.772183 0.088082
v 0.418213 0.773328 0.059610
v 0.414585 0.769420 0.061112
v 0.415648 0.772183 0.060672
v 0.409349 0.773328 0.030389
v 0.405498 0.769420 0.031155
v 0.406626 0.772183 0.030930
v 0.406356 0.773328 -0.000000
v 0.402429 0.769420 -0.000000
v 0.403579 0.772183 -0.000000
v 0.409349 0.773328 -0.030389
v 0.405498 0.769420 -0.031155
v 0.406626 0.772183 -0.030930
v 0.418213 0.773328 -0.059610
v 0.414585 0.769420 -0.061112
v 0.415648 0.772183 -0.060672
v 0.432607 0.773328 -0.086540
v 0.429343 0.769420 -0.088721
v 0.430299 0.772183 -0.088082
v 0.451979 0.773328 -0.110144
v 0.449203 0.769420 -0.112921
v 0.450016 0.772183 -0.112108
v 0.475584 0.773328 -0.129516
v 0.473402 0.769420 -0.132781
v 0.474041 0.772183 -0.131825
v 0.502514 0.773328 -0.143911
v 0.501011 0.769420 -0.147538
v 0.501451 0.772183 -0.146476
v 0.531735 0.773328 -0.152775
v 0.530969 0.769420 -0.156626
v 0.531193 0.772183 -0.155498
v 0.562124 -1.252416 -0.155282
v 0.562124 -1.248025 -0.159694
v 0.562124 -1.251130 -0.158402
v 0.592418 -1.252416 -0.152299
v 0.593278 -1.248025 -0.156626
v 0.593026 -1.251130 -0.155358
v 0.621548 -1.252416 -0.143462
v 0.623236 -1.248025 -0.147538
v 0.622741 -1.251130 -0.146344
v 0.648394 -1.252416 -0.129112
v 0.650845 -1.248025 -0.132781
v 0.650127 -1.251130 -0.131706
v 0.671925 -1.252416 -0.109801
v 0.675044 -1.248025 -0.112921
v 0.674131 -1.251130 -0.112007
v 0.691236 -1.252416 -0.086270
v 0.694904 -1.248025 -0.088721
v 0.693830 -1.251130 -0.088003
v 0.705586 -1.252416 -0.059424
v 0.709662 -1.248025 -0.061112
v 0.708468 -1.251130 -0.060618
v 0.714422 -1.252416 -0.030294
v 0.718749 -1.248025 -0.031155
v 0.717482 -1.251130 -0.030903
v 0.717406 -1.252416 0.000000
v 0.721818 -1.248025 0.000000
v 0.720526 -1.251130 0.000000
v 0.714422 -1.252416 0.030294
v 0.718749 -1.248025 0.031155
v 0.717482 -1.251130 0.030903
v 0.705586 -1.252416 0.059424
v 0.709662 -1.248025 0.061112
v 0.708468 -1.251130 0.060618
v 0.691236 -1.252416 0.086270
v 0.694904 -1.248025 0.088721
v 0.693830 -1.251130 0.088003
v 0.671925 -1.252416 0.109801
v 0.675044 -1.248025 0.112921
v 0.674131 -1.251130 0.112007
v 0.648394 -1.252416 0.129112
v 0.650845 -1.248025 0.132781
v 0.650127 -1.251130 0.131706
v 0.621548 -1.252416 0.143462
v 0.623236 -1.248025 0.147538
v 0.622741 -1.251130 0.146344
v 0.592418 -1.252416 0.152299
v 0.593278 -1.248025 0.156626
v 0.593026 -1.251130 0.155358
v 0.562124 -1.252416 0.155282
v 0.562124 -1.248025 0.159694
v 0.562124 -1.251130 0.158402
v 0.531829 -1.252416 0.152299
v 0.530969 -1.248025 0.156626
v 0.531221 -1.251130 0.155358
v 0.502700 -1.252416 0.143462
v 0.501011 -1.248025 0.147538
v 0.501506 -1.251130 0.146344
v 0.475853 -1.252416 0.129112
v 0.473402 -1.248025 0.132781
v 0.474120 -1.251130 0.131706
v 0.452322 -1.252416 0.109801
v 0.449203 -1.248025 0.112921
v 0.450116 -1.251130 0.112007
v 0.433011 -1.252416 0.086270
v 0.429343 -1.248025 0.088721
v 0.430417 -1.251130 0.088003
v 0.418661 -1.252416 0.059424
v 0.414585 -1.248025 0.061112
v 0.415779 -1.251130 0.060618
v 0.409825 -1.252416 0.030294
v 0.405498 -1.248025 0.031155
v 0.406765 -1.251130 0.030903
v 0.406841 -1.252416 -0.000000
v 0.402429 -1.248025 -0.000000
v 0.403722 -1.251130 -0.000000
v 0.409825 -1.252416 -0.030294
v 0.405498 -1.248025 -0.031155
v 0.406765 -1.251130 -0.030903
v 0.418661 -1.252416 -0.059424
v 0.414585 -1.248025 -0.061112
v 0.415779 -1.251130 -0.060618
v 0.433011 -1.252416 -0.086270
v 0.429343 -1.248025 -0.088721
v 0.430417 -1.251130 -0.088003
v 0.452322 -1.252416 -0.109801
v 0.449203 -1.248025 -0.112921
v 0.450116 -1.251130 -0.112007
v 0.475853 -1.252416 -0.129112
v 0.473402 -1.248025 -0.132781
v 0.474120 -1.251130 -0.131706
v 0.502700 -1.252416 -0.143462
v 0.501011 -1.248025 -0.147538
v 0.501506 -1.251130 -0.146344
v 0.531829 -1.252416 -0.152299
v 0.530969 -1.248025 -0.156626
v 0.531221 -1.251130 -0.155358
v 0.402429 -0.875289 -0.000000
v 0.402429 0.400554 -0.000000
v 0.593278 -0.875289 -0.156626
v 0.593278 0.400554 -0.156626
v 0.721818 -0.875289 0.000000
v 0.721818 0.400554 0.000000
v 0.623236 -0.875289 -0.147538
v 0.623236 0.400554 -0.147538
v 0.694904 -0.875289 -0.088721
v 0.694904 0.400554 -0.088721
v 0.650845 -0.875289 -0.132781
v 0.650845 0.400554 -0.132781
v 0.709662 -0.875289 -0.061112
v 0.709662 0.400554 -0.061112
v 0.650845 -0.875289 0.132781
v 0.650845 0.400554 0.132781
v 0.718749 -0.875289 -0.031155
v 0.718749 0.400554 -0.031155
v 0.709662 -0.875289 0.061112
v 0.709662 0.400554 0.061112
v 0.675044 -0.875289 -0.112921
v 0.675044 0.400554 -0.112921
v 0.694904 -0.875289 0.088721
v 0.694904 0.400554 0.088721
v 0.562124 -0.875289 0.159694
v 0.562124 0.400554 0.159694
v 0.675044 -0.875289 0.112921
v 0.675044 0.400554 0.112921
v 0.501011 -0.875289 0.147538
v 0.501011 0.400554 0.147538
v 0.718749 -0.875289 0.031155
v 0.718749 0.400554 0.031155
v 0.623236 -0.875289 0.147538
v 0.623236 0.400554 0.147538
v 0.593278 -0.875289 0.156626
v 0.593278 0.400554 0.156626
v 0.449203 -0.875289 0.112921
v 0.449203 0.400554 0.112921
v 0.405498 -0.875289 0.031155
v 0.405498 0.400554 0.031155
v 0.473402 -0.875289 0.132781
v 0.473402 0.400554 0.132781
v 0.429343 -0.875289 0.088721
v 0.429343 0.400554 0.088721
v 0.414585 -0.875289 -0.061112
v 0.414585 0.400554 -0.061112
v 0.449203 -0.875289 -0.112921
v 0.449203 0.400554 -0.112921
v 0.405498 -0.875289 -0.031155
v 0.405498 0.400554 -0.031155
v 0.414585 -0.875289 0.061112
v 0.414585 0.400554 0.061112
v 0.473402 -0.875289 -0.132781
v 0.473402 0.400554 -0.132781
v 0.429343 -0.875289 -0.088721
v 0.429343 0.400554 -0.088721
v 0.530969 -0.875289 0.156626
v 0.530969 0.400554 0.156626
v 0.562124 0.400552 -0.159694
v 0.562124 -0.875290 -0.159694
v 0.530969 -0.875289 -0.156626
v 0.530969 0.400554 -0.156626
v 0.501011 -0.875289 -0.147538
v 0.501011 0.400554 -0.147538
v 0.530969 -0.962905 0.156626
v 0.530969 0.488169 0.156626
v 0.473402 -0.962905 -0.132781
v 0.473402 0.488169 -0.132781
v 0.501011 -0.962905 -0.147538
v 0.501011 0.488169 -0.147538
v 0.562124 0.488169 -0.159694
v 0.562124 -0.962905 -0.159694
v 0.530969 -0.962905 -0.156626
v 0.530969 0.488169 -0.156626
v 0.429343 -0.962905 -0.088721
v 0.429343 0.488169 -0.088721
v 0.402429 -0.962905 -0.000000
v 0.402429 0.488169 -0.000000
v 0.414585 -0.962905 -0.061112
v 0.414585 0.488169 -0.061112
v 0.405498 -0.962905 -0.031155
v 0.405498 0.488169 -0.031155
v 0.449203 -0.962905 -0.112921
v 0.449203 0.488169 -0.112921
v 0.414585 -0.962905 0.061112
v 0.414585 0.488169 0.061112
v 0.429343 -0.962905 0.088721
v 0.429343 0.488169 0.088721
v 0.593278 -0.962905 0.156626
v 0.593278 0.488169 0.156626
v 0.405498 -0.962905 0.031155
v 0.405498 0.488169 0.031155
v 0.449203 -0.962905 0.112921
v 0.449203 0.488169 0.112921
v 0.473402 -0.962905 0.132781
v 0.473402 0.488169 0.132781
v 0.623236 -0.962905 0.147538
v 0.623236 0.488169 0.147538
v 0.562124 -0.962905 0.159694
v 0.562124 0.488169 0.159694
v 0.501011 -0.962905 0.147538
v 0.501011 0.488169 0.147538
v 0.675044 -0.962905 0.112921
v 0.675044 0.488169 0.112921
v 0.718749 -0.962905 0.031155
v 0.718749 0.488169 0.031155
v 0.694904 -0.962905 0.088721
v 0.694904 0.488169 0.088721
v 0.650845 -0.962905 0.132781
v 0.650845 0.488169 0.132781
v 0.709662 -0.962905 0.061112
v 0.709662 0.488169 0.061112
v 0.718749 -0.962905 -0.031155
v 0.718749 0.488169 -0.031155
v 0.675044 -0.962905 -0.112921
v 0.675044 0.488169 -0.112921
v 0.709662 -0.962905 -0.061112
v 0.709662 0.488169 -0.061112
v 0.721818 -0.962905 0.000000
v 0.721818 0.488169 0.000000
v 0.694904 -0.962905 -0.088721
v 0.694904 0.488169 -0.088721
v 0.623236 -0.962905 -0.147538
v 0.623236 0.488169 -0.147538
v 0.650845 -0.962905 -0.132781
v 0.650845 0.488169 -0.132781
v 0.593278 -0.962905 -0.156626
v 0.593278 0.488169 -0.156626
v 0.650845 -0.999523 -0.132781
v 0.650845 0.524787 -0.132781
v 0.593278 -0.999523 -0.156626
v 0.593278 0.524787 -0.156626
v 0.623236 -0.999523 -0.147538
v 0.623236 0.524787 -0.147538
v 0.675044 -0.999523 -0.112921
v 0.675044 0.524787 -0.112921
v 0.721818 -0.999523 0.000000
v 0.721818 0.524787 0.000000
v 0.709662 -0.999523 -0.061112
v 0.709662 0.524787 -0.061112
v 0.694904 -0.999523 -0.088721
v 0.694904 0.524787 -0.088721
v 0.718749 -0.999523 -0.031155
v 0.718749 0.524787 -0.031155
v 0.718749 -0.999523 0.031155
v 0.718749 0.524787 0.031155
v 0.650845 -0.999523 0.132781
v 0.650845 0.524787 0.132781
v 0.694904 -0.999523 0.088721
v 0.694904 0.524787 0.088721
v 0.709662 -0.999523 0.061112
v 0.709662 0.524787 0.061112
v 0.675044 -0.999523 0.112921
v 0.675044 0.524787 0.112921
v 0.623236 -0.999523 0.147538
v 0.623236 0.524787 0.147538
v 0.501011 -0.999523 0.147538
v 0.501011 0.524787 0.147538
v 0.562124 -0.999523 0.159694
v 0.562124 0.524787 0.159694
v 0.593278 -0.999523 0.156626
v 0.593278 0.524787 0.156626
v 0.530969 -0.999523 0.156626
v 0.530969 0.524787 0.156626
v 0.473402 -0.999523 0.132781
v 0.473402 0.524787 0.132781
v 0.405498 -0.999523 0.031155
v 0.405498 0.524787 0.031155
v 0.429343 -0.999523 0.088721
v 0.429343 0.524787 0.088721
v 0.449203 -0.999523 0.112921
v 0.449203 0.524787 0.112921
v 0.414585 -0.999523 0.061112
v 0.414585 0.524787 0.061112
v 0.402429 -0.999523 -0.000000
v 0.402429 0.524787 -0.000000
v 0.449203 -0.999523 -0.112921
v 0.449203 0.524787 -0.112921
v 0.414585 -0.999523 -0.061112
v 0.414585 0.524787 -0.061112
v 0.405498 -0.999523 -0.031155
v 0.405498 0.524787 -0.031155
v 0.429343 -0.999523 -0.088721
v 0.429343 0.524787 -0.088721
v 0.473402 -0.999523 -0.132781
v 0.473402 0.524787 -0.132781
v 0.530969 -0.999523 -0.156626
v 0.530969 0.524787 -0.156626
v 0.501011 -0.999523 -0.147538
v 0.501011 0.524787 -0.147538
v 0.562124 0.524787 -0.159694
v 0.562124 -0.999523 -0.159694
v 0.562124 0.556199 -0.159694
v 0.562124 -1.030934 -0.159694
v 0.530969 -1.030934 -0.156626
v 0.530969 0.556199 -0.156626
v 0.501011 -1.030934 -0.147538
v 0.501011 0.556199 -0.147538
v 0.473402 -1.030934 -0.132781
v 0.473402 0.556199 -0.132781
v 0.449203 -1.030934 -0.112921
v 0.449203 0.556199 -0.112921
v 0.429343 -1.030934 -0.088721
v 0.429343 0.556199 -0.088721
v 0.414585 -1.030934 -0.061112
v 0.414585 0.556199 -0.061112
v 0.405498 -1.030934 -0.031155
v 0.405498 0.556199 -0.031155
v 0.402429 -1.030934 -0.000000
v 0.402429 0.556199 -0.000000
v 0.405498 -1.030934 0.031155
v 0.405498 0.556199 0.031155
v 0.414585 -1.030934 0.061112
v 0.414585 0.556199 0.061112
v 0.429343 -1.030934 0.088721
v 0.429343 0.556199 0.088721
v 0.449203 -1.030934 0.112921
v 0.449203 0.556199 0.112921
v 0.473402 -1.030934 0.132781
v 0.473402 0.556199 0.132781
v 0.501011 -1.030934 0.147538
v 0.501011 0.556199 0.147538
v 0.530969 -1.030934 0.156626
v 0.530969 0.556199 0.156626
v 0.562124 -1.030934 0.159694
v 0.562124 0.556199 0.159694
v 0.593278 -1.030934 0.156626
v 0.593278 0.556199 0.156626
v 0.623236 -1.030934 0.147538
v 0.623236 0.556199 0.147538
v 0.650845 -1.030934 0.132781
v 0.650845 0.556199 0.132781
v 0.675044 -1.030934 0.112921
v 0.675044 0.556199 0.112921
v 0.694904 -1.030934 0.088721
v 0.694904 0.556199 0.088721
v 0.709662 -1.030934 0.061112
v 0.709662 0.556199 0.061112
v 0.718749 -1.030934 0.031155
v 0.718749 0.556199 0.031155
v 0.721818 -1.030934 0.000000
v 0.721818 0.556199 0.000000
v 0.718749 -1.030934 -0.031155
v 0.718749 0.556199 -0.031155
v 0.709662 -1.030934 -0.061112
v 0.709662 0.556199 -0.061112
v 0.694904 -1.030934 -0.088721
v 0.694904 0.556199 -0.088721
v 0.675044 -1.030934 -0.112921
v 0.675044 0.556199 -0.112921
v 0.650845 -1.030934 -0.132781
v 0.650845 0.556199 -0.132781
v 0.623236 -1.030934 -0.147538
v 0.623236 0.556199 -0.147538
v 0.593278 -1.030934 -0.156626
v 0.593278 0.556199 -0.156626
v 1.124247 0.773328 -0.129456
v 1.149503 0.773328 -0.126968
v 1.173788 0.773328 -0.119601
v 1.196169 0.773328 -0.107638
v 1.215786 0.773328 -0.091539
v 1.231885 0.773328 -0.071922
v 1.243848 0.773328 -0.049541
v 1.251215 0.773328 -0.025256
v 1.253703 0.773328 0.000000
v 1.251215 0.773328 0.025256
v 1.243848 0.773328 0.049541
v 1.231885 0.773328 0.071922
v 1.215786 0.773328 0.091539
v 1.196169 0.773328 0.107638
v 1.173788 0.773328 0.119601
v 1.149503 0.773328 0.126968
v 1.124247 0.773328 0.129456
v 1.098992 0.773328 0.126968
v 1.074707 0.773328 0.119601
v 1.052325 0.773328 0.107638
v 1.032708 0.773328 0.091539
v 1.016609 0.773328 0.071922
v 1.004646 0.773328 0.049541
v 0.997279 0.773328 0.025256
v 0.994792 0.773328 -0.000000
v 0.997279 0.773328 -0.025256
v 1.004646 0.773328 -0.049541
v 1.016609 0.773328 -0.071922
v 1.032708 0.773328 -0.091539
v 1.052325 0.773328 -0.107638
v 1.074707 0.773328 -0.119601
v 1.098992 0.773328 -0.126968
v 1.124247 0.669443 -0.159694
v 1.155402 0.669443 -0.156626
v 1.185359 0.669443 -0.147538
v 1.212968 0.669443 -0.132781
v 1.237168 0.669443 -0.112921
v 1.257028 0.669443 -0.088721
v 1.271785 0.669443 -0.061112
v 1.280873 0.669443 -0.031155
v 1.283941 0.669443 0.000000
v 1.280873 0.669443 0.031155
v 1.271785 0.669443 0.061112
v 1.257028 0.669443 0.088721
v 1.237168 0.669443 0.112921
v 1.212968 0.669443 0.132781
v 1.185359 0.669443 0.147538
v 1.155402 0.669443 0.156626
v 1.124247 0.669443 0.159694
v 1.093092 0.669443 0.156626
v 1.063135 0.669443 0.147538
v 1.035526 0.669443 0.132781
v 1.011326 0.669443 0.112921
v 0.991466 0.669443 0.088721
v 0.976709 0.669443 0.061112
v 0.967621 0.669443 0.031155
v 0.964553 0.669443 -0.000000
v 0.967621 0.669443 -0.031155
v 0.976709 0.669443 -0.061112
v 0.991466 0.669443 -0.088721
v 1.011326 0.669443 -0.112921
v 1.035526 0.669443 -0.132781
v 1.063135 0.669443 -0.147538
v 1.093092 0.669443 -0.156626
v 1.155402 -1.144179 -0.156626
v 1.185359 -1.144179 -0.147538
v 1.212968 -1.144179 -0.132781
v 1.237168 -1.144179 -0.112921
v 1.257028 -1.144179 -0.088721
v 1.271785 -1.144179 -0.061112
v 1.280873 -1.144179 -0.031155
v 1.283941 -1.144179 0.000000
v 1.280873 -1.144179 0.031155
v 1.271785 -1.144179 0.061112
v 1.257028 -1.144179 0.088721
v 1.237168 -1.144179 0.112921
v 1.212968 -1.144179 0.132781
v 1.185359 -1.144179 0.147538
v 1.155402 -1.144179 0.156626
v 1.124247 -1.144179 0.159694
v 1.093092 -1.144179 0.156626
v 1.063135 -1.144179 0.147538
v 1.035526 -1.144179 0.132781
v 1.011326 -1.144179 0.112921
v 0.991466 -1.144179 0.088721
v 0.976709 -1.144179 0.061112
v 0.967621 -1.144179 0.031155
v 0.964553 -1.144179 -0.000000
v 0.967621 -1.144179 -0.031155
v 0.976709 -1.144179 -0.061112
v 0.991466 -1.144179 -0.088721
v 1.011326 -1.144179 -0.112921
v 1.035526 -1.144179 -0.132781
v 1.063135 -1.144179 -0.147538
v 1.093092 -1.144179 -0.156626
v 1.124247 -1.144179 -0.159694
v 1.127454 1.172084 -0.016121
v 1.130547 1.159765 -0.031674
v 1.129391 1.168476 -0.025861
v 1.124247 1.159765 -0.032295
v 1.124247 1.172084 -0.016437
v 1.124247 1.168476 -0.026367
v 1.130537 1.172084 -0.015186
v 1.136606 1.159765 -0.029836
v 1.134337 1.168476 -0.024360
v 1.133379 1.172084 -0.013667
v 1.142189 1.159765 -0.026852
v 1.138896 1.168476 -0.021923
v 1.135870 1.172084 -0.011623
v 1.147083 1.159765 -0.022836
v 1.142891 1.168476 -0.018644
v 1.137914 1.172084 -0.009132
v 1.151099 1.159765 -0.017942
v 1.146170 1.168476 -0.014649
v 1.139433 1.172084 -0.006290
v 1.154083 1.159765 -0.012359
v 1.148607 1.168476 -0.010090
v 1.140368 1.172084 -0.003207
v 1.155921 1.159765 -0.006300
v 1.150108 1.168476 -0.005144
v 1.140684 1.172084 0.000000
v 1.156542 1.159765 0.000000
v 1.150614 1.168476 0.000000
v 1.140368 1.172084 0.003207
v 1.155921 1.159765 0.006300
v 1.150108 1.168476 0.005144
v 1.139433 1.172084 0.006290
v 1.154083 1.159765 0.012359
v 1.148607 1.168476 0.010090
v 1.137914 1.172084 0.009132
v 1.151099 1.159765 0.017942
v 1.146170 1.168476 0.014649
v 1.135870 1.172084 0.011623
v 1.147083 1.159765 0.022836
v 1.142891 1.168476 0.018644
v 1.133379 1.172084 0.013667
v 1.142189 1.159765 0.026852
v 1.138896 1.168476 0.021923
v 1.130537 1.172084 0.015186
v 1.136606 1.159765 0.029836
v 1.134337 1.168476 0.024360
v 1.127454 1.172084 0.016121
v 1.130547 1.159765 0.031674
v 1.129391 1.168476 0.025861
v 1.124247 1.172084 0.016437
v 1.124247 1.159765 0.032295
v 1.124247 1.168476 0.026367
v 1.121040 1.172084 0.016121
v 1.117947 1.159765 0.031674
v 1.119103 1.168476 0.025861
v 1.117957 1.172084 0.015186
v 1.111888 1.159765 0.029836
v 1.114157 1.168476 0.024360
v 1.115115 1.172084 0.013667
v 1.106305 1.159765 0.026852
v 1.109598 1.168476 0.021923
v 1.112624 1.172084 0.011623
v 1.101411 1.159765 0.022836
v 1.105603 1.168476 0.018644
v 1.110580 1.172084 0.009132
v 1.097395 1.159765 0.017942
v 1.102324 1.168476 0.014649
v 1.109061 1.172084 0.006290
v 1.094411 1.159765 0.012359
v 1.099887 1.168476 0.010090
v 1.108126 1.172084 0.003207
v 1.092573 1.159765 0.006300
v 1.098387 1.168476 0.005144
v 1.107810 1.172084 0.000000
v 1.091952 1.159765 0.000000
v 1.097880 1.168476 0.000000
v 1.108126 1.172084 -0.003207
v 1.092573 1.159765 -0.006300
v 1.098387 1.168476 -0.005144
v 1.109061 1.172084 -0.006290
v 1.094411 1.159765 -0.012359
v 1.099887 1.168476 -0.010090
v 1.110580 1.172084 -0.009132
v 1.097395 1.159765 -0.017942
v 1.102324 1.168476 -0.014649
v 1.112624 1.172084 -0.011623
v 1.101411 1.159765 -0.022836
v 1.105603 1.168476 -0.018644
v 1.115115 1.172084 -0.013667
v 1.106305 1.159765 -0.026852
v 1.109598 1.168476 -0.021923
v 1.117957 1.172084 -0.015186
v 1.111888 1.159765 -0.029836
v 1.114157 1.168476 -0.024360
v 1.121040 1.172084 -0.016121
v 1.117947 1.159765 -0.031674
v 1.119103 1.168476 -0.025861
v 1.154636 0.773328 -0.152775
v 1.155402 0.769420 -0.156626
v 1.155177 0.772183 -0.155498
v 1.124247 0.769420 -0.159694
v 1.124247 0.773328 -0.155768
v 1.124247 0.772183 -0.158544
v 1.183857 0.773328 -0.143911
v 1.185359 0.769420 -0.147538
v 1.184919 0.772183 -0.146476
v 1.210787 0.773328 -0.129516
v 1.212968 0.769420 -0.132781
v 1.212330 0.772183 -0.131825
v 1.234392 0.773328 -0.110144
v 1.237168 0.769420 -0.112921
v 1.236355 0.772183 -0.112108
v 1.253763 0.773328 -0.086540
v 1.257028 0.769420 -0.088721
v 1.256072 0.772183 -0.088082
v 1.268158 0.773328 -0.059610
v 1.271785 0.769420 -0.061112
v 1.270723 0.772183 -0.060672
v 1.277022 0.773328 -0.030389
v 1.280873 0.769420 -0.031155
v 1.279745 0.772183 -0.030930
v 1.280015 0.773328 0.000000
v 1.283941 0.769420 0.000000
v 1.282791 0.772183 0.000000
v 1.277022 0.773328 0.030389
v 1.280873 0.769420 0.031155
v 1.279745 0.772183 0.030930
v 1.268158 0.773328 0.059610
v 1.271785 0.769420 0.061112
v 1.270723 0.772183 0.060672
v 1.253763 0.773328 0.086540
v 1.257028 0.769420 0.088721
v 1.256072 0.772183 0.088082
v 1.234392 0.773328 0.110144
v 1.237168 0.769420 0.112921
v 1.236355 0.772183 0.112108
v 1.210787 0.773328 0.129516
v 1.212968 0.769420 0.132781
v 1.212330 0.772183 0.131825
v 1.183857 0.773328 0.143911
v 1.185359 0.769420 0.147538
v 1.184919 0.772183 0.146476
v 1.154636 0.773328 0.152775
v 1.155402 0.769420 0.156626
v 1.155177 0.772183 0.155498
v 1.124247 0.773328 0.155768
v 1.124247 0.769420 0.159694
v 1.124247 0.772183 0.158544
v 1.093858 0.773328 0.152775
v 1.093092 0.769420 0.156626
v 1.093317 0.772183 0.155498
v 1.064637 0.773328 0.143911
v 1.063135 0.769420 0.147538
v 1.063575 0.772183 0.146476
v 1.037707 0.773328 0.129516
v 1.035526 0.769420 0.132781
v 1.036165 0.772183 0.131825
v 1.014103 0.773328 0.110144
v 1.011326 0.769420 0.112921
v 1.012139 0.772183 0.112108
v 0.994731 0.773328 0.086540
v 0.991466 0.769420 0.088721
v 0.992422 0.772183 0.088082
v 0.980336 0.773328 0.059610
v 0.976709 0.769420 0.061112
v 0.977771 0.772183 0.060672
v 0.971472 0.773328 0.030389
v 0.967621 0.769420 0.031155
v 0.968749 0.772183 0.030930
v 0.968479 0.773328 -0.000000
v 0.964553 0.769420 -0.000000
v 0.965703 0.772183 -0.000000
v 0.971472 0.773328 -0.030389
v 0.967621 0.769420 -0.031155
v 0.968749 0.772183 -0.030930
v 0.980336 0.773328 -0.059610
v 0.976709 0.769420 -0.061112
v 0.977771 0.772183 -0.060672
v 0.994731 0.773328 -0.086540
v 0.991466 0.769420 -0.088721
v 0.992422 0.772183 -0.088082
v 1.014103 0.773328 -0.110144
v 1.011326 0.769420 -0.112921
v 1.012139 0.772183 -0.112108
v 1.037707 0.773328 -0.129516
v 1.035526 0.769420 -0.132781
v 1.036165 0.772183 -0.131825
v 1.064637 0.773328 -0.143911
v 1.063135 0.769420 -0.147538
v 1.063575 0.772183 -0.146476
v 1.093858 0.773328 -0.152775
v 1.093092 0.769420 -0.156626
v 1.093317 0.772183 -0.155498
v 1.124247 -1.252416 -0.155282
v 1.124247 -1.248025 -0.159694
v 1.124247 -1.251130 -0.158402
v 1.154541 -1.252416 -0.152299
v 1.155402 -1.248025 -0.156626
v 1.155150 -1.251130 -0.155358
v 1.183671 -1.252416 -0.143462
v 1.185359 -1.248025 -0.147538
v 1.184865 -1.251130 -0.146344
v 1.210517 -1.252416 -0.129112
v 1.212968 -1.248025 -0.132781
v 1.212250 -1.251130 -0.131706
v 1.234048 -1.252416 -0.109801
v 1.237168 -1.248025 -0.112921
v 1.236254 -1.251130 -0.112007
v 1.253360 -1.252416 -0.086270
v 1.257028 -1.248025 -0.088721
v 1.255954 -1.251130 -0.088003
v 1.267709 -1.252416 -0.059424
v 1.271785 -1.248025 -0.061112
v 1.270591 -1.251130 -0.060618
v 1.276546 -1.252416 -0.030294
v 1.280873 -1.248025 -0.031155
v 1.279605 -1.251130 -0.030903
v 1.279529 -1.252416 0.000000
v 1.283941 -1.248025 0.000000
v 1.282649 -1.251130 0.000000
v 1.276546 -1.252416 0.030294
v 1.280873 -1.248025 0.031155
v 1.279605 -1.251130 0.030903
v 1.267709 -1.252416 0.059424
v 1.271785 -1.248025 0.061112
v 1.270591 -1.251130 0.060618
v 1.253360 -1.252416 0.086270
v 1.257028 -1.248025 0.088721
v 1.255954 -1.251130 0.088003
v 1.234048 -1.252416 0.109801
v 1.237168 -1.248025 0.112921
v 1.236254 -1.251130 0.112007
v 1.210517 -1.252416 0.129112
v 1.212968 -1.248025 0.132781
v 1.212250 -1.251130 0.131706
v 1.183671 -1.252416 0.143462
v 1.185359 -1.248025 0.147538
v 1.184865 -1.251130 0.146344
v 1.154541 -1.252416 0.152299
v 1.155402 -1.248025 0.156626
v 1.155150 -1.251130 0.155358
v 1.124247 -1.252416 0.155282
v 1.124247 -1.248025 0.159694
v 1.124247 -1.251130 0.158402
v 1.093953 -1.252416 0.152299
v 1.093092 -1.248025 0.156626
v 1.093344 -1.251130 0.155358
v 1.064823 -1.252416 0.143462
v 1.063135 -1.248025 0.147538
v 1.063629 -1.251130 0.146344
v 1.037977 -1.252416 0.129112
v 1.035526 -1.248025 0.132781
v 1.036244 -1.251130 0.131706
v 1.014446 -1.252416 0.109801
v 1.011326 -1.248025 0.112921
v 1.012240 -1.251130 0.112007
v 0.995135 -1.252416 0.086270
v 0.991466 -1.248025 0.088721
v 0.992541 -1.251130 0.088003
v 0.980785 -1.252416 0.059424
v 0.976709 -1.248025 0.061112
v 0.977903 -1.251130 0.060618
v 0.971949 -1.252416 0.030294
v 0.967621 -1.248025 0.031155
v 0.968889 -1.251130 0.030903
v 0.968965 -1.252416 -0.000000
v 0.964553 -1.248025 -0.000000
v 0.965845 -1.251130 -0.000000
v 0.971949 -1.252416 -0.030294
v 0.967621 -1.248025 -0.031155
v 0.968889 -1.251130 -0.030903
v 0.980785 -1.252416 -0.059424
v 0.976709 -1.248025 -0.061112
v 0.977903 -1.251130 -0.060618
v 0.995135 -1.252416 -0.086270
v 0.991466 -1.248025 -0.088721
v 0.992541 -1.251130 -0.088003
v 1.014446 -1.252416 -0.109801
v 1.011326 -1.248025 -0.112921
v 1.012240 -1.251130 -0.112007
v 1.037977 -1.252416 -0.129112
v 1.035526 -1.248025 -0.132781
v 1.036244 -1.251130 -0.131706
v 1.064823 -1.252416 -0.143462
v 1.063135 -1.248025 -0.147538
v 1.063629 -1.251130 -0.146344
v 1.093953 -1.252416 -0.152299
v 1.093092 -1.248025 -0.156626
v 1.093344 -1.251130 -0.155358
v 0.964553 -0.875289 -0.000000
v 0.964553 0.400554 -0.000000
v 1.155402 -0.875289 -0.156626
v 1.155402 0.400554 -0.156626
v 1.283941 -0.875289 0.000000
v 1.283941 0.400554 0.000000
v 1.185359 -0.875289 -0.147538
v 1.185359 0.400554 -0.147538
v 1.257028 -0.875289 -0.088721
v 1.257028 0.400554 -0.088721
v 1.212968 -0.875289 -0.132781
v 1.212968 0.400554 -0.132781
v 1.271785 -0.875289 -0.061112
v 1.271785 0.400554 -0.061112
v 1.212968 -0.875289 0.132781
v 1.212968 0.400554 0.132781
v 1.280873 -0.875289 -0.031155
v 1.280873 0.400554 -0.031155
v 1.271785 -0.875289 0.061112
v 1.271785 0.400554 0.061112
v 1.237168 -0.875289 -0.112921
v 1.237168 0.400554 -0.112921
v 1.257028 -0.875289 0.088721
v 1.257028 0.400554 0.088721
v 1.124247 -0.875289 0.159694
v 1.124247 0.400554 0.159694
v 1.237168 -0.875289 0.112921
v 1.237168 0.400554 0.112921
v 1.063135 -0.875289 0.147538
v 1.063135 0.400554 0.147538
v 1.280873 -0.875289 0.031155
v 1.280873 0.400554 0.031155
v 1.185359 -0.875289 0.147538
v 1.185359 0.400554 0.147538
v 1.155402 -0.875289 0.156626
v 1.155402 0.400554 0.156626
v 1.011326 -0.875289 0.112921
v 1.011326 0.400554 0.112921
v 0.967621 -0.875289 0.031155
v 0.967621 0.400554 0.031155
v 1.035526 -0.875289 0.132781
v 1.035526 0.400554 0.132781
v 0.991466 -0.875289 0.088721
v 0.991466 0.400554 0.088721
v 0.976709 -0.875289 -0.061112
v 0.976709 0.400554 -0.061112
v 1.011326 -0.875289 -0.112921
v 1.011326 0.400554 -0.112921
v 0.967621 -0.875289 -0.031155
v 0.967621 0.400554 -0.031155
v 0.976709 -0.875289 0.061112
v 0.976709 0.400554 0.061112
v 1.035526 -0.875289 -0.132781
v 1.035526 0.400554 -0.132781
v 0.991466 -0.875289 -0.088721
v 0.991466 0.400554 -0.088721
v 1.093092 -0.875289 0.156626
v 1.093092 0.400554 0.156626
v 1.124247 0.400552 -0.159694
v 1.124247 -0.875290 -0.159694
v 1.093092 -0.875289 -0.156626
v 1.093092 0.400554 -0.156626
v 1.063135 -0.875289 -0.147538
v 1.063135 0.400554 -0.147538
v 1.093092 -0.962905 0.156626
v 1.093092 0.488169 0.156626
v 1.035526 -0.962905 -0.132781
v 1.035526 0.488169 -0.132781
v 1.063135 -0.962905 -0.147538
v 1.063135 0.488169 -0.147538
v 1.124247 0.488169 -0.159694
v 1.124247 -0.962905 -0.159694
v 1.093092 -0.962905 -0.156626
v 1.093092 0.488169 -0.156626
v 0.991466 -0.962905 -0.088721
v 0.991466 0.488169 -0.088721
v 0.964553 -0.962905 -0.000000
v 0.964553 0.488169 -0.000000
v 0.976709 -0.962905 -0.061112
v 0.976709 0.488169 -0.061112
v 0.967621 -0.962905 -0.031155
v 0.967621 0.488169 -0.031155
v 1.011326 -0.962905 -0.112921
v 1.011326 0.488169 -0.112921
v 0.976709 -0.962905 0.061112
v 0.976709 0.488169 0.061112
v 0.991466 -0.962905 0.088721
v 0.991466 0.488169 0.088721
v 1.155402 -0.962905 0.156626
v 1.155402 0.488169 0.156626
v 0.967621 -0.962905 0.031155
v 0.967621 0.488169 0.031155
v 1.011326 -0.962905 0.112921
v 1.011326 0.488169 0.112921
v 1.035526 -0.962905 0.132781
v 1.035526 0.488169 0.132781
v 1.185359 -0.962905 0.147538
v 1.185359 0.488169 0.147538
v 1.124247 -0.962905 0.159694
v 1.124247 0.488169 0.159694
v 1.063135 -0.962905 0.147538
v 1.063135 0.488169 0.147538
v 1.237168 -0.962905 0.112921
v 1.237168 0.488169 0.112921
v 1.280873 -0.962905 0.031155
v 1.280873 0.488169 0.031155
v 1.257028 -0.962905 0.088721
v 1.257028 0.488169 0.088721
v 1.212968 -0.962905 0.132781
v 1.212968 0.488169 0.132781
v 1.271785 -0.962905 0.061112
v 1.271785 0.488169 0.061112
v 1.280873 -0.962905 -0.031155
v 1.280873 0.488169 -0.031155
v 1.237168 -0.962905 -0.112921
v 1.237168 0.488169 -0.112921
v 1.271785 -0.962905 -0.061112
v 1.271785 0.488169 -0.061112
v 1.283941 -0.962905 0.000000
v 1.283941 0.488169 0.000000
v 1.257028 -0.962905 -0.088721
v 1.257028 0.488169 -0.088721
v 1.185359 -0.962905 -0.147538
v 1.185359 0.488169 -0.147538
v 1.212968 -0.962905 -0.132781
v 1.212968 0.488169 -0.132781
v 1.155402 -0.962905 -0.156626
v 1.155402 0.488169 -0.156626
v 1.212968 -0.999523 -0.132781
v 1.212968 0.524787 -0.132781
v 1.155402 -0.999523 -0.156626
v 1.155402 0.524787 -0.156626
v 1.185359 -0.999523 -0.147538
v 1.185359 0.524787 -0.147538
v 1.237168 -0.999523 -0.112921
v 1.237168 0.524787 -0.112921
v 1.283941 -0.999523 0.000000
v 1.283941 0.524787 0.000000
v 1.271785 -0.999523 -0.061112
v 1.271785 0.524787 -0.061112
v 1.257028 -0.999523 -0.088721
v 1.257028 0.524787 -0.088721
v 1.280873 -0.999523 -0.031155
v 1.280873 0.524787 -0.031155
v 1.280873 -0.999523 0.031155
v 1.280873 0.524787 0.031155
v 1.212968 -0.999523 0.132781
v 1.212968 0.524787 0.132781
v 1.257028 -0.999523 0.088721
v 1.257028 0.524787 0.088721
v 1.271785 -0.999523 0.061112
v 1.271785 0.524787 0.061112
v 1.237168 -0.999523 0.112921
v 1.237168 0.524787 0.112921
v 1.185359 -0.999523 0.147538
v 1.185359 0.524787 0.147538
v 1.063135 -0.999523 0.147538
v 1.063135 0.524787 0.147538
v 1.124247 -0.999523 0.159694
v 1.124247 0.524787 0.159694
v 1.155402 -0.999523 0.156626
v 1.155402 0.524787 0.156626
v 1.093092 -0.999523 0.156626
v 1.093092 0.524787 0.156626
v 1.035526 -0.999523 0.132781
v 1.035526 0.524787 0.132781
v 0.967621 -0.999523 0.031155
v 0.967621 0.524787 0.031155
v 0.991466 -0.999523 0.088721
v 0.991466 0.524787 0.088721
v 1.011326 -0.999523 0.112921
v 1.011326 0.524787 0.112921
v 0.976709 -0.999523 0.061112
v 0.976709 0.524787 0.061112
v 0.964553 -0.999523 -0.000000
v 0.964553 0.524787 -0.000000
v 1.011326 -0.999523 -0.112921
v 1.011326 0.524787 -0.112921
v 0.976709 -0.999523 -0.061112
v 0.976709 0.524787 -0.061112
v 0.967621 -0.999523 -0.031155
v 0.967621 0.524787 -0.031155
v 0.991466 -0.999523 -0.088721
v 0.991466 0.524787 -0.088721
v 1.035526 -0.999523 -0.132781
v 1.035526 0.524787 -0.132781
v 1.093092 -0.999523 -0.156626
v 1.093092 0.524787 -0.156626
v 1.063135 -0.999523 -0.147538
v 1.063135 0.524787 -0.147538
v 1.124247 0.524787 -0.159694
v 1.124247 -0.999523 -0.159694
v 1.124247 0.556199 -0.159694
v 1.124247 -1.030934 -0.159694
v 1.093092 -1.030934 -0.156626
v 1.093092 0.556199 -0.156626
v 1.063135 -1.030934 -0.147538
v 1.063135 0.556199 -0.147538
v 1.035526 -1.030934 -0.132781
v 1.035526 0.556199 -0.132781
v 1.011326 -1.030934 -0.112921
v 1.011326 0.556199 -0.112921
v 0.991466 -1.030934 -0.088721
v 0.991466 0.556199 -0.088721
v 0.976709 -1.030934 -0.061112
v 0.976709 0.556199 -0.061112
v 0.967621 -1.030934 -0.031155
v 0.967621 0.556199 -0.031155
v 0.964553 -1.030934 -0.000000
v 0.964553 0.556199 -0.000000
v 0.967621 -1.030934 0.031155
v 0.967621 0.556199 0.031155
v 0.976709 -1.030934 0.061112
v 0.976709 0.556199 0.061112
v 0.991466 -1.030934 0.088721
v 0.991466 0.556199 0.088721
v 1.011326 -1.030934 0.112921
v 1.011326 0.556199 0.112921
v 1.035526 -1.030934 0.132781
v 1.035526 0.556199 0.132781
v 1.063135 -1.030934 0.147538
v 1.063135 0.556199 0.147538
v 1.093092 -1.030934 0.156626
v 1.093092 0.556199 0.156626
v 1.124247 -1.030934 0.159694
v 1.124247 0.556199 0.159694
v 1.155402 -1.030934 0.156626
v 1.155402 0.556199 0.156626
v 1.185359 -1.030934 0.147538
v 1.185359 0.556199 0.147538
v 1.212968 -1.030934 0.132781
v 1.212968 0.556199 0.132781
v 1.237168 -1.030934 0.112921
v 1.237168 0.556199 0.112921
v 1.257028 -1.030934 0.088721
v 1.257028 0.556199 0.088721
v 1.271785 -1.030934 0.061112
v 1.271785 0.556199 0.061112
v 1.280873 -1.030934 0.031155
v 1.280873 0.556199 0.031155
v 1.283941 -1.030934 0.000000
v 1.283941 0.556199 0.000000
v 1.280873 -1.030934 -0.031155
v 1.280873 0.556199 -0.031155
v 1.271785 -1.030934 -0.061112
v 1.271785 0.556199 -0.061112
v 1.257028 -1.030934 -0.088721
v 1.257028 0.556199 -0.088721
v 1.237168 -1.030934 -0.112921
v 1.237168 0.556199 -0.112921
v 1.212968 -1.030934 -0.132781
v 1.212968 0.556199 -0.132781
v 1.185359 -1.030934 -0.147538
v 1.185359 0.556199 -0.147538
v 1.155402 -1.030934 -0.156626
v 1.155402 0.556199 -0.156626
v 1.686371 0.773328 -0.129456
v 1.711626 0.773328 -0.126968
v 1.735911 0.773328 -0.119601
v 1.758292 0.773328 -0.107638
v 1.777910 0.773328 -0.091539
v 1.794009 0.773328 -0.071922
v 1.805972 0.773328 -0.049541
v 1.813339 0.773328 -0.025256
v 1.815826 0.773328 0.000000
v 1.813339 0.773328 0.025256
v 1.805972 0.773328 0.049541
v 1.794009 0.773328 0.071922
v 1.777910 0.773328 0.091539
v 1.758292 0.773328 0.107638
v 1.735911 0.773328 0.119601
v 1.711626 0.773328 0.126968
v 1.686371 0.773328 0.129456
v 1.661115 0.773328 0.126968
v 1.636830 0.773328 0.119601
v 1.614449 0.773328 0.107638
v 1.594832 0.773328 0.091539
v 1.578732 0.773328 0.071922
v 1.566769 0.773328 0.049541
v 1.559402 0.773328 0.025256
v 1.556915 0.773328 -0.000000
v 1.559402 0.773328 -0.025256
v 1.566769 0.773328 -0.049541
v 1.578732 0.773328 -0.071922
v 1.594832 0.773328 -0.091539
v 1.614449 0.773328 -0.107638
v 1.636830 0.773328 -0.119601
v 1.661115 0.773328 -0.126968
v 1.686371 0.669443 -0.159694
v 1.717525 0.669443 -0.156626
v 1.747483 0.669443 -0.147538
v 1.775092 0.669443 -0.132781
v 1.799291 0.669443 -0.112921
v 1.819152 0.669443 -0.088721
v 1.833909 0.669443 -0.061112
v 1.842996 0.669443 -0.031155
v 1.846065 0.669443 0.000000
v 1.842996 0.669443 0.031155
v 1.833909 0.669443 0.061112
v 1.819152 0.669443 0.088721
v 1.799291 0.669443 0.112921
v 1.775092 0.669443 0.132781
v 1.747483 0.669443 0.147538
v 1.717525 0.669443 0.156626
v 1.686371 0.669443 0.159694
v 1.655216 0.669443 0.156626
v 1.625258 0.669443 0.147538
v 1.597649 0.669443 0.132781
v 1.573450 0.669443 0.112921
v 1.553590 0.669443 0.088721
v 1.538832 0.669443 0.061112
v 1.529745 0.669443 0.031155
v 1.526676 0.669443 -0.000000
v 1.529745 0.669443 -0.031155
v 1.538832 0.669443 -0.061112
v 1.553590 0.669443 -0.088721
v 1.573450 0.669443 -0.112921
v 1.597649 0.669443 -0.132781
v 1.625258 0.669443 -0.147538
v 1.655216 0.669443 -0.156626
v 1.717525 -1.144179 -0.156626
v 1.747483 -1.144179 -0.147538
v 1.775092 -1.144179 -0.132781
v 1.799291 -1.144179 -0.112921
v 1.819152 -1.144179 -0.088721
v 1.833909 -1.144179 -0.061112
v 1.842996 -1.144179 -0.031155
v 1.846065 -1.144179 0.000000
v 1.842996 -1.144179 0.031155
v 1.833909 -1.144179 0.061112
v 1.819152 -1.144179 0.088721
v 1.799291 -1.144179 0.112921
v 1.775092 -1.144179 0.132781
v 1.747483 -1.144179 0.147538
v 1.717525 -1.144179 0.156626
v 1.686371 -1.144179 0.159694
v 1.655216 -1.144179 0.156626
v 1.625258 -1.144179 0.147538
v 1.597649 -1.144179 0.132781
v 1.573450 -1.144179 0.112921
v 1.553590 -1.144179 0.088721
v 1.538832 -1.144179 0.061112
v 1.529745 -1.144179 0.031155
v 1.526676 -1.144179 -0.000000
v 1.529745 -1.144179 -0.031155
v 1.538832 -1.144179 -0.061112
v 1.553590 -1.144179 -0.088721
v 1.573450 -1.144179 -0.112921
v 1.597649 -1.144179 -0.132781
v 1.625258 -1.144179 -0.147538
v 1.655216 -1.144179 -0.156626
v 1.686371 -1.144179 -0.159694
v 1.689577 1.172084 -0.016121
v 1.692671 1.159765 -0.031674
v 1.691515 1.168476 -0.025861
v 1.686371 1.159765 -0.032295
v 1.686371 1.172084 -0.016437
v 1.686371 1.168476 -0.026367
v 1.692661 1.172084 -0.015186
v 1.698729 1.159765 -0.029836
v 1.696461 1.168476 -0.024360
v 1.695503 1.172084 -0.013667
v 1.704312 1.159765 -0.026852
v 1.701019 1.168476 -0.021923
v 1.697994 1.172084 -0.011623
v 1.709206 1.159765 -0.022836
v 1.705015 1.168476 -0.018644
v 1.700038 1.172084 -0.009132
v 1.713223 1.159765 -0.017942
v 1.708294 1.168476 -0.014649
v 1.701557 1.172084 -0.006290
v 1.716207 1.159765 -0.012359
v 1.710731 1.168476 -0.010090
v 1.702492 1.172084 -0.003207
v 1.718045 1.159765 -0.006300
v 1.712231 1.168476 -0.005144
v 1.702808 1.172084 0.000000
v 1.718665 1.159765 0.000000
v 1.712738 1.168476 0.000000
v 1.702492 1.172084 0.003207
v 1.718045 1.159765 0.006300
v 1.712231 1.168476 0.005144
v 1.701557 1.172084 0.006290
v 1.716207 1.159765 0.012359
v 1.710731 1.168476 0.010090
v 1.700038 1.172084 0.009132
v 1.713223 1.159765 0.017942
v 1.708294 1.168476 0.014649
v 1.697994 1.172084 0.011623
v 1.709206 1.159765 0.022836
v 1.705015 1.168476 0.018644
v 1.695503 1.172084 0.013667
v 1.704312 1.159765 0.026852
v 1.701019 1.168476 0.021923
v 1.692661 1.172084 0.015186
v 1.698729 1.159765 0.029836
v 1.696461 1.168476 0.024360
v 1.689577 1.172084 0.016121
v 1.692671 1.159765 0.031674
v 1.691515 1.168476 0.025861
v 1.686371 1.172084 0.016437
v 1.686371 1.159765 0.032295
v 1.686371 1.168476 0.026367
v 1.683164 1.172084 0.016121
v 1.680070 1.159765 0.031674
v 1.681227 1.168476 0.025861
v 1.680080 1.172084 0.015186
v 1.674012 1.159765 0.029836
v 1.676280 1.168476 0.024360
v 1.677238 1.172084 0.013667
v 1.668429 1.159765 0.026852
v 1.671722 1.168476 0.021923
v 1.674748 1.172084 0.011623
v 1.663535 1.159765 0.022836
v 1.667726 1.168476 0.018644
v 1.672704 1.172084 0.009132
v 1.659519 1.159765 0.017942
v 1.664447 1.168476 0.014649
v 1.671185 1.172084 0.006290
v 1.656534 1.159765 0.012359
v 1.662011 1.168476 0.010090
v 1.670249 1.172084 0.003207
v 1.654697 1.159765 0.006300
v 1.660510 1.168476 0.005144
v 1.669933 1.172084 0.000000
v 1.654076 1.159765 0.000000
v 1.660003 1.168476 0.000000
v 1.670249 1.172084 -0.003207
v 1.654697 1.159765 -0.006300
v 1.660510 1.168476 -0.005144
v 1.671185 1.172084 -0.006290
v 1.656534 1.159765 -0.012359
v 1.662011 1.168476 -0.010090
v 1.672704 1.172084 -0.009132
v 1.659519 1.159765 -0.017942
v 1.664447 1.168476 -0.014649
v 1.674748 1.172084 -0.011623
v 1.663535 1.159765 -0.022836
v 1.667726 1.168476 -0.018644
v 1.677238 1.172084 -0.013667
v 1.668429 1.159765 -0.026852
v 1.671722 1.168476 -0.021923
v 1.680080 1.172084 -0.015186
v 1.674012 1.159765 -0.029836
v 1.676280 1.168476 -0.024360
v 1.683164 1.172084 -0.016121
v 1.680070 1.159765 -0.031674
v 1.681227 1.168476 -0.025861
v 1.716759 0.773328 -0.152775
v 1.717525 0.769420 -0.156626
v 1.717301 0.772183 -0.155498
v 1.686371 0.769420 -0.159694
v 1.686371 0.773328 -0.155768
v 1.686371 0.772183 -0.158544
v 1.745980 0.773328 -0.143911
v 1.747483 0.769420 -0.147538
v 1.747043 0.772183 -0.146476
v 1.772911 0.773328 -0.129516
v 1.775092 0.769420 -0.132781
v 1.774453 0.772183 -0.131825
v 1.796515 0.773328 -0.110144
v 1.799291 0.769420 -0.112921
v 1.798478 0.772183 -0.112108
v 1.815887 0.773328 -0.086540
v 1.819152 0.769420 -0.088721
v 1.818195 0.772183 -0.088082
v 1.830281 0.773328 -0.059610
v 1.833909 0.769420 -0.061112
v 1.832846 0.772183 -0.060672
v 1.839145 0.773328 -0.030389
v 1.842996 0.769420 -0.031155
v 1.841868 0.772183 -0.030930
v 1.842138 0.773328 0.000000
v 1.846065 0.769420 0.000000
v 1.844915 0.772183 0.000000
v 1.839145 0.773328 0.030389
v 1.842996 0.769420 0.031155
v 1.841868 0.772183 0.030930
v 1.830281 0.773328 0.059610
v 1.833909 0.769420 0.061112
v 1.832846 0.772183 0.060672
v 1.815887 0.773328 0.086540
v 1.819152 0.769420 0.088721
v 1.818195 0.772183 0.088082
v 1.796515 0.773328 0.110144
v 1.799291 0.769420 0.112921
v 1.798478 0.772183 0.112108
v 1.772911 0.773328 0.129516
v 1.775092 0.769420 0.132781
v 1.774453 0.772183 0.131825
v 1.745980 0.773328 0.143911
v 1.747483 0.769420 0.147538
v 1.747043 0.772183 0.146476
v 1.716759 0.773328 0.152775
v 1.717525 0.769420 0.156626
v 1.717301 0.772183 0.155498
v 1.686371 0.773328 0.155768
v 1.686371 0.769420 0.159694
v 1.686371 0.772183 0.158544
v 1.655982 0.773328 0.152775
v 1.655216 0.769420 0.156626
v 1.655440 0.772183 0.155498
v 1.626761 0.773328 0.143911
v 1.625258 0.769420 0.147538
v 1.625698 0.772183 0.146476
v 1.599831 0.773328 0.129516
v 1.597649 0.769420 0.132781
v 1.598288 0.772183 0.131825
v 1.576226 0.773328 0.110144
v 1.573450 0.769420 0.112921
v 1.574263 0.772183 0.112108
v 1.556854 0.773328 0.086540
v 1.553590 0.769420 0.088721
v 1.554546 0.772183 0.088082
v 1.542460 0.773328 0.059610
v 1.538832 0.769420 0.061112
v 1.539895 0.772183 0.060672
v 1.533596 0.773328 0.030389
v 1.529745 0.769420 0.031155
v 1.530873 0.772183 0.030930
v 1.530603 0.773328 -0.000000
v 1.526676 0.769420 -0.000000
v 1.527826 0.772183 -0.000000
v 1.533596 0.773328 -0.030389
v 1.529745 0.769420 -0.031155
v 1.530873 0.772183 -0.030930
v 1.542460 0.773328 -0.059610
v 1.538832 0.769420 -0.061112
v 1.539895 0.772183 -0.060672
v 1.556854 0.773328 -0.086540
v 1.553590 0.769420 -0.088721
v 1.554546 0.772183 -0.088082
v 1.576226 0.773328 -0.110144
v 1.573450 0.769420 -0.112921
v 1.574263 0.772183 -0.112108
v 1.599831 0.773328 -0.129516
v 1.597649 0.769420 -0.132781
v 1.598288 0.772183 -0.131825
v 1.626761 0.773328 -0.143911
v 1.625258 0.769420 -0.147538
v 1.625698 0.772183 -0.146476
v 1.655982 0.773328 -0.152775
v 1.655216 0.769420 -0.156626
v 1.655440 0.772183 -0.155498
v 1.686371 -1.252416 -0.155282
v 1.686371 -1.248025 -0.159694
v 1.686371 -1.251130 -0.158402
v 1.716665 -1.252416 -0.152299
v 1.717525 -1.248025 -0.156626
v 1.717273 -1.251130 -0.155358
v 1.745795 -1.252416 -0.143462
v 1.747483 -1.248025 -0.147538
v 1.746988 -1.251130 -0.146344
v 1.772641 -1.252416 -0.129112
v 1.775092 -1.248025 -0.132781
v 1.774374 -1.251130 -0.131706
v 1.796172 -1.252416 -0.109801
v 1.799291 -1.248025 -0.112921
v 1.798378 -1.251130 -0.112007
v 1.815483 -1.252416 -0.086270
v 1.819152 -1.248025 -0.088721
v 1.818077 -1.251130 -0.088003
v 1.829833 -1.252416 -0.059424
v 1.833909 -1.248025 -0.061112
v 1.832715 -1.251130 -0.060618
v 1.838669 -1.252416 -0.030294
v 1.842996 -1.248025 -0.031155
v 1.841729 -1.251130 -0.030903
v 1.841653 -1.252416 0.000000
v 1.846065 -1.248025 0.000000
v 1.844773 -1.251130 0.000000
v 1.838669 -1.252416 0.030294
v 1.842996 -1.248025 0.031155
v 1.841729 -1.251130 0.030903
v 1.829833 -1.252416 0.059424
v 1.833909 -1.248025 0.061112
v 1.832715 -1.251130 0.060618
v 1.815483 -1.252416 0.086270
v 1.819152 -1.248025 0.088721
v 1.818077 -1.251130 0.088003
v 1.796172 -1.252416 0.109801
v 1.799291 -1.248025 0.112921
v 1.798378 -1.251130 0.112007
v 1.772641 -1.252416 0.129112
v 1.775092 -1.248025 0.132781
v 1.774374 -1.251130 0.131706
v 1.745795 -1.252416 0.143462
v 1.747483 -1.248025 0.147538
v 1.746988 -1.251130 0.146344
v 1.716665 -1.252416 0.152299
v 1.717525 -1.248025 0.156626
v 1.717273 -1.251130 0.155358
v 1.686371 -1.252416 0.155282
v 1.686371 -1.248025 0.159694
v 1.686371 -1.251130 0.158402
v 1.656077 -1.252416 0.152299
v 1.655216 -1.248025 0.156626
v 1.655468 -1.251130 0.155358
v 1.626947 -1.252416 0.143462
v 1.625258 -1.248025 0.147538
v 1.625753 -1.251130 0.146344
v 1.600100 -1.252416 0.129112
v 1.597649 -1.248025 0.132781
v 1.598367 -1.251130 0.131706
v 1.576569 -1.252416 0.109801
v 1.573450 -1.248025 0.112921
v 1.574363 -1.251130 0.112007
v 1.557258 -1.252416 0.086270
v 1.553590 -1.248025 0.088721
v 1.554664 -1.251130 0.088003
v 1.542909 -1.252416 0.059424
v 1.538832 -1.248025 0.061112
v 1.540026 -1.251130 0.060618
v 1.534072 -1.252416 0.030294
v 1.529745 -1.248025 0.031155
v 1.531012 -1.251130 0.030903
v 1.531088 -1.252416 -0.000000
v 1.526676 -1.248025 -0.000000
v 1.527969 -1.251130 -0.000000
v 1.534072 -1.252416 -0.030294
v 1.529745 -1.248025 -0.031155
v 1.531012 -1.251130 -0.030903
v 1.542909 -1.252416 -0.059424
v 1.538832 -1.248025 -0.061112
v 1.540026 -1.251130 -0.060618
v 1.557258 -1.252416 -0.086270
v 1.553590 -1.248025 -0.088721
v 1.554664 -1.251130 -0.088003
v 1.576569 -1.252416 -0.109801
v 1.573450 -1.248025 -0.112921
v 1.574363 -1.251130 -0.112007
v 1.600100 -1.252416 -0.129112
v 1.597649 -1.248025 -0.132781
v 1.598367 -1.251130 -0.131706
v 1.626947 -1.252416 -0.143462
v 1.625258 -1.248025 -0.147538
v 1.625753 -1.251130 -0.146344
v 1.656077 -1.252416 -0.152299
v 1.655216 -1.248025 -0.156626
v 1.655468 -1.251130 -0.155358
v 1.526676 -0.875289 -0.000000
v 1.526676 0.400554 -0.000000
v 1.717525 -0.875289 -0.156626
v 1.717525 0.400554 -0.156626
v 1.846065 -0.875289 0.000000
v 1.846065 0.400554 0.000000
v 1.747483 -0.875289 -0.147538
v 1.747483 0.400554 -0.147538
v 1.819152 -0.875289 -0.088721
v 1.819152 0.400554 -0.088721
v 1.775092 -0.875289 -0.132781
v 1.775092 0.400554 -0.132781
v 1.833909 -0.875289 -0.061112
v 1.833909 0.400554 -0.061112
v 1.775092 -0.875289 0.132781
v 1.775092 0.400554 0.132781
v 1.842996 -0.875289 -0.031155
v 1.842996 0.400554 -0.031155
v 1.833909 -0.875289 0.061112
v 1.833909 0.400554 0.061112
v 1.799291 -0.875289 -0.112921
v 1.799291 0.400554 -0.112921
v 1.819152 -0.875289 0.088721
v 1.819152 0.400554 0.088721
v 1.686371 -0.875289 0.159694
v 1.686371 0.400554 0.159694
v 1.799291 -0.875289 0.112921
v 1.799291 0.400554 0.112921
v 1.625258 -0.875289 0.147538
v 1.625258 0.400554 0.147538
v 1.842996 -0.875289 0.031155
v 1.842996 0.400554 0.031155
v 1.747483 -0.875289 0.147538
v 1.747483 0.400554 0.147538
v 1.717525 -0.875289 0.156626
v 1.717525 0.400554 0.156626
v 1.573450 -0.875289 0.112921
v 1.573450 0.400554 0.112921
v 1.529745 -0.875289 0.031155
v 1.529745 0.400554 0.031155
v 1.597649 -0.875289 0.132781
v 1.597649 0.400554 0.132781
v 1.553590 -0.875289 0.088721
v 1.553590 0.400554 0.088721
v 1.538832 -0.875289 -0.061112
v 1.538832 0.400554 -0.061112
v 1.573450 -0.875289 -0.112921
v 1.573450 0.400554 -0.112921
v 1.529745 -0.875289 -0.031155
v 1.529745 0.400554 -0.031155
v 1.538832 -0.875289 0.061112
v 1.538832 0.400554 0.061112
v 1.597649 -0.875289 -0.132781
v 1.597649 0.400554 -0.132781
v 1.553590 -0.875289 -0.088721
v 1.553590 0.400554 -0.088721
v 1.655216 -0.875289 0.156626
v 1.655216 0.400554 0.156626
v 1.686371 0.400552 -0.159694
v 1.686371 -0.875290 -0.159694
v 1.655216 -0.875289 -0.156626
v 1.655216 0.400554 -0.156626
v 1.625258 -0.875289 -0.147538
v 1.625258 0.400554 -0.147538
v 1.655216 -0.962905 0.156626
v 1.655216 0.488169 0.156626
v 1.597649 -0.962905 -0.132781
v 1.597649 0.488169 -0.132781
v 1.625258 -0.962905 -0.147538
v 1.625258 0.488169 -0.147538
v 1.686371 0.488169 -0.159694
v 1.686371 -0.962905 -0.159694
v 1.655216 -0.962905 -0.156626
v 1.655216 0.488169 -0.156626
v 1.553590 -0.962905 -0.088721
v 1.553590 0.488169 -0.088721
v 1.526676 -0.962905 -0.000000
v 1.526676 0.488169 -0.000000
v 1.538832 -0.962905 -0.061112
v 1.538832 0.488169 -0.061112
v 1.529745 -0.962905 -0.031155
v 1.529745 0.488169 -0.031155
v 1.573450 -0.962905 -0.112921
v 1.573450 0.488169 -0.112921
v 1.538832 -0.962905 0.061112
v 1.538832 0.488169 0.061112
v 1.553590 -0.962905 0.088721
v 1.553590 0.488169 0.088721
v 1.717525 -0.962905 0.156626
v 1.717525 0.488169 0.156626
v 1.529745 -0.962905 0.031155
v 1.529745 0.488169 0.031155
v 1.573450 -0.962905 0.112921
v 1.573450 0.488169 0.112921
v 1.597649 -0.962905 0.132781
v 1.597649 0.488169 0.132781
v 1.747483 -0.962905 0.147538
v 1.747483 0.488169 0.147538
v 1.686371 -0.962905 0.159694
v 1.686371 0.488169 0.159694
v 1.625258 -0.962905 0.147538
v 1.625258 0.488169 0.147538
v 1.799291 -0.962905 0.112921
v 1.799291 0.488169 0.112921
v 1.842996 -0.962905 0.031155
v 1.842996 0.488169 0.031155
v 1.819152 -0.962905 0.088721
v 1.819152 0.488169 0.088721
v 1.775092 -0.962905 0.132781
v 1.775092 0.488169 0.132781
v 1.833909 -0.962905 0.061112
v 1.833909 0.488169 0.061112
v 1.842996 -0.962905 -0.031155
v 1.842996 0.488169 -0.031155
v 1.799291 -0.962905 -0.112921
v 1.799291 0.488169 -0.112921
v 1.833909 -0.962905 -0.061112
v 1.833909 0.488169 -0.061112
v 1.846065 -0.962905 0.000000
v 1.846065 0.488169 0.000000
v 1.819152 -0.962905 -0.088721
v 1.819152 0.488169 -0.088721
v 1.747483 -0.962905 -0.147538
v 1.747483 0.488169 -0.147538
v 1.775092 -0.962905 -0.132781
v 1.775092 0.488169 -0.132781
v 1.717525 -0.962905 -0.156626
v 1.717525 0.488169 -0.156626
v 1.775092 -0.999523 -0.132781
v 1.775092 0.524787 -0.132781
v 1.717525 -0.999523 -0.156626
v 1.717525 0.524787 -0.156626
v 1.747483 -0.999523 -0.147538
v 1.747483 0.524787 -0.147538
v 1.799291 -0.999523 -0.112921
v 1.799291 0.524787 -0.112921
v 1.846065 -0.999523 0.000000
v 1.846065 0.524787 0.000000
v 1.833909 -0.999523 -0.061112
v 1.833909 0.524787 -0.061112
v 1.819152 -0.999523 -0.088721
v 1.819152 0.524787 -0.088721
v 1.842996 -0.999523 -0.031155
v 1.842996 0.524787 -0.031155
v 1.842996 -0.999523 0.031155
v 1.842996 0.524787 0.031155
v 1.775092 -0.999523 0.132781
v 1.775092 0.524787 0.132781
v 1.819152 -0.999523 0.088721
v 1.819152 0.524787 0.088721
v 1.833909 -0.999523 0.061112
v 1.833909 0.524787 0.061112
v 1.799291 -0.999523 0.112921
v 1.799291 0.524787 0.112921
v 1.747483 -0.999523 0.147538
v 1.747483 0.524787 0.147538
v 1.625258 -0.999523 0.147538
v 1.625258 0.524787 0.147538
v 1.686371 -0.999523 0.159694
v 1.686371 0.524787 0.159694
v 1.717525 -0.999523 0.156626
v 1.717525 0.524787 0.156626
v 1.655216 -0.999523 0.156626
v 1.655216 0.524787 0.156626
v 1.597649 -0.999523 0.132781
v 1.597649 0.524787 0.132781
v 1.529745 -0.999523 0.031155
v 1.529745 0.524787 0.031155
v 1.553590 -0.999523 0.088721
v 1.553590 0.524787 0.088721
v 1.573450 -0.999523 0.112921
v 1.573450 0.524787 0.112921
v 1.538832 -0.999523 0.061112
v 1.538832 0.524787 0.061112
v 1.526676 -0.999523 -0.000000
v 1.526676 0.524787 -0.000000
v 1.573450 -0.999523 -0.112921
v 1.573450 0.524787 -0.112921
v 1.538832 -0.999523 -0.061112
v 1.538832 0.524787 -0.061112
v 1.529745 -0.999523 -0.031155
v 1.529745 0.524787 -0.031155
v 1.553590 -0.999523 -0.088721
v 1.553590 0.524787 -0.088721
v 1.597649 -0.999523 -0.132781
v 1.597649 0.524787 -0.132781
v 1.655216 -0.999523 -0.156626
v 1.655216 0.524787 -0.156626
v 1.625258 -0.999523 -0.147538
v 1.625258 0.524787 -0.147538
v 1.686371 0.524787 -0.159694
v 1.686371 -0.999523 -0.159694
v 1.686371 0.556199 -0.159694
v 1.686371 -1.030934 -0.159694
v 1.655216 -1.030934 -0.156626
v 1.655216 0.556199 -0.156626
v 1.625258 -1.030934 -0.147538
v 1.625258 0.556199 -0.147538
v 1.597649 -1.030934 -0.132781
v 1.597649 0.556199 -0.132781
v 1.573450 -1.030934 -0.112921
v 1.573450 0.556199 -0.112921
v 1.553590 -1.030934 -0.088721
v 1.553590 0.556199 -0.088721
v 1.538832 -1.030934 -0.061112
v 1.538832 0.556199 -0.061112
v 1.529745 -1.030934 -0.031155
v 1.529745 0.556199 -0.031155
v 1.526676 -1.030934 -0.000000
v 1.526676 0.556199 -0.000000
v 1.529745 -1.030934 0.031155
v 1.529745 0.556199 0.031155
v 1.538832 -1.030934 0.061112
v 1.538832 0.556199 0.061112
v 1.553590 -1.030934 0.088721
v 1.553590 0.556199 0.088721
v 1.573450 -1.030934 0.112921
v 1.573450 0.556199 0.112921
v 1.597649 -1.030934 0.132781
v 1.597649 0.556199 0.132781
v 1.625258 -1.030934 0.147538
v 1.625258 0.556199 0.147538
v 1.655216 -1.030934 0.156626
v 1.655216 0.556199 0.156626
v 1.686371 -1.030934 0.159694
v 1.686371 0.556199 0.159694
v 1.717525 -1.030934 0.156626
v 1.717525 0.556199 0.156626
v 1.747483 -1.030934 0.147538
v 1.747483 0.556199 0.147538
v 1.775092 -1.030934 0.132781
v 1.775092 0.556199 0.132781
v 1.799291 -1.030934 0.112921
v 1.799291 0.556199 0.112921
v 1.819152 -1.030934 0.088721
v 1.819152 0.556199 0.088721
v 1.833909 -1.030934 0.061112
v 1.833909 0.556199 0.061112
v 1.842996 -1.030934 0.031155
v 1.842996 0.556199 0.031155
v 1.846065 -1.030934 0.000000
v 1.846065 0.556199 0.000000
v 1.842996 -1.030934 -0.031155
v 1.842996 0.556199 -0.031155
v 1.833909 -1.030934 -0.061112
v 1.833909 0.556199 -0.061112
v 1.819152 -1.030934 -0.088721
v 1.819152 0.556199 -0.088721
v 1.799291 -1.030934 -0.112921
v 1.799291 0.556199 -0.112921
v 1.775092 -1.030934 -0.132781
v 1.775092 0.556199 -0.132781
v 1.747483 -1.030934 -0.147538
v 1.747483 0.556199 -0.147538
v 1.717525 -1.030934 -0.156626
v 1.717525 0.556199 -0.156626
v 2.248494 0.773328 -0.129456
v 2.273750 0.773328 -0.126968
v 2.298035 0.773328 -0.119601
v 2.320416 0.773328 -0.107638
v 2.340033 0.773328 -0.091539
v 2.356133 0.773328 -0.071922
v 2.368095 0.773328 -0.049541
v 2.375462 0.773328 -0.025256
v 2.377950 0.773328 0.000000
v 2.375462 0.773328 0.025256
v 2.368096 0.773328 0.049541
v 2.356133 0.773328 0.071922
v 2.340033 0.773328 0.091539
v 2.320416 0.773328 0.107638
v 2.298035 0.773328 0.119601
v 2.273750 0.773328 0.126968
v 2.248494 0.773328 0.129456
v 2.223239 0.773328 0.126968
v 2.198954 0.773328 0.119601
v 2.176573 0.773328 0.107638
v 2.156955 0.773328 0.091539
v 2.140856 0.773328 0.071922
v 2.128893 0.773328 0.049541
v 2.121526 0.773328 0.025256
v 2.119039 0.773328 -0.000000
v 2.121526 0.773328 -0.025256
v 2.128893 0.773328 -0.049541
v 2.140856 0.773328 -0.071922
v 2.156955 0.773328 -0.091539
v 2.176573 0.773328 -0.107638
v 2.198954 0.773328 -0.119601
v 2.223239 0.773328 -0.126968
v 2.248494 0.669443 -0.159694
v 2.279649 0.669443 -0.156626
v 2.309607 0.669443 -0.147538
v 2.337215 0.669443 -0.132781
v 2.361415 0.669443 -0.112921
v 2.381275 0.669443 -0.088721
v 2.396032 0.669443 -0.061112
v 2.405120 0.669443 -0.031155
v 2.408188 0.669443 0.000000
v 2.405120 0.669443 0.031155
v 2.396032 0.669443 0.061112
v 2.381275 0.669443 0.088721
v 2.361415 0.669443 0.112921
v 2.337215 0.669443 0.132781
v 2.309607 0.669443 0.147538
v 2.279649 0.669443 0.156626
v 2.248494 0.669443 0.159694
v 2.217339 0.669443 0.156626
v 2.187382 0.669443 0.147538
v 2.159773 0.669443 0.132781
v 2.135573 0.669443 0.112921
v 2.115713 0.669443 0.088721
v 2.100956 0.669443 0.061112
v 2.091868 0.669443 0.031155
v 2.088800 0.669443 -0.000000
v 2.091868 0.669443 -0.031155
v 2.100956 0.669443 -0.061112
v 2.115713 0.669443 -0.088721
v 2.135573 0.669443 -0.112921
v 2.159773 0.669443 -0.132781
v 2.187382 0.669443 -0.147538
v 2.217339 0.669443 -0.156626
v 2.279649 -1.144179 -0.156626
v 2.309607 -1.144179 -0.147538
v 2.337215 -1.144179 -0.132781
v 2.361415 -1.144179 -0.112921
v 2.381275 -1.144179 -0.088721
v 2.396032 -1.144179 -0.061112
v 2.405120 -1.144179 -0.031155
v 2.408188 -1.144179 0.000000
v 2.405120 -1.144179 0.031155
v 2.396032 -1.144179 0.061112
v 2.381275 -1.144179 0.088721
v 2.361415 -1.144179 0.112921
v 2.337215 -1.144179 0.132781
v 2.309607 -1.144179 0.147538
v 2.279649 -1.144179 0.156626
v 2.248494 -1.144179 0.159694
v 2.217339 -1.144179 0.156626
v 2.187382 -1.144179 0.147538
v 2.159773 -1.144179 0.132781
v 2.135573 -1.144179 0.112921
v 2.115713 -1.144179 0.088721
v 2.100956 -1.144179 0.061112
v 2.091868 -1.144179 0.031155
v 2.088800 -1.144179 -0.000000
v 2.091868 -1.144179 -0.031155
v 2.100956 -1.144179 -0.061112
v 2.115713 -1.144179 -0.088721
v 2.135573 -1.144179 -0.112921
v 2.159773 -1.144179 -0.132781
v 2.187382 -1.144179 -0.147538
v 2.217339 -1.144179 -0.156626
v 2.248494 -1.144179 -0.159694
v 2.251701 1.172084 -0.016121
v 2.254795 1.159765 -0.031674
v 2.253638 1.168476 -0.025861
v 2.248494 1.159765 -0.032295
v 2.248494 1.172084 -0.016437
v 2.248494 1.168476 -0.026367
v 2.254784 1.172084 -0.015186
v 2.260853 1.159765 -0.029836
v 2.258584 1.168476 -0.024360
v 2.257626 1.172084 -0.013667
v 2.266436 1.159765 -0.026852
v 2.263143 1.168476 -0.021923
v 2.260117 1.172084 -0.011623
v 2.271330 1.159765 -0.022836
v 2.267138 1.168476 -0.018644
v 2.262161 1.172084 -0.009132
v 2.275346 1.159765 -0.017942
v 2.270418 1.168476 -0.014649
v 2.263680 1.172084 -0.006290
v 2.278330 1.159765 -0.012359
v 2.272854 1.168476 -0.010090
v 2.264616 1.172084 -0.003207
v 2.280168 1.159765 -0.006300
v 2.274355 1.168476 -0.005144
v 2.264931 1.172084 0.000000
v 2.280789 1.159765 0.000000
v 2.274861 1.168476 0.000000
v 2.264616 1.172084 0.003207
v 2.280168 1.159765 0.006300
v 2.274355 1.168476 0.005144
v 2.263680 1.172084 0.006290
v 2.278330 1.159765 0.012359
v 2.272854 1.168476 0.010090
v 2.262161 1.172084 0.009132
v 2.275346 1.159765 0.017942
v 2.270418 1.168476 0.014649
v 2.260117 1.172084 0.011623
v 2.271330 1.159765 0.022836
v 2.267138 1.168476 0.018644
v 2.257626 1.172084 0.013667
v 2.266436 1.159765 0.026852
v 2.263143 1.168476 0.021923
v 2.254784 1.172084 0.015186
v 2.260853 1.159765 0.029836
v 2.258584 1.168476 0.024360
v 2.251701 1.172084 0.016121
v 2.254795 1.159765 0.031674
v 2.253638 1.168476 0.025861
v 2.248494 1.172084 0.016437
v 2.248494 1.159765 0.032295
v 2.248494 1.168476 0.026367
v 2.245287 1.172084 0.016121
v 2.242194 1.159765 0.031674
v 2.243350 1.168476 0.025861
v 2.242204 1.172084 0.015186
v 2.236135 1.159765 0.029836
v 2.238404 1.168476 0.024360
v 2.239362 1.172084 0.013667
v 2.230552 1.159765 0.026852
v 2.233845 1.168476 0.021923
v 2.236871 1.172084 0.011623
v 2.225658 1.159765 0.022836
v 2.229850 1.168476 0.018644
v 2.234827 1.172084 0.009132
v 2.221642 1.159765 0.017942
v 2.226571 1.168476 0.014649
v 2.233308 1.172084 0.006290
v 2.218658 1.159765 0.012359
v 2.224134 1.168476 0.010090
v 2.232373 1.172084 0.003207
v 2.216820 1.159765 0.006300
v 2.222634 1.168476 0.005144
v 2.232057 1.172084 0.000000
v 2.216200 1.159765 0.000000
v 2.222127 1.168476 0.000000
v 2.232373 1.172084 -0.003207
v 2.216820 1.159765 -0.006300
v 2.222634 1.168476 -0.005144
v 2.233308 1.172084 -0.006290
v 2.218658 1.159765 -0.012359
v 2.224134 1.168476 -0.010090
v 2.234827 1.172084 -0.009132
v 2.221642 1.159765 -0.017942
v 2.226571 1.168476 -0.014649
v 2.236871 1.172084 -0.011623
v 2.225658 1.159765 -0.022836
v 2.229850 1.168476 -0.018644
v 2.239362 1.172084 -0.013667
v 2.230552 1.159765 -0.026852
v 2.233845 1.168476 -0.021923
v 2.242204 1.172084 -0.015186
v 2.236135 1.159765 -0.029836
v 2.238404 1.168476 -0.024360
v 2.245287 1.172084 -0.016121
v 2.242194 1.159765 -0.031674
v 2.243350 1.168476 -0.025861
v 2.278883 0.773328 -0.152775
v 2.279649 0.769420 -0.156626
v 2.279425 0.772183 -0.155498
v 2.248494 0.769420 -0.159694
v 2.248494 0.773328 -0.155768
v 2.248494 0.772183 -0.158544
v 2.308104 0.773328 -0.143911
v 2.309607 0.769420 -0.147538
v 2.309166 0.772183 -0.146476
v 2.335034 0.773328 -0.129516
v 2.337215 0.769420 -0.132781
v 2.336576 0.772183 -0.131825
v 2.358639 0.773328 -0.110144
v 2.361415 0.769420 -0.112921
v 2.360602 0.772183 -0.112108
v 2.378010 0.773328 -0.086540
v 2.381275 0.769420 -0.088721
v 2.380319 0.772183 -0.088082
v 2.392405 0.773328 -0.059610
v 2.396032 0.769420 -0.061112
v 2.394970 0.772183 -0.060672
v 2.401269 0.773328 -0.030389
v 2.405120 0.769420 -0.031155
v 2.403992 0.772183 -0.030930
v 2.404262 0.773328 0.000000
v 2.408188 0.769420 0.000000
v 2.407038 0.772183 0.000000
v 2.401269 0.773328 0.030389
v 2.405120 0.769420 0.031155
v 2.403992 0.772183 0.030930
v 2.392405 0.773328 0.059610
v 2.396032 0.769420 0.061112
v 2.394970 0.772183 0.060672
v 2.378010 0.773328 0.086540
v 2.381275 0.769420 0.088721
v 2.380319 0.772183 0.088082
v 2.358639 0.773328 0.110144
v 2.361415 0.769420 0.112921
v 2.360602 0.772183 0.112108
v 2.335034 0.773328 0.129516
v 2.337215 0.769420 0.132781
v 2.336576 0.772183 0.131825
v 2.308104 0.773328 0.143911
v 2.309607 0.769420 0.147538
v 2.309166 0.772183 0.146476
v 2.278883 0.773328 0.152775
v 2.279649 0.769420 0.156626
v 2.279425 0.772183 0.155498
v 2.248494 0.773328 0.155768
v 2.248494 0.769420 0.159694
v 2.248494 0.772183 0.158544
v 2.218105 0.773328 0.152775
v 2.217339 0.769420 0.156626
v 2.217564 0.772183 0.155498
v 2.188884 0.773328 0.143911
v 2.187382 0.769420 0.147538
v 2.187822 0.772183 0.146476
v 2.161954 0.773328 0.129516
v 2.159773 0.769420 0.132781
v 2.160412 0.772183 0.131825
v 2.138350 0.773328 0.110144
v 2.135573 0.769420 0.112921
v 2.136386 0.772183 0.112108
v 2.118978 0.773328 0.086540
v 2.115713 0.769420 0.088721
v 2.116669 0.772183 0.088082
v 2.104584 0.773328 0.059610
v 2.100956 0.769420 0.061112
v 2.102018 0.772183 0.060672
v 2.095719 0.773328 0.030389
v 2.091868 0.769420 0.031155
v 2.092996 0.772183 0.030930
v 2.092726 0.773328 -0.000000
v 2.088800 0.769420 -0.000000
v 2.089950 0.772183 -0.000000
v 2.095719 0.773328 -0.030389
v 2.091868 0.769420 -0.031155
v 2.092996 0.772183 -0.030930
v 2.104584 0.773328 -0.059610
v 2.100956 0.769420 -0.061112
v 2.102018 0.772183 -0.060672
v 2.118978 0.773328 -0.086540
v 2.115713 0.769420 -0.088721
v 2.116669 0.772183 -0.088082
v 2.138350 0.773328 -0.110144
v 2.135573 0.769420 -0.112921
v 2.136386 0.772183 -0.112108
v 2.161954 0.773328 -0.129516
v 2.159773 0.769420 -0.132781
v 2.160412 0.772183 -0.131825
v 2.188884 0.773328 -0.143911
v 2.187382 0.769420 -0.147538
v 2.187822 0.772183 -0.146476
v 2.218105 0.773328 -0.152775
v 2.217339 0.769420 -0.156626
v 2.217564 0.772183 -0.155498
v 2.248494 -1.252416 -0.155282
v 2.248494 -1.248025 -0.159694
v 2.248494 -1.251130 -0.158402
v 2.278788 -1.252416 -0.152299
v 2.279649 -1.248025 -0.156626
v 2.279397 -1.251130 -0.155358
v 2.307918 -1.252416 -0.143462
v 2.309607 -1.248025 -0.147538
v 2.309112 -1.251130 -0.146344
v 2.334764 -1.252416 -0.129112
v 2.337215 -1.248025 -0.132781
v 2.336498 -1.251130 -0.131706
v 2.358295 -1.252416 -0.109801
v 2.361415 -1.248025 -0.112921
v 2.360501 -1.251130 -0.112007
v 2.377607 -1.252416 -0.086270
v 2.381275 -1.248025 -0.088721
v 2.380201 -1.251130 -0.088003
v 2.391956 -1.252416 -0.059424
v 2.396032 -1.248025 -0.061112
v 2.394839 -1.251130 -0.060618
v 2.400793 -1.252416 -0.030294
v 2.405120 -1.248025 -0.031155
v 2.403852 -1.251130 -0.030903
v 2.403776 -1.252416 0.000000
v 2.408188 -1.248025 0.000000
v 2.406896 -1.251130 0.000000
v 2.400793 -1.252416 0.030294
v 2.405120 -1.248025 0.031155
v 2.403852 -1.251130 0.030903
v 2.391956 -1.252416 0.059424
v 2.396032 -1.248025 0.061112
v 2.394839 -1.251130 0.060618
v 2.377607 -1.252416 0.086270
v 2.381275 -1.248025 0.088721
v 2.380201 -1.251130 0.088003
v 2.358295 -1.252416 0.109801
v 2.361415 -1.248025 0.112921
v 2.360501 -1.251130 0.112007
v 2.334764 -1.252416 0.129112
v 2.337215 -1.248025 0.132781
v 2.336498 -1.251130 0.131706
v 2.307918 -1.252416 0.143462
v 2.309607 -1.248025 0.147538
v 2.309112 -1.251130 0.146344
v 2.278788 -1.252416 0.152299
v 2.279649 -1.248025 0.156626
v 2.279397 -1.251130 0.155358
v 2.248494 -1.252416 0.155282
v 2.248494 -1.248025 0.159694
v 2.248494 -1.251130 0.158402
v 2.218200 -1.252416 0.152299
v 2.217339 -1.248025 0.156626
v 2.217592 -1.251130 0.155358
v 2.189070 -1.252416 0.143462
v 2.187382 -1.248025 0.147538
v 2.187876 -1.251130 0.146344
v 2.162224 -1.252416 0.129112
v 2.159773 -1.248025 0.132781
v 2.160491 -1.251130 0.131706
v 2.138693 -1.252416 0.109801
v 2.135573 -1.248025 0.112921
v 2.136487 -1.251130 0.112007
v 2.119382 -1.252416 0.086270
v 2.115713 -1.248025 0.088721
v 2.116788 -1.251130 0.088003
v 2.105032 -1.252416 0.059424
v 2.100956 -1.248025 0.061112
v 2.102150 -1.251130 0.060618
v 2.096196 -1.252416 0.030294
v 2.091868 -1.248025 0.031155
v 2.093136 -1.251130 0.030903
v 2.093212 -1.252416 -0.000000
v 2.088800 -1.248025 -0.000000
v 2.090092 -1.251130 -0.000000
v 2.096196 -1.252416 -0.030294
v 2.091868 -1.248025 -0.031155
v 2.093136 -1.251130 -0.030903
v 2.105032 -1.252416 -0.059424
v 2.100956 -1.248025 -0.061112
v 2.102150 -1.251130 -0.060618
v 2.119382 -1.252416 -0.086270
v 2.115713 -1.248025 -0.088721
v 2.116788 -1.251130 -0.088003
v 2.138693 -1.252416 -0.109801
v 2.135573 -1.248025 -0.112921
v 2.136487 -1.251130 -0.112007
v 2.162224 -1.252416 -0.129112
v 2.159773 -1.248025 -0.132781
v 2.160491 -1.251130 -0.131706
v 2.189070 -1.252416 -0.143462
v 2.187382 -1.248025 -0.147538
v 2.187876 -1.251130 -0.146344
v 2.218200 -1.252416 -0.152299
v 2.217339 -1.248025 -0.156626
v 2.217592 -1.251130 -0.155358
v 2.088800 -0.875289 -0.000000
v 2.088800 0.400554 -0.000000
v 2.279649 -0.875289 -0.156626
v 2.279649 0.400554 -0.156626
v 2.408188 -0.875289 0.000000
v 2.408188 0.400554 0.000000
v 2.309607 -0.875289 -0.147538
v 2.309607 0.400554 -0.147538
v 2.381275 -0.875289 -0.088721
v 2.381275 0.400554 -0.088721
v 2.337215 -0.875289 -0.132781
v 2.337215 0.400554 -0.132781
v 2.396032 -0.875289 -0.061112
v 2.396032 0.400554 -0.061112
v 2.337215 -0.875289 0.132781
v 2.337215 0.400554 0.132781
v 2.405120 -0.875289 -0.031155
v 2.405120 0.400554 -0.031155
v 2.396032 -0.875289 0.061112
v 2.396032 0.400554 0.061112
v 2.361415 -0.875289 -0.112921
v 2.361415 0.400554 -0.112921
v 2.381275 -0.875289 0.088721
v 2.381275 0.400554 0.088721
v 2.248494 -0.875289 0.159694
v 2.248494 0.400554 0.159694
v 2.361415 -0.875289 0.112921
v 2.361415 0.400554 0.112921
v 2.187382 -0.875289 0.147538
v 2.187382 0.400554 0.147538
v 2.405120 -0.875289 0.031155
v 2.405120 0.400554 0.031155
v 2.309607 -0.875289 0.147538
v 2.309607 0.400554 0.147538
v 2.279649 -0.875289 0.156626
v 2.279649 0.400554 0.156626
v 2.135573 -0.875289 0.112921
v 2.135573 0.400554 0.112921
v 2.091868 -0.875289 0.031155
v 2.091868 0.400554 0.031155
v 2.159773 -0.875289 0.132781
v 2.159773 0.400554 0.132781
v 2.115713 -0.875289 0.088721
v 2.115713 0.400554 0.088721
v 2.100956 -0.875289 -0.061112
v 2.100956 0.400554 -0.061112
v 2.135573 -0.875289 -0.112921
v 2.135573 0.400554 -0.112921
v 2.091868 -0.875289 -0.031155
v 2.091868 0.400554 -0.031155
v 2.100956 -0.875289 0.061112
v 2.100956 0.400554 0.061112
v 2.159773 -0.875289 -0.132781
v 2.159773 0.400554 -0.132781
v 2.115713 -0.875289 -0.088721
v 2.115713 0.400554 -0.088721
v 2.217339 -0.875289 0.156626
v 2.217339 0.400554 0.156626
v 2.248494 0.400552 -0.159694
v 2.248494 -0.875290 -0.159694
v 2.217339 -0.875289 -0.156626
v 2.217339 0.400554 -0.156626
v 2.187382 -0.875289 -0.147538
v 2.187382 0.400554 -0.147538
v 2.217339 -0.962905 0.156626
v 2.217339 0.488169 0.156626
v 2.159773 -0.962905 -0.132781
v 2.159773 0.488169 -0.132781
v 2.187382 -0.962905 -0.147538
v 2.187382 0.488169 -0.147538
v 2.248494 0.488169 -0.159694
v 2.248494 -0.962905 -0.159694
v 2.217339 -0.962905 -0.156626
v 2.217339 0.488169 -0.156626
v 2.115713 -0.962905 -0.088721
v 2.115713 0.488169 -0.088721
v 2.088800 -0.962905 -0.000000
v 2.088800 0.488169 -0.000000
v 2.100956 -0.962905 -0.061112
v 2.100956 0.488169 -0.061112
v 2.091868 -0.962905 -0.031155
v 2.091868 0.488169 -0.031155
v 2.135573 -0.962905 -0.112921
v 2.135573 0.488169 -0.112921
v 2.100956 -0.962905 0.061112
v 2.100956 0.488169 0.061112
v 2.115713 -0.962905 0.088721
v 2.115713 0.488169 0.088721
v 2.279649 -0.962905 0.156626
v 2.279649 0.488169 0.156626
v 2.091868 -0.962905 0.031155
v 2.091868 0.488169 0.031155
v 2.135573 -0.962905 0.112921
v 2.135573 0.488169 0.112921
v 2.159773 -0.962905 0.132781
v 2.159773 0.488169 0.132781
v 2.309607 -0.962905 0.147538
v 2.309607 0.488169 0.147538
v 2.248494 -0.962905 0.159694
v 2.248494 0.488169 0.159694
v 2.187382 -0.962905 0.147538
v 2.187382 0.488169 0.147538
v 2.361415 -0.962905 0.112921
v 2.361415 0.488169 0.112921
v 2.405120 -0.962905 0.031155
v 2.405120 0.488169 0.031155
v 2.381275 -0.962905 0.088721
v 2.381275 0.488169 0.088721
v 2.337215 -0.962905 0.132781
v 2.337215 0.488169 0.132781
v 2.396032 -0.962905 0.061112
v 2.396032 0.488169 0.061112
v 2.405120 -0.962905 -0.031155
v 2.405120 0.488169 -0.031155
v 2.361415 -0.962905 -0.112921
v 2.361415 0.488169 -0.112921
v 2.396032 -0.962905 -0.061112
v 2.396032 0.488169 -0.061112
v 2.408188 -0.962905 0.000000
v 2.408188 0.488169 0.000000
v 2.381275 -0.962905 -0.088721
v 2.381275 0.488169 -0.088721
v 2.309607 -0.962905 -0.147538
v 2.309607 0.488169 -0.147538
v 2.337215 -0.962905 -0.132781
v 2.337215 0.488169 -0.132781
v 2.279649 -0.962905 -0.156626
v 2.279649 0.488169 -0.156626
v 2.337215 -0.999523 -0.132781
v 2.337215 0.524787 -0.132781
v 2.279649 -0.999523 -0.156626
v 2.279649 0.524787 -0.156626
v 2.309607 -0.999523 -0.147538
v 2.309607 0.524787 -0.147538
v 2.361415 -0.999523 -0.112921
v 2.361415 0.524787 -0.112921
v 2.408188 -0.999523 0.000000
v 2.408188 0.524787 0.000000
v 2.396032 -0.999523 -0.061112
v 2.396032 0.524787 -0.061112
v 2.381275 -0.999523 -0.088721
v 2.381275 0.524787 -0.088721
v 2.405120 -0.999523 -0.031155
v 2.405120 0.524787 -0.031155
v 2.405120 -0.999523 0.031155
v 2.405120 0.524787 0.031155
v 2.337215 -0.999523 0.132781
v 2.337215 0.524787 0.132781
v 2.381275 -0.999523 0.088721
v 2.381275 0.524787 0.088721
v 2.396032 -0.999523 0.061112
v 2.396032 0.524787 0.061112
v 2.361415 -0.999523 0.112921
v 2.361415 0.524787 0.112921
v 2.309607 -0.999523 0.147538
v 2.309607 0.524787 0.147538
v 2.187382 -0.999523 0.147538
v 2.187382 0.524787 0.147538
v 2.248494 -0.999523 0.159694
v 2.248494 0.524787 0.159694
v 2.279649 -0.999523 0.156626
v 2.279649 0.524787 0.156626
v 2.217339 -0.999523 0.156626
v 2.217339 0.524787 0.156626
v 2.159773 -0.999523 0.132781
v 2.159773 0.524787 0.132781
v 2.091868 -0.999523 0.031155
v 2.091868 0.524787 0.031155
v 2.115713 -0.999523 0.088721
v 2.115713 0.524787 0.088721
v 2.135573 -0.999523 0.112921
v 2.135573 0.524787 0.112921
v 2.100956 -0.999523 0.061112
v 2.100956 0.524787 0.061112
v 2.088800 -0.999523 -0.000000
v 2.088800 0.524787 -0.000000
v 2.135573 -0.999523 -0.112921
v 2.135573 0.524787 -0.112921
v 2.100956 -0.999523 -0.061112
v 2.100956 0.524787 -0.061112
v 2.091868 -0.999523 -0.031155
v 2.091868 0.524787 -0.031155
v 2.115713 -0.999523 -0.088721
v 2.115713 0.524787 -0.088721
v 2.159773 -0.999523 -0.132781
v 2.159773 0.524787 -0.132781
v 2.217339 -0.999523 -0.156626
v 2.217339 0.524787 -0.156626
v 2.187382 -0.999523 -0.147538
v 2.187382 0.524787 -0.147538
v 2.248494 0.524787 -0.159694
v 2.248494 -0.999523 -0.159694
v 2.248494 0.556199 -0.159694
v 2.248494 -1.030934 -0.159694
v 2.217339 -1.030934 -0.156626
v 2.217339 0.556199 -0.156626
v 2.187382 -1.030934 -0.147538
v 2.187382 0.556199 -0.147538
v 2.159773 -1.030934 -0.132781
v 2.159773 0.556199 -0.132781
v 2.135573 -1.030934 -0.112921
v 2.135573 0.556199 -0.112921
v 2.115713 -1.030934 -0.088721
v 2.115713 0.556199 -0.088721
v 2.100956 -1.030934 -0.061112
v 2.100956 0.556199 -0.061112
v 2.091868 -1.030934 -0.031155
v 2.091868 0.556199 -0.031155
v 2.088800 -1.030934 -0.000000
v 2.088800 0.556199 -0.000000
v 2.091868 -1.030934 0.031155
v 2.091868 0.556199 0.031155
v 2.100956 -1.030934 0.061112
v 2.100956 0.556199 0.061112
v 2.115713 -1.030934 0.088721
v 2.115713 0.556199 0.088721
v 2.135573 -1.030934 0.112921
v 2.135573 0.556199 0.112921
v 2.159773 -1.030934 0.132781
v 2.159773 0.556199 0.132781
v 2.187382 -1.030934 0.147538
v 2.187382 0.556199 0.147538
v 2.217339 -1.030934 0.156626
v 2.217339 0.556199 0.156626
v 2.248494 -1.030934 0.159694
v 2.248494 0.556199 0.159694
v 2.279649 -1.030934 0.156626
v 2.279649 0.556199 0.156626
v 2.309607 -1.030934 0.147538
v 2.309607 0.556199 0.147538
v 2.337215 -1.030934 0.132781
v 2.337215 0.556199 0.132781
v 2.361415 -1.030934 0.112921
v 2.361415 0.556199 0.112921
v 2.381275 -1.030934 0.088721
v 2.381275 0.556199 0.088721
v 2.396032 -1.030934 0.061112
v 2.396032 0.556199 0.061112
v 2.405120 -1.030934 0.031155
v 2.405120 0.556199 0.031155
v 2.408188 -1.030934 0.000000
v 2.408188 0.556199 0.000000
v 2.405120 -1.030934 -0.031155
v 2.405120 0.556199 -0.031155
v 2.396032 -1.030934 -0.061112
v 2.396032 0.556199 -0.061112
v 2.381275 -1.030934 -0.088721
v 2.381275 0.556199 -0.088721
v 2.361415 -1.030934 -0.112921
v 2.361415 0.556199 -0.112921
v 2.337215 -1.030934 -0.132781
v 2.337215 0.556199 -0.132781
v 2.309607 -1.030934 -0.147538
v 2.309607 0.556199 -0.147538
v 2.279649 -1.030934 -0.156626
v 2.279649 0.556199 -0.156626
v 2.810618 0.773328 -0.129456
v 2.835873 0.773328 -0.126968
v 2.860158 0.773328 -0.119601
v 2.882539 0.773328 -0.107638
v 2.902157 0.773328 -0.091539
v 2.918256 0.773328 -0.071922
v 2.930219 0.773328 -0.049541
v 2.937586 0.773328 -0.025256
v 2.940073 0.773328 0.000000
v 2.937586 0.773328 0.025256
v 2.930219 0.773328 0.049541
v 2.918256 0.773328 0.071922
v 2.902157 0.773328 0.091539
v 2.882539 0.773328 0.107638
v 2.860158 0.773328 0.119601
v 2.835873 0.773328 0.126968
v 2.810618 0.773328 0.129456
v 2.785362 0.773328 0.126968
v 2.761077 0.773328 0.119601
v 2.738696 0.773328 0.107638
v 2.719079 0.773328 0.091539
v 2.702979 0.773328 0.071922
v 2.691016 0.773328 0.049541
v 2.683650 0.773328 0.025256
v 2.681162 0.773328 -0.000000
v 2.683650 0.773328 -0.025256
v 2.691016 0.773328 -0.049541
v 2.702979 0.773328 -0.071922
v 2.719079 0.773328 -0.091539
v 2.738696 0.773328 -0.107638
v 2.761077 0.773328 -0.119601
v 2.785362 0.773328 -0.126968
v 2.810618 0.669443 -0.159694
v 2.841773 0.669443 -0.156626
v 2.871730 0.669443 -0.147538
v 2.899339 0.669443 -0.132781
v 2.923538 0.669443 -0.112921
v 2.943398 0.669443 -0.088721
v 2.958156 0.669443 -0.061112
v 2.967243 0.669443 -0.031155
v 2.970312 0.669443 0.000000
v 2.967243 0.669443 0.031155
v 2.958156 0.669443 0.061112
v 2.943398 0.669443 0.088721
v 2.923538 0.669443 0.112921
v 2.899339 0.669443 0.132781
v 2.871730 0.669443 0.147538
v 2.841773 0.669443 0.156626
v 2.810618 0.669443 0.159694
v 2.779463 0.669443 0.156626
v 2.749505 0.669443 0.147538
v 2.721896 0.669443 0.132781
v 2.697697 0.669443 0.112921
v 2.677837 0.669443 0.088721
v 2.663080 0.669443 0.061112
v 2.653992 0.669443 0.031155
v 2.650923 0.669443 -0.000000
v 2.653992 0.669443 -0.031155
v 2.663080 0.669443 -0.061112
v 2.677837 0.669443 -0.088721
v 2.697697 0.669443 -0.112921
v 2.721896 0.669443 -0.132781
v 2.749505 0.669443 -0.147538
v 2.779463 0.669443 -0.156626
v 2.841773 -1.144179 -0.156626
v 2.871730 -1.144179 -0.147538
v 2.899339 -1.144179 -0.132781
v 2.923538 -1.144179 -0.112921
v 2.943398 -1.144179 -0.088721
v 2.958156 -1.144179 -0.061112
v 2.967243 -1.144179 -0.031155
v 2.970312 -1.144179 0.000000
v 2.967243 -1.144179 0.031155
v 2.958156 -1.144179 0.061112
v 2.943398 -1.144179 0.088721
v 2.923538 -1.144179 0.112921
v 2.899339 -1.144179 0.132781
v 2.871730 -1.144179 0.147538
v 2.841773 -1.144179 0.156626
v 2.810618 -1.144179 0.159694
v 2.779463 -1.144179 0.156626
v 2.749505 -1.144179 0.147538
v 2.721896 -1.144179 0.132781
v 2.697697 -1.144179 0.112921
v 2.677837 -1.144179 0.088721
v 2.663080 -1.144179 0.061112
v 2.653992 -1.144179 0.031155
v 2.650923 -1.144179 -0.000000
v 2.653992 -1.144179 -0.031155
v 2.663080 -1.144179 -0.061112
v 2.677837 -1.144179 -0.088721
v 2.697697 -1.144179 -0.112921
v 2.721896 -1.144179 -0.132781
v 2.749505 -1.144179 -0.147538
v 2.779463 -1.144179 -0.156626
v 2.810618 -1.144179 -0.159694
v 2.813824 1.172084 -0.016121
v 2.816918 1.159765 -0.031674
v 2.815762 1.168476 -0.025861
v 2.810618 1.159765 -0.032295
v 2.810618 1.172084 -0.016437
v 2.810618 1.168476 -0.026367
v 2.816908 1.172084 -0.015186
v 2.822976 1.159765 -0.029836
v 2.820708 1.168476 -0.024360
v 2.819750 1.172084 -0.013667
v 2.828560 1.159765 -0.026852
v 2.825266 1.168476 -0.021923
v 2.822241 1.172084 -0.011623
v 2.833453 1.159765 -0.022836
v 2.829262 1.168476 -0.018644
v 2.824285 1.172084 -0.009132
v 2.837470 1.159765 -0.017942
v 2.832541 1.168476 -0.014649
v 2.825804 1.172084 -0.006290
v 2.840454 1.159765 -0.012359
v 2.834978 1.168476 -0.010090
v 2.826739 1.172084 -0.003207
v 2.842292 1.159765 -0.006300
v 2.836478 1.168476 -0.005144
v 2.827055 1.172084 0.000000
v 2.842912 1.159765 0.000000
v 2.836985 1.168476 0.000000
v 2.826739 1.172084 0.003207
v 2.842292 1.159765 0.006300
v 2.836478 1.168476 0.005144
v 2.825804 1.172084 0.006290
v 2.840454 1.159765 0.012359
v 2.834978 1.168476 0.010090
v 2.824285 1.172084 0.009132
v 2.837470 1.159765 0.017942
v 2.832541 1.168476 0.014649
v 2.822241 1.172084 0.011623
v 2.833453 1.159765 0.022836
v 2.829262 1.168476 0.018644
v 2.819750 1.172084 0.013667
v 2.828560 1.159765 0.026852
v 2.825266 1.168476 0.021923
v 2.816908 1.172084 0.015186
v 2.822976 1.159765 0.029836
v 2.820708 1.168476 0.024360
v 2.813824 1.172084 0.016121
v 2.816918 1.159765 0.031674
v 2.815762 1.168476 0.025861
v 2.810618 1.172084 0.016437
v 2.810618 1.159765 0.032295
v 2.810618 1.168476 0.026367
v 2.807411 1.172084 0.016121
v 2.804317 1.159765 0.031674
v 2.805474 1.168476 0.025861
v 2.804327 1.172084 0.015186
v 2.798259 1.159765 0.029836
v 2.800527 1.168476 0.024360
v 2.801486 1.172084 0.013667
v 2.792676 1.159765 0.026852
v 2.795969 1.168476 0.021923
v 2.798995 1.172084 0.011623
v 2.787782 1.159765 0.022836
v 2.791973 1.168476 0.018644
v 2.796951 1.172084 0.009132
v 2.783766 1.159765 0.017942
v 2.788694 1.168476 0.014649
v 2.795432 1.172084 0.006290
v 2.780781 1.159765 0.012359
v 2.786258 1.168476 0.010090
v 2.794496 1.172084 0.003207
v 2.778944 1.159765 0.006300
v 2.784757 1.168476 0.005144
v 2.794180 1.172084 0.000000
v 2.778323 1.159765 0.000000
v 2.784250 1.168476 0.000000
v 2.794496 1.172084 -0.003207
v 2.778944 1.159765 -0.006300
v 2.784757 1.168476 -0.005144
v 2.795432 1.172084 -0.006290
v 2.780781 1.159765 -0.012359
v 2.786258 1.168476 -0.010090
v 2.796951 1.172084 -0.009132
v 2.783766 1.159765 -0.017942
v 2.788694 1.168476 -0.014649
v 2.798995 1.172084 -0.011623
v 2.787782 1.159765 -0.022836
v 2.791973 1.168476 -0.018644
v 2.801486 1.172084 -0.013667
v 2.792676 1.159765 -0.026852
v 2.795969 1.168476 -0.021923
v 2.804327 1.172084 -0.015186
v 2.798259 1.159765 -0.029836
v 2.800527 1.168476 -0.024360
v 2.807411 1.172084 -0.016121
v 2.804317 1.159765 -0.031674
v 2.805474 1.168476 -0.025861
v 2.841007 0.773328 -0.152775
v 2.841773 0.769420 -0.156626
v 2.841548 0.772183 -0.155498
v 2.810618 0.769420 -0.159694
v 2.810618 0.773328 -0.155768
v 2.810618 0.772183 -0.158544
v 2.870227 0.773328 -0.143911
v 2.871730 0.769420 -0.147538
v 2.871290 0.772183 -0.146476
v 2.897158 0.773328 -0.129516
v 2.899339 0.769420 -0.132781
v 2.898700 0.772183 -0.131825
v 2.920762 0.773328 -0.110144
v 2.923538 0.769420 -0.112921
v 2.922725 0.772183 -0.112108
v 2.940134 0.773328 -0.086540
v 2.943398 0.769420 -0.088721
v 2.942442 0.772183 -0.088082
v 2.954528 0.773328 -0.059610
v 2.958156 0.769420 -0.061112
v 2.957093 0.772183 -0.060672
v 2.963392 0.773328 -0.030389
v 2.967243 0.769420 -0.031155
v 2.966115 0.772183 -0.030930
v 2.966385 0.773328 0.000000
v 2.970312 0.769420 0.000000
v 2.969162 0.772183 0.000000
v 2.963392 0.773328 0.030389
v 2.967243 0.769420 0.031155
v 2.966115 0.772183 0.030930
v 2.954528 0.773328 0.059610
v 2.958156 0.769420 0.061112
v 2.957093 0.772183 0.060672
v 2.940134 0.773328 0.086540
v 2.943398 0.769420 0.088721
v 2.942442 0.772183 0.088082
v 2.920762 0.773328 0.110144
v 2.923538 0.769420 0.112921
v 2.922725 0.772183 0.112108
v 2.897158 0.773328 0.129516
v 2.899339 0.769420 0.132781
v 2.898700 0.772183 0.131825
v 2.870227 0.773328 0.143911
v 2.871730 0.769420 0.147538
v 2.871290 0.772183 0.146476
v 2.841007 0.773328 0.152775
v 2.841773 0.769420 0.156626
v 2.841548 0.772183 0.155498
v 2.810618 0.773328 0.155768
v 2.810618 0.769420 0.159694
v 2.810618 0.772183 0.158544
v 2.780229 0.773328 0.152775
v 2.779463 0.769420 0.156626
v 2.779687 0.772183 0.155498
v 2.751008 0.773328 0.143911
v 2.749505 0.769420 0.147538
v 2.749945 0.772183 0.146476
v 2.724078 0.773328 0.129516
v 2.721896 0.769420 0.132781
v 2.722535 0.772183 0.131825
v 2.700473 0.773328 0.110144
v 2.697697 0.769420 0.112921
v 2.698510 0.772183 0.112108
v 2.681102 0.773328 0.086540
v 2.677837 0.769420 0.088721
v 2.678793 0.772183 0.088082
v 2.666707 0.773328 0.059610
v 2.663080 0.769420 0.061112
v 2.664142 0.772183 0.060672
v 2.657843 0.773328 0.030389
v 2.653992 0.769420 0.031155
v 2.655120 0.772183 0.030930
v 2.654850 0.773328 -0.000000
v 2.650923 0.769420 -0.000000
v 2.652074 0.772183 -0.000000
v 2.657843 0.773328 -0.030389
v 2.653992 0.769420 -0.031155
v 2.655120 0.772183 -0.030930
v 2.666707 0.773328 -0.059610
v 2.663080 0.769420 -0.061112
v 2.664142 0.772183 -0.060672
v 2.681102 0.773328 -0.086540
v 2.677837 0.769420 -0.088721
v 2.678793 0.772183 -0.088082
v 2.700473 0.773328 -0.110144
v 2.697697 0.769420 -0.112921
v 2.698510 0.772183 -0.112108
v 2.724078 0.773328 -0.129516
v 2.721896 0.769420 -0.132781
v 2.722535 0.772183 -0.131825
v 2.751008 0.773328 -0.143911
v 2.749505 0.769420 -0.147538
v 2.749945 0.772183 -0.146476
v 2.780229 0.773328 -0.152775
v 2.779463 0.769420 -0.156626
v 2.779687 0.772183 -0.155498
v 2.810618 -1.252416 -0.155282
v 2.810618 -1.248025 -0.159694
v 2.810618 -1.251130 -0.158402
v 2.840912 -1.252416 -0.152299
v 2.841773 -1.248025 -0.156626
v 2.841520 -1.251130 -0.155358
v 2.870042 -1.252416 -0.143462
v 2.871730 -1.248025 -0.147538
v 2.871236 -1.251130 -0.146344
v 2.896888 -1.252416 -0.129112
v 2.899339 -1.248025 -0.132781
v 2.898621 -1.251130 -0.131706
v 2.920419 -1.252416 -0.109801
v 2.923538 -1.248025 -0.112921
v 2.922625 -1.251130 -0.112007
v 2.939730 -1.252416 -0.086270
v 2.943398 -1.248025 -0.088721
v 2.942324 -1.251130 -0.088003
v 2.954080 -1.252416 -0.059424
v 2.958156 -1.248025 -0.061112
v 2.956962 -1.251130 -0.060618
v 2.962916 -1.252416 -0.030294
v 2.967243 -1.248025 -0.031155
v 2.965976 -1.251130 -0.030903
v 2.965900 -1.252416 0.000000
v 2.970312 -1.248025 0.000000
v 2.969020 -1.251130 0.000000
v 2.962916 -1.252416 0.030294
v 2.967243 -1.248025 0.031155
v 2.965976 -1.251130 0.030903
v 2.954080 -1.252416 0.059424
v 2.958156 -1.248025 0.061112
v 2.956962 -1.251130 0.060618
v 2.939730 -1.252416 0.086270
v 2.943398 -1.248025 0.088721
v 2.942324 -1.251130 0.088003
v 2.920419 -1.252416 0.109801
v 2.923538 -1.248025 0.112921
v 2.922625 -1.251130 0.112007
v 2.896888 -1.252416 0.129112
v 2.899339 -1.248025 0.132781
v 2.898621 -1.251130 0.131706
v 2.870042 -1.252416 0.143462
v 2.871730 -1.248025 0.147538
v 2.871236 -1.251130 0.146344
v 2.840912 -1.252416 0.152299
v 2.841773 -1.248025 0.156626
v 2.841520 -1.251130 0.155358
v 2.810618 -1.252416 0.155282
v 2.810618 -1.248025 0.159694
v 2.810618 -1.251130 0.158402
v 2.780324 -1.252416 0.152299
v 2.779463 -1.248025 0.156626
v 2.779715 -1.251130 0.155358
v 2.751194 -1.252416 0.143462
v 2.749505 -1.248025 0.147538
v 2.750000 -1.251130 0.146344
v 2.724348 -1.252416 0.129112
v 2.721896 -1.248025 0.132781
v 2.722614 -1.251130 0.131706
v 2.700817 -1.252416 0.109801
v 2.697697 -1.248025 0.112921
v 2.698611 -1.251130 0.112007
v 2.681505 -1.252416 0.086270
v 2.677837 -1.248025 0.088721
v 2.678911 -1.251130 0.088003
v 2.667156 -1.252416 0.059424
v 2.663080 -1.248025 0.061112
v 2.664273 -1.251130 0.060618
v 2.658319 -1.252416 0.030294
v 2.653992 -1.248025 0.031155
v 2.655259 -1.251130 0.030903
v 2.655335 -1.252416 -0.000000
v 2.650923 -1.248025 -0.000000
v 2.652216 -1.251130 -0.000000
v 2.658319 -1.252416 -0.030294
v 2.653992 -1.248025 -0.031155
v 2.655259 -1.251130 -0.030903
v 2.667156 -1.252416 -0.059424
v 2.663080 -1.248025 -0.061112
v 2.664273 -1.251130 -0.060618
v 2.681505 -1.252416 -0.086270
v 2.677837 -1.248025 -0.088721
v 2.678911 -1.251130 -0.088003
v 2.700817 -1.252416 -0.109801
v 2.697697 -1.248025 -0.112921
v 2.698611 -1.251130 -0.112007
v 2.724348 -1.252416 -0.129112
v 2.721896 -1.248025 -0.132781
v 2.722614 -1.251130 -0.131706
v 2.751194 -1.252416 -0.143462
v 2.749505 -1.248025 -0.147538
v 2.750000 -1.251130 -0.146344
v 2.780324 -1.252416 -0.152299
v 2.779463 -1.248025 -0.156626
v 2.779715 -1.251130 -0.155358
v 2.650923 -0.875289 -0.000000
v 2.650923 0.400554 -0.000000
v 2.841773 -0.875289 -0.156626
v 2.841773 0.400554 -0.156626
v 2.970312 -0.875289 0.000000
v 2.970312 0.400554 0.000000
v 2.871730 -0.875289 -0.147538
v 2.871730 0.400554 -0.147538
v 2.943398 -0.875289 -0.088721
v 2.943398 0.400554 -0.088721
v 2.899339 -0.875289 -0.132781
v 2.899339 0.400554 -0.132781
v 2.958156 -0.875289 -0.061112
v 2.958156 0.400554 -0.061112
v 2.899339 -0.875289 0.132781
v 2.899339 0.400554 0.132781
v 2.967243 -0.875289 -0.031155
v 2.967243 0.400554 -0.031155
v 2.958156 -0.875289 0.061112
v 2.958156 0.400554 0.061112
v 2.923538 -0.875289 -0.112921
v 2.923538 0.400554 -0.112921
v 2.943398 -0.875289 0.088721
v 2.943398 0.400554 0.088721
v 2.810618 -0.875289 0.159694
v 2.810618 0.400554 0.159694
v 2.923538 -0.875289 0.112921
v 2.923538 0.400554 0.112921
v 2.749505 -0.875289 0.147538
v 2.749505 0.400554 0.147538
v 2.967243 -0.875289 0.031155
v 2.967243 0.400554 0.031155
v 2.871730 -0.875289 0.147538
v 2.871730 0.400554 0.147538
v 2.841773 -0.875289 0.156626
v 2.841773 0.400554 0.156626
v 2.697697 -0.875289 0.112921
v 2.697697 0.400554 0.112921
v 2.653992 -0.875289 0.031155
v 2.653992 0.400554 0.031155
v 2.721896 -0.875289 0.132781
v 2.721896 0.400554 0.132781
v 2.677837 -0.875289 0.088721
v 2.677837 0.400554 0.088721
v 2.663080 -0.875289 -0.061112
v 2.663080 0.400554 -0.061112
v 2.697697 -0.875289 -0.112921
v 2.697697 0.400554 -0.112921
v 2.653992 -0.875289 -0.031155
v 2.653992 0.400554 -0.031155
v 2.663080 -0.875289 0.061112
v 2.663080 0.400554 0.061112
v 2.721896 -0.875289 -0.132781
v 2.721896 0.400554 -0.132781
v 2.677837 -0.875289 -0.088721
v 2.677837 0.400554 -0.088721
v 2.779463 -0.875289 0.156626
v 2.779463 0.400554 0.156626
v 2.810618 0.400552 -0.159694
v 2.810618 -0.875290 -0.159694
v 2.779463 -0.875289 -0.156626
v 2.779463 0.400554 -0.156626
v 2.749505 -0.875289 -0.147538
v 2.749505 0.400554 -0.147538
v 2.779463 -0.962905 0.156626
v 2.779463 0.488169 0.156626
v 2.721896 -0.962905 -0.132781
v 2.721896 0.488169 -0.132781
v 2.749505 -0.962905 -0.147538
v 2.749505 0.488169 -0.147538
v 2.810618 0.488169 -0.159694
v 2.810618 -0.962905 -0.159694
v 2.779463 -0.962905 -0.156626
v 2.779463 0.488169 -0.156626
v 2.677837 -0.962905 -0.088721
v 2.677837 0.488169 -0.088721
v 2.650923 -0.962905 -0.000000
v 2.650923 0.488169 -0.000000
v 2.663080 -0.962905 -0.061112
v 2.663080 0.488169 -0.061112
v 2.653992 -0.962905 -0.031155
v 2.653992 0.488169 -0.031155
v 2.697697 -0.962905 -0.112921
v 2.697697 0.488169 -0.112921
v 2.663080 -0.962905 0.061112
v 2.663080 0.488169 0.061112
v 2.677837 -0.962905 0.088721
v 2.677837 0.488169 0.088721
v 2.841773 -0.962905 0.156626
v 2.841773 0.488169 0.156626
v 2.653992 -0.962905 0.031155
v 2.653992 0.488169 0.031155
v 2.697697 -0.962905 0.112921
v 2.697697 0.488169 0.112921
v 2.721896 -0.962905 0.132781
v 2.721896 0.488169 0.132781
v 2.871730 -0.962905 0.147538
v 2.871730 0.488169 0.147538
v 2.810618 -0.962905 0.159694
v 2.810618 0.488169 0.159694
v 2.749505 -0.962905 0.147538
v 2.749505 0.488169 0.147538
v 2.923538 -0.962905 0.112921
v 2.923538 0.488169 0.112921
v 2.967243 -0.962905 0.031155
v 2.967243 0.488169 0.031155
v 2.943398 -0.962905 0.088721
v 2.943398 0.488169 0.088721
v 2.899339 -0.962905 0.132781
v 2.899339 0.488169 0.132781
v 2.958156 -0.962905 0.061112
v 2.958156 0.488169 0.061112
v 2.967243 -0.962905 -0.031155
v 2.967243 0.488169 -0.031155
v 2.923538 -0.962905 -0.112921
v 2.923538 0.488169 -0.112921
v 2.958156 -0.962905 -0.061112
v 2.958156 0.488169 -0.061112
v 2.970312 -0.962905 0.000000
v 2.970312 0.488169 0.000000
v 2.943398 -0.962905 -0.088721
v 2.943398 0.488169 -0.088721
v 2.871730 -0.962905 -0.147538
v 2.871730 0.488169 -0.147538
v 2.899339 -0.962905 -0.132781
v 2.899339 0.488169 -0.132781
v 2.841773 -0.962905 -0.156626
v 2.841773 0.488169 -0.156626
v 2.899339 -0.999523 -0.132781
v 2.899339 0.524787 -0.132781
v 2.841773 -0.999523 -0.156626
v 2.841773 0.524787 -0.156626
v 2.871730 -0.999523 -0.147538
v 2.871730 0.524787 -0.147538
v 2.923538 -0.999523 -0.112921
v 2.923538 0.524787 -0.112921
v 2.970312 -0.999523 0.000000
v 2.970312 0.524787 0.000000
v 2.958156 -0.999523 -0.061112
v 2.958156 0.524787 -0.061112
v 2.943398 -0.999523 -0.088721
v 2.943398 0.524787 -0.088721
v 2.967243 -0.999523 -0.031155
v 2.967243 0.524787 -0.031155
v 2.967243 -0.999523 0.031155
v 2.967243 0.524787 0.031155
v 2.899339 -0.999523 0.132781
v 2.899339 0.524787 0.132781
v 2.943398 -0.999523 0.088721
v 2.943398 0.524787 0.088721
v 2.958156 -0.999523 0.061112
v 2.958156 0.524787 0.061112
v 2.923538 -0.999523 0.112921
v 2.923538 0.524787 0.112921
v 2.871730 -0.999523 0.147538
v 2.871730 0.524787 0.147538
v 2.749505 -0.999523 0.147538
v 2.749505 0.524787 0.147538
v 2.810618 -0.999523 0.159694
v 2.810618 0.524787 0.159694
v 2.841773 -0.999523 0.156626
v 2.841773 0.524787 0.156626
v 2.779463 -0.999523 0.156626
v 2.779463 0.524787 0.156626
v 2.721896 -0.999523 0.132781
v 2.721896 0.524787 0.132781
v 2.653992 -0.999523 0.031155
v 2.653992 0.524787 0.031155
v 2.677837 -0.999523 0.088721
v 2.677837 0.524787 0.088721
v 2.697697 -0.999523 0.112921
v 2.697697 0.524787 0.112921
v 2.663080 -0.999523 0.061112
v 2.663080 0.524787 0.061112
v 2.650923 -0.999523 -0.000000
v 2.650923 0.524787 -0.000000
v 2.697697 -0.999523 -0.112921
v 2.697697 0.524787 -0.112921
v 2.663080 -0.999523 -0.061112
v 2.663080 0.524787 -0.061112
v 2.653992 -0.999523 -0.031155
v 2.653992 0.524787 -0.031155
v 2.677837 -0.999523 -0.088721
v 2.677837 0.524787 -0.088721
v 2.721896 -0.999523 -0.132781
v 2.721896 0.524787 -0.132781
v 2.779463 -0.999523 -0.156626
v 2.779463 0.524787 -0.156626
v 2.749505 -0.999523 -0.147538
v 2.749505 0.524787 -0.147538
v 2.810618 0.524787 -0.159694
v 2.810618 -0.999523 -0.159694
v 2.810618 0.556199 -0.159694
v 2.810618 -1.030934 -0.159694
v 2.779463 -1.030934 -0.156626
v 2.779463 0.556199 -0.156626
v 2.749505 -1.030934 -0.147538
v 2.749505 0.556199 -0.147538
v 2.721896 -1.030934 -0.132781
v 2.721896 0.556199 -0.132781
v 2.697697 -1.030934 -0.112921
v 2.697697 0.556199 -0.112921
v 2.677837 -1.030934 -0.088721
v 2.677837 0.556199 -0.088721
v 2.663080 -1.030934 -0.061112
v 2.663080 0.556199 -0.061112
v 2.653992 -1.030934 -0.031155
v 2.653992 0.556199 -0.031155
v 2.650923 -1.030934 -0.000000
v 2.650923 0.556199 -0.000000
v 2.653992 -1.030934 0.031155
v 2.653992 0.556199 0.031155
v 2.663080 -1.030934 0.061112
v 2.663080 0.556199 0.061112
v 2.677837 -1.030934 0.088721
v 2.677837 0.556199 0.088721
v 2.697697 -1.030934 0.112921
v 2.697697 0.556199 0.112921
v 2.721896 -1.030934 0.132781
v 2.721896 0.556199 0.132781
v 2.749505 -1.030934 0.147538
v 2.749505 0.556199 0.147538
v 2.779463 -1.030934 0.156626
v 2.779463 0.556199 0.156626
v 2.810618 -1.030934 0.159694
v 2.810618 0.556199 0.159694
v 2.841773 -1.030934 0.156626
v 2.841773 0.556199 0.156626
v 2.871730 -1.030934 0.147538
v 2.871730 0.556199 0.147538
v 2.899339 -1.030934 0.132781
v 2.899339 0.556199 0.132781
v 2.923538 -1.030934 0.112921
v 2.923538 0.556199 0.112921
v 2.943398 -1.030934 0.088721
v 2.943398 0.556199 0.088721
v 2.958156 -1.030934 0.061112
v 2.958156 0.556199 0.061112
v 2.967243 -1.030934 0.031155
v 2.967243 0.556199 0.031155
v 2.970312 -1.030934 0.000000
v 2.970312 0.556199 0.000000
v 2.967243 -1.030934 -0.031155
v 2.967243 0.556199 -0.031155
v 2.958156 -1.030934 -0.061112
v 2.958156 0.556199 -0.061112
v 2.943398 -1.030934 -0.088721
v 2.943398 0.556199 -0.088721
v 2.923538 -1.030934 -0.112921
v 2.923538 0.556199 -0.112921
v 2.899339 -1.030934 -0.132781
v 2.899339 0.556199 -0.132781
v 2.871730 -1.030934 -0.147538
v 2.871730 0.556199 -0.147538
v 2.841773 -1.030934 -0.156626
v 2.841773 0.556199 -0.156626
v 3.372741 0.773328 -0.129456
v 3.397997 0.773328 -0.126968
v 3.422282 0.773328 -0.119601
v 3.444663 0.773328 -0.107638
v 3.464280 0.773328 -0.091539
v 3.480380 0.773328 -0.071922
v 3.492342 0.773328 -0.049541
v 3.499709 0.773328 -0.025256
v 3.502197 0.773328 0.000000
v 3.499709 0.773328 0.025256
v 3.492343 0.773328 0.049541
v 3.480380 0.773328 0.071922
v 3.464280 0.773328 0.091539
v 3.444663 0.773328 0.107638
v 3.422282 0.773328 0.119601
v 3.397997 0.773328 0.126968
v 3.372741 0.773328 0.129456
v 3.347486 0.773328 0.126968
v 3.323201 0.773328 0.119601
v 3.300820 0.773328 0.107638
v 3.281202 0.773328 0.091539
v 3.265103 0.773328 0.071922
v 3.253140 0.773328 0.049541
v 3.245773 0.773328 0.025256
v 3.243286 0.773328 -0.000000
v 3.245773 0.773328 -0.025256
v 3.253140 0.773328 -0.049541
v 3.265103 0.773328 -0.071922
v 3.281202 0.773328 -0.091539
v 3.300820 0.773328 -0.107638
v 3.323201 0.773328 -0.119601
v 3.347486 0.773328 -0.126968
v 3.372741 0.669443 -0.159694
v 3.403896 0.669443 -0.156626
v 3.433854 0.669443 -0.147538
v 3.461462 0.669443 -0.132781
v 3.485662 0.669443 -0.112921
v 3.505522 0.669443 -0.088721
v 3.520279 0.669443 -0.061112
v 3.529367 0.669443 -0.031155
v 3.532435 0.669443 0.000000
v 3.529367 0.669443 0.031155
v 3.520279 0.669443 0.061112
v 3.505522 0.669443 0.088721
v 3.485662 0.669443 0.112921
v 3.461462 0.669443 0.132781
v 3.433854 0.669443 0.147538
v 3.403896 0.669443 0.156626
v 3.372741 0.669443 0.159694
v 3.341586 0.669443 0.156626
v 3.311629 0.669443 0.147538
v 3.284020 0.669443 0.132781
v 3.259820 0.669443 0.112921
v 3.239960 0.669443 0.088721
v 3.225203 0.669443 0.061112
v 3.216115 0.669443 0.031155
v 3.213047 0.669443 -0.000000
v 3.216115 0.669443 -0.031155
v 3.225203 0.669443 -0.061112
v 3.239960 0.669443 -0.088721
v 3.259820 0.669443 -0.112921
v 3.284020 0.669443 -0.132781
v 3.311629 0.669443 -0.147538
v 3.341586 0.669443 -0.156626
v 3.403896 -1.144179 -0.156626
v 3.433854 -1.144179 -0.147538
v 3.461462 -1.144179 -0.132781
v 3.485662 -1.144179 -0.112921
v 3.505522 -1.144179 -0.088721
v 3.520279 -1.144179 -0.061112
v 3.529367 -1.144179 -0.031155
v 3.532435 -1.144179 0.000000
v 3.529367 -1.144179 0.031155
v 3.520279 -1.144179 0.061112
v 3.505522 -1.144179 0.088721
v 3.485662 -1.144179 0.112921
v 3.461462 -1.144179 0.132781
v 3.433854 -1.144179 0.147538
v 3.403896 -1.144179 0.156626
v 3.372741 -1.144179 0.159694
v 3.341586 -1.144179 0.156626
v 3.311629 -1.144179 0.147538
v 3.284020 -1.144179 0.132781
v 3.259820 -1.144179 0.112921
v 3.239960 -1.144179 0.088721
v 3.225203 -1.144179 0.061112
v 3.216115 -1.144179 0.031155
v 3.213047 -1.144179 -0.000000
v 3.216115 -1.144179 -0.031155
v 3.225203 -1.144179 -0.061112
v 3.239960 -1.144179 -0.088721
v 3.259820 -1.144179 -0.112921
v 3.284020 -1.144179 -0.132781
v 3.311629 -1.144179 -0.147538
v 3.341586 -1.144179 -0.156626
v 3.372741 -1.144179 -0.159694
v 3.375948 1.172084 -0.016121
v 3.379042 1.159765 -0.031674
v 3.377885 1.168476 -0.025861
v 3.372741 1.159765 -0.032295
v 3.372741 1.172084 -0.016437
v 3.372741 1.168476 -0.026367
v 3.379031 1.172084 -0.015186
v 3.385100 1.159765 -0.029836
v 3.382832 1.168476 -0.024360
v 3.381873 1.172084 -0.013667
v 3.390683 1.159765 -0.026852
v 3.387390 1.168476 -0.021923
v 3.384364 1.172084 -0.011623
v 3.395577 1.159765 -0.022836
v 3.391386 1.168476 -0.018644
v 3.386408 1.172084 -0.009132
v 3.399593 1.159765 -0.017942
v 3.394665 1.168476 -0.014649
v 3.387927 1.172084 -0.006290
v 3.402577 1.159765 -0.012359
v 3.397101 1.168476 -0.010090
v 3.388863 1.172084 -0.003207
v 3.404415 1.159765 -0.006300
v 3.398602 1.168476 -0.005144
v 3.389179 1.172084 0.000000
v 3.405036 1.159765 0.000000
v 3.399108 1.168476 0.000000
v 3.388863 1.172084 0.003207
v 3.404415 1.159765 0.006300
v 3.398602 1.168476 0.005144
v 3.387927 1.172084 0.006290
v 3.402577 1.159765 0.012359
v 3.397101 1.168476 0.010090
v 3.386408 1.172084 0.009132
v 3.399593 1.159765 0.017942
v 3.394665 1.168476 0.014649
v 3.384364 1.172084 0.011623
v 3.395577 1.159765 0.022836
v 3.391386 1.168476 0.018644
v 3.381873 1.172084 0.013667
v 3.390683 1.159765 0.026852
v 3.387390 1.168476 0.021923
v 3.379031 1.172084 0.015186
v 3.385100 1.159765 0.029836
v 3.382832 1.168476 0.024360
v 3.375948 1.172084 0.016121
v 3.379042 1.159765 0.031674
v 3.377885 1.168476 0.025861
v 3.372741 1.172084 0.016437
v 3.372741 1.159765 0.032295
v 3.372741 1.168476 0.026367
v 3.369534 1.172084 0.016121
v 3.366441 1.159765 0.031674
v 3.367597 1.168476 0.025861
v 3.366451 1.172084 0.015186
v 3.360383 1.159765 0.029836
v 3.362651 1.168476 0.024360
v 3.363609 1.172084 0.013667
v 3.354799 1.159765 0.026852
v 3.358092 1.168476 0.021923
v 3.361118 1.172084 0.011623
v 3.349905 1.159765 0.022836
v 3.354097 1.168476 0.018644
v 3.359074 1.172084 0.009132
v 3.345889 1.159765 0.017942
v 3.350818 1.168476 0.014649
v 3.357555 1.172084 0.006290
v 3.342905 1.159765 0.012359
v 3.348381 1.168476 0.010090
v 3.356620 1.172084 0.003207
v 3.341067 1.159765 0.006300
v 3.346881 1.168476 0.005144
v 3.356304 1.172084 0.000000
v 3.340447 1.159765 0.000000
v 3.346374 1.168476 0.000000
v 3.356620 1.172084 -0.003207
v 3.341067 1.159765 -0.006300
v 3.346881 1.168476 -0.005144
v 3.357555 1.172084 -0.006290
v 3.342905 1.159765 -0.012359
v 3.348381 1.168476 -0.010090
v 3.359074 1.172084 -0.009132
v 3.345889 1.159765 -0.017942
v 3.350818 1.168476 -0.014649
v 3.361118 1.172084 -0.011623
v 3.349905 1.159765 -0.022836
v 3.354097 1.168476 -0.018644
v 3.363609 1.172084 -0.013667
v 3.354799 1.159765 -0.026852
v 3.358092 1.168476 -0.021923
v 3.366451 1.172084 -0.015186
v 3.360383 1.159765 -0.029836
v 3.362651 1.168476 -0.024360
v 3.369534 1.172084 -0.016121
v 3.366441 1.159765 -0.031674
v 3.367597 1.168476 -0.025861
v 3.403130 0.773328 -0.152775
v 3.403896 0.769420 -0.156626
v 3.403672 0.772183 -0.155498
v 3.372741 0.769420 -0.159694
v 3.372741 0.773328 -0.155768
v 3.372741 0.772183 -0.158544
v 3.432351 0.773328 -0.143911
v 3.433854 0.769420 -0.147538
v 3.433414 0.772183 -0.146476
v 3.459281 0.773328 -0.129516
v 3.461462 0.769420 -0.132781
v 3.460824 0.772183 -0.131825
v 3.482886 0.773328 -0.110144
v 3.485662 0.769420 -0.112921
v 3.484849 0.772183 -0.112108
v 3.502257 0.773328 -0.086540
v 3.505522 0.769420 -0.088721
v 3.504566 0.772183 -0.088082
v 3.516652 0.773328 -0.059610
v 3.520279 0.769420 -0.061112
v 3.519217 0.772183 -0.060672
v 3.525516 0.773328 -0.030389
v 3.529367 0.769420 -0.031155
v 3.528239 0.772183 -0.030930
v 3.528509 0.773328 0.000000
v 3.532435 0.769420 0.000000
v 3.531285 0.772183 0.000000
v 3.525516 0.773328 0.030389
v 3.529367 0.769420 0.031155
v 3.528239 0.772183 0.030930
v 3.516652 0.773328 0.059610
v 3.520279 0.769420 0.061112
v 3.519217 0.772183 0.060672
v 3.502257 0.773328 0.086540
v 3.505522 0.769420 0.088721
v 3.504566 0.772183 0.088082
v 3.482886 0.773328 0.110144
v 3.485662 0.769420 0.112921
v 3.484849 0.772183 0.112108
v 3.459281 0.773328 0.129516
v 3.461462 0.769420 0.132781
v 3.460824 0.772183 0.131825
v 3.432351 0.773328 0.143911
v 3.433854 0.769420 0.147538
v 3.433414 0.772183 0.146476
v 3.403130 0.773328 0.152775
v 3.403896 0.769420 0.156626
v 3.403672 0.772183 0.155498
v 3.372741 0.773328 0.155768
v 3.372741 0.769420 0.159694
v 3.372741 0.772183 0.158544
v 3.342352 0.773328 0.152775
v 3.341586 0.769420 0.156626
v 3.341811 0.772183 0.155498
v 3.313132 0.773328 0.143911
v 3.311629 0.769420 0.147538
v 3.312069 0.772183 0.146476
v 3.286201 0.773328 0.129516
v 3.284020 0.769420 0.132781
v 3.284659 0.772183 0.131825
v 3.262597 0.773328 0.110144
v 3.259820 0.769420 0.112921
v 3.260633 0.772183 0.112108
v 3.243225 0.773328 0.086540
v 3.239960 0.769420 0.088721
v 3.240916 0.772183 0.088082
v 3.228831 0.773328 0.059610
v 3.225203 0.769420 0.061112
v 3.226265 0.772183 0.060672
v 3.219966 0.773328 0.030389
v 3.216115 0.769420 0.031155
v 3.217243 0.772183 0.030930
v 3.216973 0.773328 -0.000000
v 3.213047 0.769420 -0.000000
v 3.214197 0.772183 -0.000000
v 3.219966 0.773328 -0.030389
v 3.216115 0.769420 -0.031155
v 3.217243 0.772183 -0.030930
v 3.228831 0.773328 -0.059610
v 3.225203 0.769420 -0.061112
v 3.226265 0.772183 -0.060672
v 3.243225 0.773328 -0.086540
v 3.239960 0.769420 -0.088721
v 3.240916 0.772183 -0.088082
v 3.262597 0.773328 -0.110144
v 3.259820 0.769420 -0.112921
v 3.260633 0.772183 -0.112108
v 3.286201 0.773328 -0.129516
v 3.284020 0.769420 -0.132781
v 3.284659 0.772183 -0.131825
v 3.313132 0.773328 -0.143911
v 3.311629 0.769420 -0.147538
v 3.312069 0.772183 -0.146476
v 3.342352 0.773328 -0.152775
v 3.341586 0.769420 -0.156626
v 3.341811 0.772183 -0.155498
v 3.372741 -1.252416 -0.155282
v 3.372741 -1.248025 -0.159694
v 3.372741 -1.251130 -0.158402
v 3.403035 -1.252416 -0.152299
v 3.403896 -1.248025 -0.156626
v 3.403644 -1.251130 -0.155358
v 3.432165 -1.252416 -0.143462
v 3.433854 -1.248025 -0.147538
v 3.433359 -1.251130 -0.146344
v 3.459011 -1.252416 -0.129112
v 3.461462 -1.248025 -0.132781
v 3.460745 -1.251130 -0.131706
v 3.482542 -1.252416 -0.109801
v 3.485662 -1.248025 -0.112921
v 3.484748 -1.251130 -0.112007
v 3.501854 -1.252416 -0.086270
v 3.505522 -1.248025 -0.088721
v 3.504448 -1.251130 -0.088003
v 3.516203 -1.252416 -0.059424
v 3.520279 -1.248025 -0.061112
v 3.519086 -1.251130 -0.060618
v 3.525040 -1.252416 -0.030294
v 3.529367 -1.248025 -0.031155
v 3.528100 -1.251130 -0.030903
v 3.528023 -1.252416 0.000000
v 3.532435 -1.248025 0.000000
v 3.531143 -1.251130 0.000000
v 3.525040 -1.252416 0.030294
v 3.529367 -1.248025 0.031155
v 3.528100 -1.251130 0.030903
v 3.516203 -1.252416 0.059424
v 3.520279 -1.248025 0.061112
v 3.519086 -1.251130 0.060618
v 3.501854 -1.252416 0.086270
v 3.505522 -1.248025 0.088721
v 3.504448 -1.251130 0.088003
v 3.482542 -1.252416 0.109801
v 3.485662 -1.248025 0.112921
v 3.484748 -1.251130 0.112007
v 3.459011 -1.252416 0.129112
v 3.461462 -1.248025 0.132781
v 3.460745 -1.251130 0.131706
v 3.432165 -1.252416 0.143462
v 3.433854 -1.248025 0.147538
v 3.433359 -1.251130 0.146344
v 3.403035 -1.252416 0.152299
v 3.403896 -1.248025 0.156626
v 3.403644 -1.251130 0.155358
v 3.372741 -1.252416 0.155282
v 3.372741 -1.248025 0.159694
v 3.372741 -1.251130 0.158402
v 3.342447 -1.252416 0.152299
v 3.341586 -1.248025 0.156626
v 3.341839 -1.251130 0.155358
v 3.313317 -1.252416 0.143462
v 3.311629 -1.248025 0.147538
v 3.312123 -1.251130 0.146344
v 3.286471 -1.252416 0.129112
v 3.284020 -1.248025 0.132781
v 3.284738 -1.251130 0.131706
v 3.262940 -1.252416 0.109801
v 3.259820 -1.248025 0.112921
v 3.260734 -1.251130 0.112007
v 3.243629 -1.252416 0.086270
v 3.239960 -1.248025 0.088721
v 3.241035 -1.251130 0.088003
v 3.229279 -1.252416 0.059424
v 3.225203 -1.248025 0.061112
v 3.226397 -1.251130 0.060618
v 3.220443 -1.252416 0.030294
v 3.216115 -1.248025 0.031155
v 3.217383 -1.251130 0.030903
v 3.217459 -1.252416 -0.000000
v 3.213047 -1.248025 -0.000000
v 3.214339 -1.251130 -0.000000
v 3.220443 -1.252416 -0.030294
v 3.216115 -1.248025 -0.031155
v 3.217383 -1.251130 -0.030903
v 3.229279 -1.252416 -0.059424
v 3.225203 -1.248025 -0.061112
v 3.226397 -1.251130 -0.060618
v 3.243629 -1.252416 -0.086270
v 3.239960 -1.248025 -0.088721
v 3.241035 -1.251130 -0.088003
v 3.262940 -1.252416 -0.109801
v 3.259820 -1.248025 -0.112921
v 3.260734 -1.251130 -0.112007
v 3.286471 -1.252416 -0.129112
v 3.284020 -1.248025 -0.132781
v 3.284738 -1.251130 -0.131706
v 3.313317 -1.252416 -0.143462
v 3.311629 -1.248025 -0.147538
v 3.312123 -1.251130 -0.146344
v 3.342447 -1.252416 -0.152299
v 3.341586 -1.248025 -0.156626
v 3.341839 -1.251130 -0.155358
v 3.213047 -0.875289 -0.000000
v 3.213047 0.400554 -0.000000
v 3.403896 -0.875289 -0.156626
v 3.403896 0.400554 -0.156626
v 3.532435 -0.875289 0.000000
v 3.532435 0.400554 0.000000
v 3.433854 -0.875289 -0.147538
v 3.433854 0.400554 -0.147538
v 3.505522 -0.875289 -0.088721
v 3.505522 0.400554 -0.088721
v 3.461462 -0.875289 -0.132781
v 3.461462 0.400554 -0.132781
v 3.520279 -0.875289 -0.061112
v 3.520279 0.400554 -0.061112
v 3.461462 -0.875289 0.132781
v 3.461462 0.400554 0.132781
v 3.529367 -0.875289 -0.031155
v 3.529367 0.400554 -0.031155
v 3.520279 -0.875289 0.061112
v 3.520279 0.400554 0.061112
v 3.485662 -0.875289 -0.112921
v 3.485662 0.400554 -0.112921
v 3.505522 -0.875289 0.088721
v 3.505522 0.400554 0.088721
v 3.372741 -0.875289 0.159694
v 3.372741 0.400554 0.159694
v 3.485662 -0.875289 0.112921
v 3.485662 0.400554 0.112921
v 3.311629 -0.875289 0.147538
v 3.311629 0.400554 0.147538
v 3.529367 -0.875289 0.031155
v 3.529367 0.400554 0.031155
v 3.433854 -0.875289 0.147538
v 3.433854 0.400554 0.147538
v 3.403896 -0.875289 0.156626
v 3.403896 0.400554 0.156626
v 3.259820 -0.875289 0.112921
v 3.259820 0.400554 0.112921
v 3.216115 -0.875289 0.031155
v 3.216115 0.400554 0.031155
v 3.284020 -0.875289 0.132781
v 3.284020 0.400554 0.132781
v 3.239960 -0.875289 0.088721
v 3.239960 0.400554 0.088721
v 3.225203 -0.875289 -0.061112
v 3.225203 0.400554 -0.061112
v 3.259820 -0.875289 -0.112921
v 3.259820 0.400554 -0.112921
v 3.216115 -0.875289 -0.031155
v 3.216115 0.400554 -0.031155
v 3.225203 -0.875289 0.061112
v 3.225203 0.400554 0.061112
v 3.284020 -0.875289 -0.132781
v 3.284020 0.400554 -0.132781
v 3.239960 -0.875289 -0.088721
v 3.239960 0.400554 -0.088721
v 3.341586 -0.875289 0.156626
v 3.341586 0.400554 0.156626
v 3.372741 0.400552 -0.159694
v 3.372741 -0.875290 -0.159694
v 3.341586 -0.875289 -0.156626
v 3.341586 0.400554 -0.156626
v 3.311629 -0.875289 -0.147538
v 3.311629 0.400554 -0.147538
v 3.341586 -0.962905 0.156626
v 3.341586 0.488169 0.156626
v 3.284020 -0.962905 -0.132781
v 3.284020 0.488169 -0.132781
v 3.311629 -0.962905 -0.147538
v 3.311629 0.488169 -0.147538
v 3.372741 0.488169 -0.159694
v 3.372741 -0.962905 -0.159694
v 3.341586 -0.962905 -0.156626
v 3.341586 0.488169 -0.156626
v 3.239960 -0.962905 -0.088721
v 3.239960 0.488169 -0.088721
v 3.213047 -0.962905 -0.000000
v 3.213047 0.488169 -0.000000
v 3.225203 -0.962905 -0.061112
v 3.225203 0.488169 -0.061112
v 3.216115 -0.962905 -0.031155
v 3.216115 0.488169 -0.031155
v 3.259820 -0.962905 -0.112921
v 3.259820 0.488169 -0.112921
v 3.225203 -0.962905 0.061112
v 3.225203 0.488169 0.061112
v 3.239960 -0.962905 0.088721
v 3.239960 0.488169 0.088721
v 3.403896 -0.962905 0.156626
v 3.403896 0.488169 0.156626
v 3.216115 -0.962905 0.031155
v 3.216115 0.488169 0.031155
v 3.259820 -0.962905 0.112921
v 3.259820 0.488169 0.112921
v 3.284020 -0.962905 0.132781
v 3.284020 0.488169 0.132781
v 3.433854 -0.962905 0.147538
v 3.433854 0.488169 0.147538
v 3.372741 -0.962905 0.159694
v 3.372741 0.488169 0.159694
v 3.311629 -0.962905 0.147538
v 3.311629 0.488169 0.147538
v 3.485662 -0.962905 0.112921
v 3.485662 0.488169 0.112921
v 3.529367 -0.962905 0.031155
v 3.529367 0.488169 0.031155
v 3.505522 -0.962905 0.088721
v 3.505522 0.488169 0.088721
v 3.461462 -0.962905 0.132781
v 3.461462 0.488169 0.132781
v 3.520279 -0.962905 0.061112
v 3.520279 0.488169 0.061112
v 3.529367 -0.962905 -0.031155
v 3.529367 0.488169 -0.031155
v 3.485662 -0.962905 -0.112921
v 3.485662 0.488169 -0.112921
v 3.520279 -0.962905 -0.061112
v 3.520279 0.488169 -0.061112
v 3.532435 -0.962905 0.000000
v 3.532435 0.488169 0.000000
v 3.505522 -0.962905 -0.088721
v 3.505522 0.488169 -0.088721
v 3.433854 -0.962905 -0.147538
v 3.433854 0.488169 -0.147538
v 3.461462 -0.962905 -0.132781
v 3.461462 0.488169 -0.132781
v 3.403896 -0.962905 -0.156626
v 3.403896 0.488169 -0.156626
v 3.461462 -0.999523 -0.132781
v 3.461462 0.524787 -0.132781
v 3.403896 -0.999523 -0.156626
v 3.403896 0.524787 -0.156626
v 3.433854 -0.999523 -0.147538
v 3.433854 0.524787 -0.147538
v 3.485662 -0.999523 -0.112921
v 3.485662 0.524787 -0.112921
v 3.532435 -0.999523 0.000000
v 3.532435 0.524787 0.000000
v 3.520279 -0.999523 -0.061112
v 3.520279 0.524787 -0.061112
v 3.505522 -0.999523 -0.088721
v 3.505522 0.524787 -0.088721
v 3.529367 -0.999523 -0.031155
v 3.529367 0.524787 -0.031155
v 3.529367 -0.999523 0.031155
v 3.529367 0.524787 0.031155
v 3.461462 -0.999523 0.132781
v 3.461462 0.524787 0.132781
v 3.505522 -0.999523 0.088721
v 3.505522 0.524787 0.088721
v 3.520279 -0.999523 0.061112
v 3.520279 0.524787 0.061112
v 3.485662 -0.999523 0.112921
v 3.485662 0.524787 0.112921
v 3.433854 -0.999523 0.147538
v 3.433854 0.524787 0.147538
v 3.311629 -0.999523 0.147538
v 3.311629 0.524787 0.147538
v 3.372741 -0.999523 0.159694
v 3.372741 0.524787 0.159694
v 3.403896 -0.999523 0.156626
v 3.403896 0.524787 0.156626
v 3.341586 -0.999523 0.156626
v 3.341586 0.524787 0.156626
v 3.284020 -0.999523 0.132781
v 3.284020 0.524787 0.132781
v 3.216115 -0.999523 0.031155
v 3.216115 0.524787 0.031155
v 3.239960 -0.999523 0.088721
v 3.239960 0.524787 0.088721
v 3.259820 -0.999523 0.112921
v 3.259820 0.524787 0.112921
v 3.225203 -0.999523 0.061112
v 3.225203 0.524787 0.061112
v 3.213047 -0.999523 -0.000000
v 3.213047 0.524787 -0.000000
v 3.259820 -0.999523 -0.112921
v 3.259820 0.524787 -0.112921
v 3.225203 -0.999523 -0.061112
v 3.225203 0.524787 -0.061112
v 3.216115 -0.999523 -0.031155
v 3.216115 0.524787 -0.031155
v 3.239960 -0.999523 -0.088721
v 3.239960 0.524787 -0.088721
v 3.284020 -0.999523 -0.132781
v 3.284020 0.524787 -0.132781
v 3.341586 -0.999523 -0.156626
v 3.341586 0.524787 -0.156626
v 3.311629 -0.999523 -0.147538
v 3.311629 0.524787 -0.147538
v 3.372741 0.524787 -0.159694
v 3.372741 -0.999523 -0.159694
v 3.372741 0.556199 -0.159694
v 3.372741 -1.030934 -0.159694
v 3.341586 -1.030934 -0.156626
v 3.341586 0.556199 -0.156626
v 3.311629 -1.030934 -0.147538
v 3.311629 0.556199 -0.147538
v 3.284020 -1.030934 -0.132781
v 3.284020 0.556199 -0.132781
v 3.259820 -1.030934 -0.112921
v 3.259820 0.556199 -0.112921
v 3.239960 -1.030934 -0.088721
v 3.239960 0.556199 -0.088721
v 3.225203 -1.030934 -0.061112
v 3.225203 0.556199 -0.061112
v 3.216115 -1.030934 -0.031155
v 3.216115 0.556199 -0.031155
v 3.213047 -1.030934 -0.000000
v 3.213047 0.556199 -0.000000
v 3.216115 -1.030934 0.031155
v 3.216115 0.556199 0.031155
v 3.225203 -1.030934 0.061112
v 3.225203 0.556199 0.061112
v 3.239960 -1.030934 0.088721
v 3.239960 0.556199 0.088721
v 3.259820 -1.030934 0.112921
v 3.259820 0.556199 0.112921
v 3.284020 -1.030934 0.132781
v 3.284020 0.556199 0.132781
v 3.311629 -1.030934 0.147538
v 3.311629 0.556199 0.147538
v 3.341586 -1.030934 0.156626
v 3.341586 0.556199 0.156626
v 3.372741 -1.030934 0.159694
v 3.372741 0.556199 0.159694
v 3.403896 -1.030934 0.156626
v 3.403896 0.556199 0.156626
v 3.433854 -1.030934 0.147538
v 3.433854 0.556199 0.147538
v 3.461462 -1.030934 0.132781
v 3.461462 0.556199 0.132781
v 3.485662 -1.030934 0.112921
v 3.485662 0.556199 0.112921
v 3.505522 -1.030934 0.088721
v 3.505522 0.556199 0.088721
v 3.520279 -1.030934 0.061112
v 3.520279 0.556199 0.061112
v 3.529367 -1.030934 0.031155
v 3.529367 0.556199 0.031155
v 3.532435 -1.030934 0.000000
v 3.532435 0.556199 0.000000
v 3.529367 -1.030934 -0.031155
v 3.529367 0.556199 -0.031155
v 3.520279 -1.030934 -0.061112
v 3.520279 0.556199 -0.061112
v 3.505522 -1.030934 -0.088721
v 3.505522 0.556199 -0.088721
v 3.485662 -1.030934 -0.112921
v 3.485662 0.556199 -0.112921
v 3.461462 -1.030934 -0.132781
v 3.461462 0.556199 -0.132781
v 3.433854 -1.030934 -0.147538
v 3.433854 0.556199 -0.147538
v 3.403896 -1.030934 -0.156626
v 3.403896 0.556199 -0.156626
v 3.934865 0.773328 -0.129456
v 3.960120 0.773328 -0.126968
v 3.984405 0.773328 -0.119601
v 4.006786 0.773328 -0.107638
v 4.026404 0.773328 -0.091539
v 4.042503 0.773328 -0.071922
v 4.054466 0.773328 -0.049541
v 4.061833 0.773328 -0.025256
v 4.064321 0.773328 0.000000
v 4.061833 0.773328 0.025256
v 4.054466 0.773328 0.049541
v 4.042503 0.773328 0.071922
v 4.026404 0.773328 0.091539
v 4.006786 0.773328 0.107638
v 3.984405 0.773328 0.119601
v 3.960120 0.773328 0.126968
v 3.934865 0.773328 0.129456
v 3.909609 0.773328 0.126968
v 3.885324 0.773328 0.119601
v 3.862943 0.773328 0.107638
v 3.843326 0.773328 0.091539
v 3.827226 0.773328 0.071922
v 3.815263 0.773328 0.049541
v 3.807897 0.773328 0.025256
v 3.805409 0.773328 -0.000000
v 3.807897 0.773328 -0.025256
v 3.815263 0.773328 -0.049541
v 3.827226 0.773328 -0.071922
v 3.843326 0.773328 -0.091539
v 3.862943 0.773328 -0.107638
v 3.885324 0.773328 -0.119601
v 3.909609 0.773328 -0.126968
v 3.934865 0.669443 -0.159694
v 3.966020 0.669443 -0.156626
v 3.995977 0.669443 -0.147538
v 4.023586 0.669443 -0.132781
v 4.047786 0.669443 -0.112921
v 4.067646 0.669443 -0.088721
v 4.082403 0.669443 -0.061112
v 4.091490 0.669443 -0.031155
v 4.094559 0.669443 0.000000
v 4.091490 0.669443 0.031155
v 4.082403 0.669443 0.061112
v 4.067646 0.669443 0.088721
v 4.047786 0.669443 0.112921
v 4.023586 0.669443 0.132781
v 3.995977 0.669443 0.147538
v 3.966020 0.669443 0.156626
v 3.934865 0.669443 0.159694
v 3.903710 0.669443 0.156626
v 3.873752 0.669443 0.147538
v 3.846143 0.669443 0.132781
v 3.821944 0.669443 0.112921
v 3.802084 0.669443 0.088721
v 3.787327 0.669443 0.061112
v 3.778239 0.669443 0.031155
v 3.775171 0.669443 -0.000000
v 3.778239 0.669443 -0.031155
v 3.787327 0.669443 -0.061112
v 3.802084 0.669443 -0.088721
v 3.821944 0.669443 -0.112921
v 3.846143 0.669443 -0.132781
v 3.873752 0.669443 -0.147538
v 3.903710 0.669443 -0.156626
v 3.966020 -1.144179 -0.156626
v 3.995977 -1.144179 -0.147538
v 4.023586 -1.144179 -0.132781
v 4.047786 -1.144179 -0.112921
v 4.067646 -1.144179 -0.088721
v 4.082403 -1.144179 -0.061112
v 4.091490 -1.144179 -0.031155
v 4.094559 -1.144179 0.000000
v 4.091490 -1.144179 0.031155
v 4.082403 -1.144179 0.061112
v 4.067646 -1.144179 0.088721
v 4.047786 -1.144179 0.112921
v 4.023586 -1.144179 0.132781
v 3.995977 -1.144179 0.147538
v 3.966020 -1.144179 0.156626
v 3.934865 -1.144179 0.159694
v 3.903710 -1.144179 0.156626
v 3.873752 -1.144179 0.147538
v 3.846143 -1.144179 0.132781
v 3.821944 -1.144179 0.112921
v 3.802084 -1.144179 0.088721
v 3.787327 -1.144179 0.061112
v 3.778239 -1.144179 0.031155
v 3.775171 -1.144179 -0.000000
v 3.778239 -1.144179 -0.031155
v 3.787327 -1.144179 -0.061112
v 3.802084 -1.144179 -0.088721
v 3.821944 -1.144179 -0.112921
v 3.846143 -1.144179 -0.132781
v 3.873752 -1.144179 -0.147538
v 3.903710 -1.144179 -0.156626
v 3.934865 -1.144179 -0.159694
v 3.938071 1.172084 -0.016121
v 3.941165 1.159765 -0.031674
v 3.940009 1.168476 -0.025861
v 3.934865 1.159765 -0.032295
v 3.934865 1.172084 -0.016437
v 3.934865 1.168476 -0.026367
v 3.941155 1.172084 -0.015186
v 3.947223 1.159765 -0.029836
v 3.944955 1.168476 -0.024360
v 3.943997 1.172084 -0.013667
v 3.952807 1.159765 -0.026852
v 3.949513 1.168476 -0.021923
v 3.946488 1.172084 -0.011623
v 3.957700 1.159765 -0.022836
v 3.953509 1.168476 -0.018644
v 3.948532 1.172084 -0.009132
v 3.961717 1.159765 -0.017942
v 3.956788 1.168476 -0.014649
v 3.950051 1.172084 -0.006290
v 3.964701 1.159765 -0.012359
v 3.959225 1.168476 -0.010090
v 3.950986 1.172084 -0.003207
v 3.966539 1.159765 -0.006300
v 3.960725 1.168476 -0.005144
v 3.951302 1.172084 0.000000
v 3.967159 1.159765 0.000000
v 3.961232 1.168476 0.000000
v 3.950986 1.172084 0.003207
v 3.966539 1.159765 0.006300
v 3.960725 1.168476 0.005144
v 3.950051 1.172084 0.006290
v 3.964701 1.159765 0.012359
v 3.959225 1.168476 0.010090
v 3.948532 1.172084 0.009132
v 3.961717 1.159765 0.017942
v 3.956788 1.168476 0.014649
v 3.946488 1.172084 0.011623
v 3.957700 1.159765 0.022836
v 3.953509 1.168476 0.018644
v 3.943997 1.172084 0.013667
v 3.952807 1.159765 0.026852
v 3.949513 1.168476 0.021923
v 3.941155 1.172084 0.015186
v 3.947223 1.159765 0.029836
v 3.944955 1.168476 0.024360
v 3.938071 1.172084 0.016121
v 3.941165 1.159765 0.031674
v 3.940009 1.168476 0.025861
v 3.934865 1.172084 0.016437
v 3.934865 1.159765 0.032295
v 3.934865 1.168476 0.026367
v 3.931658 1.172084 0.016121
v 3.928564 1.159765 0.031674
v 3.929721 1.168476 0.025861
v 3.928575 1.172084 0.015186
v 3.922506 1.159765 0.029836
v 3.924774 1.168476 0.024360
v 3.925733 1.172084 0.013667
v 3.916923 1.159765 0.026852
v 3.920216 1.168476 0.021923
v 3.923242 1.172084 0.011623
v 3.912029 1.159765 0.022836
v 3.916220 1.168476 0.018644
v 3.921198 1.172084 0.009132
v 3.908013 1.159765 0.017942
v 3.912941 1.168476 0.014649
v 3.919679 1.172084 0.006290
v 3.905028 1.159765 0.012359
v 3.910505 1.168476 0.010090
v 3.918743 1.172084 0.003207
v 3.903191 1.159765 0.006300
v 3.909004 1.168476 0.005144
v 3.918427 1.172084 0.000000
v 3.902570 1.159765 0.000000
v 3.908498 1.168476 0.000000
v 3.918743 1.172084 -0.003207
v 3.903191 1.159765 -0.006300
v 3.909004 1.168476 -0.005144
v 3.919679 1.172084 -0.006290
v 3.905028 1.159765 -0.012359
v 3.910505 1.168476 -0.010090
v 3.921198 1.172084 -0.009132
v 3.908013 1.159765 -0.017942
v 3.912941 1.168476 -0.014649
v 3.923242 1.172084 -0.011623
v 3.912029 1.159765 -0.022836
v 3.916220 1.168476 -0.018644
v 3.925733 1.172084 -0.013667
v 3.916923 1.159765 -0.026852
v 3.920216 1.168476 -0.021923
v 3.928575 1.172084 -0.015186
v 3.922506 1.159765 -0.029836
v 3.924774 1.168476 -0.024360
v 3.931658 1.172084 -0.016121
v 3.928564 1.159765 -0.031674
v 3.929721 1.168476 -0.025861
v 3.965254 0.773328 -0.152775
v 3.966020 0.769420 -0.156626
v 3.965795 0.772183 -0.155498
v 3.934865 0.769420 -0.159694
v 3.934865 0.773328 -0.155768
v 3.934865 0.772183 -0.158544
v 3.994474 0.773328 -0.143911
v 3.995977 0.769420 -0.147538
v 3.995537 0.772183 -0.146476
v 4.021405 0.773328 -0.129516
v 4.023586 0.769420 -0.132781
v 4.022947 0.772183 -0.131825
v 4.045009 0.773328 -0.110144
v 4.047786 0.769420 -0.112921
v 4.046972 0.772183 -0.112108
v 4.064381 0.773328 -0.086540
v 4.067646 0.769420 -0.088721
v 4.066689 0.772183 -0.088082
v 4.078775 0.773328 -0.059610
v 4.082403 0.769420 -0.061112
v 4.081340 0.772183 -0.060672
v 4.087639 0.773328 -0.030389
v 4.091490 0.769420 -0.031155
v 4.090363 0.772183 -0.030930
v 4.090632 0.773328 0.000000
v 4.094559 0.769420 0.000000
v 4.093409 0.772183 0.000000
v 4.087639 0.773328 0.030389
v 4.091490 0.769420 0.031155
v 4.090363 0.772183 0.030930
v 4.078775 0.773328 0.059610
v 4.082403 0.769420 0.061112
v 4.081340 0.772183 0.060672
v 4.064381 0.773328 0.086540
v 4.067646 0.769420 0.088721
v 4.066689 0.772183 0.088082
v 4.045009 0.773328 0.110144
v 4.047786 0.769420 0.112921
v 4.046972 0.772183 0.112108
v 4.021405 0.773328 0.129516
v 4.023586 0.769420 0.132781
v 4.022947 0.772183 0.131825
v 3.994474 0.773328 0.143911
v 3.995977 0.769420 0.147538
v 3.995537 0.772183 0.146476
v 3.965254 0.773328 0.152775
v 3.966020 0.769420 0.156626
v 3.965795 0.772183 0.155498
v 3.934865 0.773328 0.155768
v 3.934865 0.769420 0.159694
v 3.934865 0.772183 0.158544
v 3.904476 0.773328 0.152775
v 3.903710 0.769420 0.156626
v 3.903934 0.772183 0.155498
v 3.875255 0.773328 0.143911
v 3.873752 0.769420 0.147538
v 3.874192 0.772183 0.146476
v 3.848325 0.773328 0.129516
v 3.846143 0.769420 0.132781
v 3.846782 0.772183 0.131825
v 3.824720 0.773328 0.110144
v 3.821944 0.769420 0.112921
v 3.822757 0.772183 0.112108
v 3.805349 0.773328 0.086540
v 3.802084 0.769420 0.088721
v 3.803040 0.772183 0.088082
v 3.790954 0.773328 0.059610
v 3.787327 0.769420 0.061112
v 3.788389 0.772183 0.060672
v 3.782090 0.773328 0.030389
v 3.778239 0.769420 0.031155
v 3.779367 0.772183 0.030930
v 3.779097 0.773328 -0.000000
v 3.775171 0.769420 -0.000000
v 3.776321 0.772183 -0.000000
v 3.782090 0.773328 -0.030389
v 3.778239 0.769420 -0.031155
v 3.779367 0.772183 -0.030930
v 3.790954 0.773328 -0.059610
v 3.787327 0.769420 -0.061112
v 3.788389 0.772183 -0.060672
v 3.805349 0.773328 -0.086540
v 3.802084 0.769420 -0.088721
v 3.803040 0.772183 -0.088082
v 3.824720 0.773328 -0.110144
v 3.821944 0.769420 -0.112921
v 3.822757 0.772183 -0.112108
v 3.848325 0.773328 -0.129516
v 3.846143 0.769420 -0.132781
v 3.846782 0.772183 -0.131825
v 3.875255 0.773328 -0.143911
v 3.873752 0.769420 -0.147538
v 3.874192 0.772183 -0.146476
v 3.904476 0.773328 -0.152775
v 3.903710 0.769420 -0.156626
v 3.903934 0.772183 -0.155498
v 3.934865 -1.252416 -0.155282
v 3.934865 -1.248025 -0.159694
v 3.934865 -1.251130 -0.158402
v 3.965159 -1.252416 -0.152299
v 3.966020 -1.248025 -0.156626
v 3.965767 -1.251130 -0.155358
v 3.994289 -1.252416 -0.143462
v 3.995977 -1.248025 -0.147538
v 3.995483 -1.251130 -0.146344
v 4.021135 -1.252416 -0.129112
v 4.023586 -1.248025 -0.132781
v 4.022868 -1.251130 -0.131706
v 4.044666 -1.252416 -0.109801
v 4.047786 -1.248025 -0.112921
v 4.046872 -1.251130 -0.112007
v 4.063977 -1.252416 -0.086270
v 4.067646 -1.248025 -0.088721
v 4.066571 -1.251130 -0.088003
v 4.078327 -1.252416 -0.059424
v 4.082403 -1.248025 -0.061112
v 4.081209 -1.251130 -0.060618
v 4.087163 -1.252416 -0.030294
v 4.091490 -1.248025 -0.031155
v 4.090223 -1.251130 -0.030903
v 4.090147 -1.252416 0.000000
v 4.094559 -1.248025 0.000000
v 4.093267 -1.251130 0.000000
v 4.087163 -1.252416 0.030294
v 4.091490 -1.248025 0.031155
v 4.090223 -1.251130 0.030903
v 4.078327 -1.252416 0.059424
v 4.082403 -1.248025 0.061112
v 4.081209 -1.251130 0.060618
v 4.063977 -1.252416 0.086270
v 4.067646 -1.248025 0.088721
v 4.066571 -1.251130 0.088003
v 4.044666 -1.252416 0.109801
v 4.047786 -1.248025 0.112921
v 4.046872 -1.251130 0.112007
v 4.021135 -1.252416 0.129112
v 4.023586 -1.248025 0.132781
v 4.022868 -1.251130 0.131706
v 3.994289 -1.252416 0.143462
v 3.995977 -1.248025 0.147538
v 3.995483 -1.251130 0.146344
v 3.965159 -1.252416 0.152299
v 3.966020 -1.248025 0.156626
v 3.965767 -1.251130 0.155358
v 3.934865 -1.252416 0.155282
v 3.934865 -1.248025 0.159694
v 3.934865 -1.251130 0.158402
v 3.904571 -1.252416 0.152299
v 3.903710 -1.248025 0.156626
v 3.903962 -1.251130 0.155358
v 3.875441 -1.252416 0.143462
v 3.873752 -1.248025 0.147538
v 3.874247 -1.251130 0.146344
v 3.848595 -1.252416 0.129112
v 3.846143 -1.248025 0.132781
v 3.846861 -1.251130 0.131706
v 3.825064 -1.252416 0.109801
v 3.821944 -1.248025 0.112921
v 3.822858 -1.251130 0.112007
v 3.805752 -1.252416 0.086270
v 3.802084 -1.248025 0.088721
v 3.803158 -1.251130 0.088003
v 3.791403 -1.252416 0.059424
v 3.787327 -1.248025 0.061112
v 3.788520 -1.251130 0.060618
v 3.782566 -1.252416 0.030294
v 3.778239 -1.248025 0.031155
v 3.779506 -1.251130 0.030903
v 3.779583 -1.252416 -0.000000
v 3.775171 -1.248025 -0.000000
v 3.776463 -1.251130 -0.000000
v 3.782566 -1.252416 -0.030294
v 3.778239 -1.248025 -0.031155
v 3.779506 -1.251130 -0.030903
v 3.791403 -1.252416 -0.059424
v 3.787327 -1.248025 -0.061112
v 3.788520 -1.251130 -0.060618
v 3.805752 -1.252416 -0.086270
v 3.802084 -1.248025 -0.088721
v 3.803158 -1.251130 -0.088003
v 3.825064 -1.252416 -0.109801
v 3.821944 -1.248025 -0.112921
v 3.822858 -1.251130 -0.112007
v 3.848595 -1.252416 -0.129112
v 3.846143 -1.248025 -0.132781
v 3.846861 -1.251130 -0.131706
v 3.875441 -1.252416 -0.143462
v 3.873752 -1.248025 -0.147538
v 3.874247 -1.251130 -0.146344
v 3.904571 -1.252416 -0.152299
v 3.903710 -1.248025 -0.156626
v 3.903962 -1.251130 -0.155358
v 3.775171 -0.875289 -0.000000
v 3.775171 0.400554 -0.000000
v 3.966020 -0.875289 -0.156626
v 3.966020 0.400554 -0.156626
v 4.094559 -0.875289 0.000000
v 4.094559 0.400554 0.000000
v 3.995977 -0.875289 -0.147538
v 3.995977 0.400554 -0.147538
v 4.067646 -0.875289 -0.088721
v 4.067646 0.400554 -0.088721
v 4.023586 -0.875289 -0.132781
v 4.023586 0.400554 -0.132781
v 4.082403 -0.875289 -0.061112
v 4.082403 0.400554 -0.061112
v 4.023586 -0.875289 0.132781
v 4.023586 0.400554 0.132781
v 4.091490 -0.875289 -0.031155
v 4.091490 0.400554 -0.031155
v 4.082403 -0.875289 0.061112
v 4.082403 0.400554 0.061112
v 4.047786 -0.875289 -0.112921
v 4.047786 0.400554 -0.112921
v 4.067646 -0.875289 0.088721
v 4.067646 0.400554 0.088721
v 3.934865 -0.875289 0.159694
v 3.934865 0.400554 0.159694
v 4.047786 -0.875289 0.112921
v 4.047786 0.400554 0.112921
v 3.873752 -0.875289 0.147538
v 3.873752 0.400554 0.147538
v 4.091490 -0.875289 0.031155
v 4.091490 0.400554 0.031155
v 3.995977 -0.875289 0.147538
v 3.995977 0.400554 0.147538
v 3.966020 -0.875289 0.156626
v 3.966020 0.400554 0.156626
v 3.821944 -0.875289 0.112921
v 3.821944 0.400554 0.112921
v 3.778239 -0.875289 0.031155
v 3.778239 0.400554 0.031155
v 3.846143 -0.875289 0.132781
v 3.846143 0.400554 0.132781
v 3.802084 -0.875289 0.088721
v 3.802084 0.400554 0.088721
v 3.787327 -0.875289 -0.061112
v 3.787327 0.400554 -0.061112
v 3.821944 -0.875289 -0.112921
v 3.821944 0.400554 -0.112921
v 3.778239 -0.875289 -0.031155
v 3.778239 0.400554 -0.031155
v 3.787327 -0.875289 0.061112
v 3.787327 0.400554 0.061112
v 3.846143 -0.875289 -0.132781
v 3.846143 0.400554 -0.132781
v 3.802084 -0.875289 -0.088721
v 3.802084 0.400554 -0.088721
v 3.903710 -0.875289 0.156626
v 3.903710 0.400554 0.156626
v 3.934865 0.400552 -0.159694
v 3.934865 -0.875290 -0.159694
v 3.903710 -0.875289 -0.156626
v 3.903710 0.400554 -0.156626
v 3.873752 -0.875289 -0.147538
v 3.873752 0.400554 -0.147538
v 3.903710 -0.962905 0.156626
v 3.903710 0.488169 0.156626
v 3.846143 -0.962905 -0.132781
v 3.846143 0.488169 -0.132781
v 3.873752 -0.962905 -0.147538
v 3.873752 0.488169 -0.147538
v 3.934865 0.488169 -0.159694
v 3.934865 -0.962905 -0.159694
v 3.903710 -0.962905 -0.156626
v 3.903710 0.488169 -0.156626
v 3.802084 -0.962905 -0.088721
v 3.802084 0.488169 -0.088721
v 3.775171 -0.962905 -0.000000
v 3.775171 0.488169 -0.000000
v 3.787327 -0.962905 -0.061112
v 3.787327 0.488169 -0.061112
v 3.778239 -0.962905 -0.031155
v 3.778239 0.488169 -0.031155
v 3.821944 -0.962905 -0.112921
v 3.821944 0.488169 -0.112921
v 3.787327 -0.962905 0.061112
v 3.787327 0.488169 0.061112
v 3.802084 -0.962905 0.088721
v 3.802084 0.488169 0.088721
v 3.966020 -0.962905 0.156626
v 3.966020 0.488169 0.156626
v 3.778239 -0.962905 0.031155
v 3.778239 0.488169 0.031155
v 3.821944 -0.962905 0.112921
v 3.821944 0.488169 0.112921
v 3.846143 -0.962905 0.132781
v 3.846143 0.488169 0.132781
v 3.995977 -0.962905 0.147538
v 3.995977 0.488169 0.147538
v 3.934865 -0.962905 0.159694
v 3.934865 0.488169 0.159694
v 3.873752 -0.962905 0.147538
v 3.873752 0.488169 0.147538
v 4.047786 -0.962905 0.112921
v 4.047786 0.488169 0.112921
v 4.091490 -0.962905 0.031155
v 4.091490 0.488169 0.031155
v 4.067646 -0.962905 0.088721
v 4.067646 0.488169 0.088721
v 4.023586 -0.962905 0.132781
v 4.023586 0.488169 0.132781
v 4.082403 -0.962905 0.061112
v 4.082403 0.488169 0.061112
v 4.091490 -0.962905 -0.031155
v 4.091490 0.488169 -0.031155
v 4.047786 -0.962905 -0.112921
v 4.047786 0.488169 -0.112921
v 4.082403 -0.962905 -0.061112
v 4.082403 0.488169 -0.061112
v 4.094559 -0.962905 0.000000
v 4.094559 0.488169 0.000000
v 4.067646 -0.962905 -0.088721
v 4.067646 0.488169 -0.088721
v 3.995977 -0.962905 -0.147538
v 3.995977 0.488169 -0.147538
v 4.023586 -0.962905 -0.132781
v 4.023586 0.488169 -0.132781
v 3.966020 -0.962905 -0.156626
v 3.966020 0.488169 -0.156626
v 4.023586 -0.999523 -0.132781
v 4.023586 0.524787 -0.132781
v 3.966020 -0.999523 -0.156626
v 3.966020 0.524787 -0.156626
v 3.995977 -0.999523 -0.147538
v 3.995977 0.524787 -0.147538
v 4.047786 -0.999523 -0.112921
v 4.047786 0.524787 -0.112921
v 4.094559 -0.999523 0.000000
v 4.094559 0.524787 0.000000
v 4.082403 -0.999523 -0.061112
v 4.082403 0.524787 -0.061112
v 4.067646 -0.999523 -0.088721
v 4.067646 0.524787 -0.088721
v 4.091490 -0.999523 -0.031155
v 4.091490 0.524787 -0.031155
v 4.091490 -0.999523 0.031155
v 4.091490 0.524787 0.031155
v 4.023586 -0.999523 0.132781
v 4.023586 0.524787 0.132781
v 4.067646 -0.999523 0.088721
v 4.067646 0.524787 0.088721
v 4.082403 -0.999523 0.061112
v 4.082403 0.524787 0.061112
v 4.047786 -0.999523 0.112921
v 4.047786 0.524787 0.112921
v 3.995977 -0.999523 0.147538
v 3.995977 0.524787 0.147538
v 3.873752 -0.999523 0.147538
v 3.873752 0.524787 0.147538
v 3.934865 -0.999523 0.159694
v 3.934865 0.524787 0.159694
v 3.966020 -0.999523 0.156626
v 3.966020 0.524787 0.156626
v 3.903710 -0.999523 0.156626
v 3.903710 0.524787 0.156626
v 3.846143 -0.999523 0.132781
v 3.846143 0.524787 0.132781
v 3.778239 -0.999523 0.031155
v 3.778239 0.524787 0.031155
v 3.802084 -0.999523 0.088721
v 3.802084 0.524787 0.088721
v 3.821944 -0.999523 0.112921
v 3.821944 0.524787 0.112921
v 3.787327 -0.999523 0.061112
v 3.787327 0.524787 0.061112
v 3.775171 -0.999523 -0.000000
v 3.775171 0.524787 -0.000000
v 3.821944 -0.999523 -0.112921
v 3.821944 0.524787 -0.112921
v 3.787327 -0.999523 -0.061112
v 3.787327 0.524787 -0.061112
v 3.778239 -0.999523 -0.031155
v 3.778239 0.524787 -0.031155
v 3.802084 -0.999523 -0.088721
v 3.802084 0.524787 -0.088721
v 3.846143 -0.999523 -0.132781
v 3.846143 0.524787 -0.132781
v 3.903710 -0.999523 -0.156626
v 3.903710 0.524787 -0.156626
v 3.873752 -0.999523 -0.147538
v 3.873752 0.524787 -0.147538
v 3.934865 0.524787 -0.159694
v 3.934865 -0.999523 -0.159694
v 3.934865 0.556199 -0.159694
v 3.934865 -1.030934 -0.159694
v 3.903710 -1.030934 -0.156626
v 3.903710 0.556199 -0.156626
v 3.873752 -1.030934 -0.147538
v 3.873752 0.556199 -0.147538
v 3.846143 -1.030934 -0.132781
v 3.846143 0.556199 -0.132781
v 3.821944 -1.030934 -0.112921
v 3.821944 0.556199 -0.112921
v 3.802084 -1.030934 -0.088721
v 3.802084 0.556199 -0.088721
v 3.787327 -1.030934 -0.061112
v 3.787327 0.556199 -0.061112
v 3.778239 -1.030934 -0.031155
v 3.778239 0.556199 -0.031155
v 3.775171 -1.030934 -0.000000
v 3.775171 0.556199 -0.000000
v 3.778239 -1.030934 0.031155
v 3.778239 0.556199 0.031155
v 3.787327 -1.030934 0.061112
v 3.787327 0.556199 0.061112
v 3.802084 -1.030934 0.088721
v 3.802084 0.556199 0.088721
v 3.821944 -1.030934 0.112921
v 3.821944 0.556199 0.112921
v 3.846143 -1.030934 0.132781
v 3.846143 0.556199 0.132781
v 3.873752 -1.030934 0.147538
v 3.873752 0.556199 0.147538
v 3.903710 -1.030934 0.156626
v 3.903710 0.556199 0.156626
v 3.934865 -1.030934 0.159694
v 3.934865 0.556199 0.159694
v 3.966020 -1.030934 0.156626
v 3.966020 0.556199 0.156626
v 3.995977 -1.030934 0.147538
v 3.995977 0.556199 0.147538
v 4.023586 -1.030934 0.132781
v 4.023586 0.556199 0.132781
v 4.047786 -1.030934 0.112921
v 4.047786 0.556199 0.112921
v 4.067646 -1.030934 0.088721
v 4.067646 0.556199 0.088721
v 4.082403 -1.030934 0.061112
v 4.082403 0.556199 0.061112
v 4.091490 -1.030934 0.031155
v 4.091490 0.556199 0.031155
v 4.094559 -1.030934 0.000000
v 4.094559 0.556199 0.000000
v 4.091490 -1.030934 -0.031155
v 4.091490 0.556199 -0.031155
v 4.082403 -1.030934 -0.061112
v 4.082403 0.556199 -0.061112
v 4.067646 -1.030934 -0.088721
v 4.067646 0.556199 -0.088721
v 4.047786 -1.030934 -0.112921
v 4.047786 0.556199 -0.112921
v 4.023586 -1.030934 -0.132781
v 4.023586 0.556199 -0.132781
v 3.995977 -1.030934 -0.147538
v 3.995977 0.556199 -0.147538
v 3.966020 -1.030934 -0.156626
v 3.966020 0.556199 -0.156626
v 0.025256 0.773328 -0.126968
v -0.000000 0.773328 -0.129456
v 0.049541 0.773328 -0.119601
v 0.071922 0.773328 -0.107638
v 0.091539 0.773328 -0.091539
v 0.107638 0.773328 -0.071922
v 0.119601 0.773328 -0.049541
v 0.126968 0.773328 -0.025256
v 0.129456 0.773328 0.000000
v 0.126968 0.773328 0.025256
v 0.119601 0.773328 0.049541
v 0.107638 0.773328 0.071922
v 0.091539 0.773328 0.091539
v 0.071922 0.773328 0.107638
v 0.049541 0.773328 0.119601
v 0.025256 0.773328 0.126968
v -0.000000 0.773328 0.129456
v -0.025256 0.773328 0.126968
v -0.049541 0.773328 0.119601
v -0.071922 0.773328 0.107638
v -0.091539 0.773328 0.091539
v -0.107638 0.773328 0.071922
v -0.119601 0.773328 0.049541
v -0.126968 0.773328 0.025256
v -0.129456 0.773328 -0.000000
v -0.126968 0.773328 -0.025256
v -0.119601 0.773328 -0.049541
v -0.107638 0.773328 -0.071922
v -0.091539 0.773328 -0.091539
v -0.071922 0.773328 -0.107638
v -0.049541 0.773328 -0.119601
v -0.025256 0.773328 -0.126968
v -0.000000 1.168476 -0.026367
v 0.005144 1.168476 -0.025861
v 0.010090 1.168476 -0.024360
v 0.014649 1.168476 -0.021923
v 0.018644 1.168476 -0.018644
v 0.021923 1.168476 -0.014649
v 0.024360 1.168476 -0.010090
v 0.025860 1.168476 -0.005144
v 0.026367 1.168476 0.000000
v 0.025860 1.168476 0.005144
v 0.024360 1.168476 0.010090
v 0.021923 1.168476 0.014649
v 0.018644 1.168476 0.018644
v 0.014649 1.168476 0.021923
v 0.010090 1.168476 0.024360
v 0.005144 1.168476 0.025861
v -0.000000 1.168476 0.026367
v -0.005144 1.168476 0.025861
v -0.010090 1.168476 0.024360
v -0.014649 1.168476 0.021923
v -0.018644 1.168476 0.018644
v -0.021924 1.168476 0.014649
v -0.024360 1.168476 0.010090
v -0.025861 1.168476 0.005144
v -0.026367 1.168476 0.000000
v -0.025861 1.168476 -0.005144
v -0.024360 1.168476 -0.010090
v -0.021924 1.168476 -0.014649
v -0.018644 1.168476 -0.018644
v -0.014649 1.168476 -0.021923
v -0.010090 1.168476 -0.024360
v -0.005144 1.168476 -0.025861
v -0.000000 0.772183 -0.158544
v 0.030930 0.772183 -0.155498
v 0.060672 0.772183 -0.146476
v 0.088082 0.772183 -0.131825
v 0.112108 0.772183 -0.112108
v 0.131825 0.772183 -0.088082
v 0.146476 0.772183 -0.060672
v 0.155498 0.772183 -0.030930
v 0.158544 0.772183 0.000000
v 0.155498 0.772183 0.030930
v 0.146476 0.772183 0.060672
v 0.131825 0.772183 0.088082
v 0.112108 0.772183 0.112108
v 0.088082 0.772183 0.131825
v 0.060672 0.772183 0.146476
v 0.030930 0.772183 0.155498
v -0.000000 0.772183 0.158544
v -0.030930 0.772183 0.155498
v -0.060672 0.772183 0.146476
v -0.088082 0.772183 0.131825
v -0.112108 0.772183 0.112108
v -0.131825 0.772183 0.088082
v -0.146476 0.772183 0.060672
v -0.155498 0.772183 0.030930
v -0.158544 0.772183 -0.000000
v -0.155498 0.772183 -0.030930
v -0.146476 0.772183 -0.060672
v -0.131825 0.772183 -0.088082
v -0.112108 0.772183 -0.112108
v -0.088082 0.772183 -0.131825
v -0.060672 0.772183 -0.146476
v -0.030930 0.772183 -0.155498
v 0.030903 -1.251130 -0.155358
v 0.000000 -1.251130 -0.158402
v 0.060618 -1.251130 -0.146344
v 0.088003 -1.251130 -0.131706
v 0.112007 -1.251130 -0.112007
v 0.131706 -1.251130 -0.088003
v 0.146344 -1.251130 -0.060618
v 0.155358 -1.251130 -0.030903
v 0.158402 -1.251130 0.000000
v 0.155358 -1.251130 0.030903
v 0.146344 -1.251130 0.060618
v 0.131706 -1.251130 0.088003
v 0.112007 -1.251130 0.112007
v 0.088003 -1.251130 0.131706
v 0.060618 -1.251130 0.146344
v 0.030903 -1.251130 0.155358
v -0.000000 -1.251130 0.158402
v -0.030903 -1.251130 0.155358
v -0.060618 -1.251130 0.146344
v -0.088003 -1.251130 0.131706
v -0.112007 -1.251130 0.112007
v -0.131706 -1.251130 0.088003
v -0.146344 -1.251130 0.060618
v -0.155358 -1.251130 0.030903
v -0.158402 -1.251130 -0.000000
v -0.155358 -1.251130 -0.030903
v -0.146344 -1.251130 -0.060618
v -0.131706 -1.251130 -0.088003
v -0.112007 -1.251130 -0.112007
v -0.088003 -1.251130 -0.131706
v -0.060618 -1.251130 -0.146344
v -0.030903 -1.251130 -0.155358
v 0.587379 0.773328 -0.126968
v 0.562124 0.773328 -0.129456
v 0.611664 0.773328 -0.119601
v 0.634045 0.773328 -0.107638
v 0.653662 0.773328 -0.091539
v 0.669762 0.773328 -0.071922
v 0.681725 0.773328 -0.049541
v 0.689092 0.773328 -0.025256
v 0.691579 0.773328 0.000000
v 0.689092 0.773328 0.025256
v 0.681725 0.773328 0.049541
v 0.669762 0.773328 0.071922
v 0.653662 0.773328 0.091539
v 0.634045 0.773328 0.107638
v 0.611664 0.773328 0.119601
v 0.587379 0.773328 0.126968
v 0.562124 0.773328 0.129456
v 0.536868 0.773328 0.126968
v 0.512583 0.773328 0.119601
v 0.490202 0.773328 0.107638
v 0.470585 0.773328 0.091539
v 0.454485 0.773328 0.071922
v 0.442522 0.773328 0.049541
v 0.435155 0.773328 0.025256
v 0.432668 0.773328 -0.000000
v 0.435155 0.773328 -0.025256
v 0.442522 0.773328 -0.049541
v 0.454485 0.773328 -0.071922
v 0.470585 0.773328 -0.091539
v 0.490202 0.773328 -0.107638
v 0.512583 0.773328 -0.119601
v 0.536868 0.773328 -0.126968
v 0.562124 1.168476 -0.026367
v 0.567267 1.168476 -0.025861
v 0.572214 1.168476 -0.024360
v 0.576772 1.168476 -0.021923
v 0.580768 1.168476 -0.018644
v 0.584047 1.168476 -0.014649
v 0.586484 1.168476 -0.010090
v 0.587984 1.168476 -0.005144
v 0.588491 1.168476 0.000000
v 0.587984 1.168476 0.005144
v 0.586484 1.168476 0.010090
v 0.584047 1.168476 0.014649
v 0.580768 1.168476 0.018644
v 0.576772 1.168476 0.021923
v 0.572214 1.168476 0.024360
v 0.567267 1.168476 0.025861
v 0.562124 1.168476 0.026367
v 0.556980 1.168476 0.025861
v 0.552033 1.168476 0.024360
v 0.547475 1.168476 0.021923
v 0.543479 1.168476 0.018644
v 0.540200 1.168476 0.014649
v 0.537763 1.168476 0.010090
v 0.536263 1.168476 0.005144
v 0.535756 1.168476 0.000000
v 0.536263 1.168476 -0.005144
v 0.537763 1.168476 -0.010090
v 0.540200 1.168476 -0.014649
v 0.543479 1.168476 -0.018644
v 0.547475 1.168476 -0.021923
v 0.552033 1.168476 -0.024360
v 0.556980 1.168476 -0.025861
v 0.562124 0.772183 -0.158544
v 0.593054 0.772183 -0.155498
v 0.622796 0.772183 -0.146476
v 0.650206 0.772183 -0.131825
v 0.674231 0.772183 -0.112108
v 0.693948 0.772183 -0.088082
v 0.708599 0.772183 -0.060672
v 0.717621 0.772183 -0.030930
v 0.720668 0.772183 0.000000
v 0.717621 0.772183 0.030930
v 0.708599 0.772183 0.060672
v 0.693948 0.772183 0.088082
v 0.674231 0.772183 0.112108
v 0.650206 0.772183 0.131825
v 0.622796 0.772183 0.146476
v 0.593054 0.772183 0.155498
v 0.562124 0.772183 0.158544
v 0.531193 0.772183 0.155498
v 0.501451 0.772183 0.146476
v 0.474041 0.772183 0.131825
v 0.450016 0.772183 0.112108
v 0.430299 0.772183 0.088082
v 0.415648 0.772183 0.060672
v 0.406626 0.772183 0.030930
v 0.403579 0.772183 -0.000000
v 0.406626 0.772183 -0.030930
v 0.415648 0.772183 -0.060672
v 0.430299 0.772183 -0.088082
v 0.450016 0.772183 -0.112108
v 0.474041 0.772183 -0.131825
v 0.501451 0.772183 -0.146476
v 0.531193 0.772183 -0.155498
v 0.593026 -1.251130 -0.155358
v 0.562124 -1.251130 -0.158402
v 0.622741 -1.251130 -0.146344
v 0.650127 -1.251130 -0.131706
v 0.674131 -1.251130 -0.112007
v 0.693830 -1.251130 -0.088003
v 0.708468 -1.251130 -0.060618
v 0.717482 -1.251130 -0.030903
v 0.720526 -1.251130 0.000000
v 0.717482 -1.251130 0.030903
v 0.708468 -1.251130 0.060618
v 0.693830 -1.251130 0.088003
v 0.674131 -1.251130 0.112007
v 0.650127 -1.251130 0.131706
v 0.622741 -1.251130 0.146344
v 0.593026 -1.251130 0.155358
v 0.562124 -1.251130 0.158402
v 0.531221 -1.251130 0.155358
v 0.501506 -1.251130 0.146344
v 0.474120 -1.251130 0.131706
v 0.450116 -1.251130 0.112007
v 0.430417 -1.251130 0.088003
v 0.415779 -1.251130 0.060618
v 0.406765 -1.251130 0.030903
v 0.403722 -1.251130 -0.000000
v 0.406765 -1.251130 -0.030903
v 0.415779 -1.251130 -0.060618
v 0.430417 -1.251130 -0.088003
v 0.450116 -1.251130 -0.112007
v 0.474120 -1.251130 -0.131706
v 0.501506 -1.251130 -0.146344
v 0.531221 -1.251130 -0.155358
v 1.149503 0.773328 -0.126968
v 1.124247 0.773328 -0.129456
v 1.173788 0.773328 -0.119601
v 1.196169 0.773328 -0.107638
v 1.215786 0.773328 -0.091539
v 1.231885 0.773328 -0.071922
v 1.243848 0.773328 -0.049541
v 1.251215 0.773328 -0.025256
v 1.253703 0.773328 0.000000
v 1.251215 0.773328 0.025256
v 1.243848 0.773328 0.049541
v 1.231885 0.773328 0.071922
v 1.215786 0.773328 0.091539
v 1.196169 0.773328 0.107638
v 1.173788 0.773328 0.119601
v 1.149503 0.773328 0.126968
v 1.124247 0.773328 0.129456
v 1.098992 0.773328 0.126968
v 1.074707 0.773328 0.119601
v 1.052325 0.773328 0.107638
v 1.032708 0.773328 0.091539
v 1.016609 0.773328 0.071922
v 1.004646 0.773328 0.049541
v 0.997279 0.773328 0.025256
v 0.994792 0.773328 -0.000000
v 0.997279 0.773328 -0.025256
v 1.004646 0.773328 -0.049541
v 1.016609 0.773328 -0.071922
v 1.032708 0.773328 -0.091539
v 1.052325 0.773328 -0.107638
v 1.074707 0.773328 -0.119601
v 1.098992 0.773328 -0.126968
v 1.124247 1.168476 -0.026367
v 1.129391 1.168476 -0.025861
v 1.134337 1.168476 -0.024360
v 1.138896 1.168476 -0.021923
v 1.142891 1.168476 -0.018644
v 1.146170 1.168476 -0.014649
v 1.148607 1.168476 -0.010090
v 1.150108 1.168476 -0.005144
v 1.150614 1.168476 0.000000
v 1.150108 1.168476 0.005144
v 1.148607 1.168476 0.010090
v 1.146170 1.168476 0.014649
v 1.142891 1.168476 0.018644
v 1.138896 1.168476 0.021923
v 1.134337 1.168476 0.024360
v 1.129391 1.168476 0.025861
v 1.124247 1.168476 0.026367
v 1.119103 1.168476 0.025861
v 1.114157 1.168476 0.024360
v 1.109598 1.168476 0.021923
v 1.105603 1.168476 0.018644
v 1.102324 1.168476 0.014649
v 1.099887 1.168476 0.010090
v 1.098387 1.168476 0.005144
v 1.097880 1.168476 0.000000
v 1.098387 1.168476 -0.005144
v 1.099887 1.168476 -0.010090
v 1.102324 1.168476 -0.014649
v 1.105603 1.168476 -0.018644
v 1.109598 1.168476 -0.021923
v 1.114157 1.168476 -0.024360
v 1.119103 1.168476 -0.025861
v 1.124247 0.772183 -0.158544
v 1.155177 0.772183 -0.155498
v 1.184919 0.772183 -0.146476
v 1.212330 0.772183 -0.131825
v 1.236355 0.772183 -0.112108
v 1.256072 0.772183 -0.088082
v 1.270723 0.772183 -0.060672
v 1.279745 0.772183 -0.030930
v 1.282791 0.772183 0.000000
v 1.279745 0.772183 0.030930
v 1.270723 0.772183 0.060672
v 1.256072 0.772183 0.088082
v 1.236355 0.772183 0.112108
v 1.212330 0.772183 0.131825
v 1.184919 0.772183 0.146476
v 1.155177 0.772183 0.155498
v 1.124247 0.772183 0.158544
v 1.093317 0.772183 0.155498
v 1.063575 0.772183 0.146476
v 1.036165 0.772183 0.131825
v 1.012139 0.772183 0.112108
v 0.992422 0.772183 0.088082
v 0.977771 0.772183 0.060672
v 0.968749 0.772183 0.030930
v 0.965703 0.772183 -0.000000
v 0.968749 0.772183 -0.030930
v 0.977771 0.772183 -0.060672
v 0.992422 0.772183 -0.088082
v 1.012139 0.772183 -0.112108
v 1.036165 0.772183 -0.131825
v 1.063575 0.772183 -0.146476
v 1.093317 0.772183 -0.155498
v 1.155150 -1.251130 -0.155358
v 1.124247 -1.251130 -0.158402
v 1.184865 -1.251130 -0.146344
v 1.212250 -1.251130 -0.131706
v 1.236254 -1.251130 -0.112007
v 1.255954 -1.251130 -0.088003
v 1.270591 -1.251130 -0.060618
v 1.279605 -1.251130 -0.030903
v 1.282649 -1.251130 0.000000
v 1.279605 -1.251130 0.030903
v 1.270591 -1.251130 0.060618
v 1.255954 -1.251130 0.088003
v 1.236254 -1.251130 0.112007
v 1.212250 -1.251130 0.131706
v 1.184865 -1.251130 0.146344
v 1.155150 -1.251130 0.155358
v 1.124247 -1.251130 0.158402
v 1.093344 -1.251130 0.155358
v 1.063629 -1.251130 0.146344
v 1.036244 -1.251130 0.131706
v 1.012240 -1.251130 0.112007
v 0.992541 -1.251130 0.088003
v 0.977903 -1.251130 0.060618
v 0.968889 -1.251130 0.030903
v 0.965845 -1.251130 -0.000000
v 0.968889 -1.251130 -0.030903
v 0.977903 -1.251130 -0.060618
v 0.992541 -1.251130 -0.088003
v 1.012240 -1.251130 -0.112007
v 1.036244 -1.251130 -0.131706
v 1.063629 -1.251130 -0.146344
v 1.093344 -1.251130 -0.155358
v 1.711626 0.773328 -0.126968
v 1.686371 0.773328 -0.129456
v 1.735911 0.773328 -0.119601
v 1.758292 0.773328 -0.107638
v 1.777910 0.773328 -0.091539
v 1.794009 0.773328 -0.071922
v 1.805972 0.773328 -0.049541
v 1.813339 0.773328 -0.025256
v 1.815826 0.773328 0.000000
v 1.813339 0.773328 0.025256
v 1.805972 0.773328 0.049541
v 1.794009 0.773328 0.071922
v 1.777910 0.773328 0.091539
v 1.758292 0.773328 0.107638
v 1.735911 0.773328 0.119601
v 1.711626 0.773328 0.126968
v 1.686371 0.773328 0.129456
v 1.661115 0.773328 0.126968
v 1.636830 0.773328 0.119601
v 1.614449 0.773328 0.107638
v 1.594832 0.773328 0.091539
v 1.578732 0.773328 0.071922
v 1.566769 0.773328 0.049541
v 1.559402 0.773328 0.025256
v 1.556915 0.773328 -0.000000
v 1.559402 0.773328 -0.025256
v 1.566769 0.773328 -0.049541
v 1.578732 0.773328 -0.071922
v 1.594832 0.773328 -0.091539
v 1.614449 0.773328 -0.107638
v 1.636830 0.773328 -0.119601
v 1.661115 0.773328 -0.126968
v 1.686371 1.168476 -0.026367
v 1.691515 1.168476 -0.025861
v 1.696461 1.168476 -0.024360
v 1.701019 1.168476 -0.021923
v 1.705015 1.168476 -0.018644
v 1.708294 1.168476 -0.014649
v 1.710731 1.168476 -0.010090
v 1.712231 1.168476 -0.005144
v 1.712738 1.168476 0.000000
v 1.712231 1.168476 0.005144
v 1.710731 1.168476 0.010090
v 1.708294 1.168476 0.014649
v 1.705015 1.168476 0.018644
v 1.701019 1.168476 0.021923
v 1.696461 1.168476 0.024360
v 1.691515 1.168476 0.025861
v 1.686371 1.168476 0.026367
v 1.681227 1.168476 0.025861
v 1.676280 1.168476 0.024360
v 1.671722 1.168476 0.021923
v 1.667726 1.168476 0.018644
v 1.664447 1.168476 0.014649
v 1.662011 1.168476 0.010090
v 1.660510 1.168476 0.005144
v 1.660003 1.168476 0.000000
v 1.660510 1.168476 -0.005144
v 1.662011 1.168476 -0.010090
v 1.664447 1.168476 -0.014649
v 1.667726 1.168476 -0.018644
v 1.671722 1.168476 -0.021923
v 1.676280 1.168476 -0.024360
v 1.681227 1.168476 -0.025861
v 1.686371 0.772183 -0.158544
v 1.717301 0.772183 -0.155498
v 1.747043 0.772183 -0.146476
v 1.774453 0.772183 -0.131825
v 1.798478 0.772183 -0.112108
v 1.818195 0.772183 -0.088082
v 1.832846 0.772183 -0.060672
v 1.841868 0.772183 -0.030930
v 1.844915 0.772183 0.000000
v 1.841868 0.772183 0.030930
v 1.832846 0.772183 0.060672
v 1.818195 0.772183 0.088082
v 1.798478 0.772183 0.112108
v 1.774453 0.772183 0.131825
v 1.747043 0.772183 0.146476
v 1.717301 0.772183 0.155498
v 1.686371 0.772183 0.158544
v 1.655440 0.772183 0.155498
v 1.625698 0.772183 0.146476
v 1.598288 0.772183 0.131825
v 1.574263 0.772183 0.112108
v 1.554546 0.772183 0.088082
v 1.539895 0.772183 0.060672
v 1.530873 0.772183 0.030930
v 1.527826 0.772183 -0.000000
v 1.530873 0.772183 -0.030930
v 1.539895 0.772183 -0.060672
v 1.554546 0.772183 -0.088082
v 1.574263 0.772183 -0.112108
v 1.598288 0.772183 -0.131825
v 1.625698 0.772183 -0.146476
v 1.655440 0.772183 -0.155498
v 1.717273 -1.251130 -0.155358
v 1.686371 -1.251130 -0.158402
v 1.746988 -1.251130 -0.146344
v 1.774374 -1.251130 -0.131706
v 1.798378 -1.251130 -0.112007
v 1.818077 -1.251130 -0.088003
v 1.832715 -1.251130 -0.060618
v 1.841729 -1.251130 -0.030903
v 1.844773 -1.251130 0.000000
v 1.841729 -1.251130 0.030903
v 1.832715 -1.251130 0.060618
v 1.818077 -1.251130 0.088003
v 1.798378 -1.251130 0.112007
v 1.774374 -1.251130 0.131706
v 1.746988 -1.251130 0.146344
v 1.717273 -1.251130 0.155358
v 1.686371 -1.251130 0.158402
v 1.655468 -1.251130 0.155358
v 1.625753 -1.251130 0.146344
v 1.598367 -1.251130 0.131706
v 1.574363 -1.251130 0.112007
v 1.554664 -1.251130 0.088003
v 1.540026 -1.251130 0.060618
v 1.531012 -1.251130 0.030903
v 1.527969 -1.251130 -0.000000
v 1.531012 -1.251130 -0.030903
v 1.540026 -1.251130 -0.060618
v 1.554664 -1.251130 -0.088003
v 1.574363 -1.251130 -0.112007
v 1.598367 -1.251130 -0.131706
v 1.625753 -1.251130 -0.146344
v 1.655468 -1.251130 -0.155358
v 2.273750 0.773328 -0.126968
v 2.248494 0.773328 -0.129456
v 2.298035 0.773328 -0.119601
v 2.320416 0.773328 -0.107638
v 2.340033 0.773328 -0.091539
v 2.356133 0.773328 -0.071922
v 2.368095 0.773328 -0.049541
v 2.375462 0.773328 -0.025256
v 2.377950 0.773328 0.000000
v 2.375462 0.773328 0.025256
v 2.368096 0.773328 0.049541
v 2.356133 0.773328 0.071922
v 2.340033 0.773328 0.091539
v 2.320416 0.773328 0.107638
v 2.298035 0.773328 0.119601
v 2.273750 0.773328 0.126968
v 2.248494 0.773328 0.129456
v 2.223239 0.773328 0.126968
v 2.198954 0.773328 0.119601
v 2.176573 0.773328 0.107638
v 2.156955 0.773328 0.091539
v 2.140856 0.773328 0.071922
v 2.128893 0.773328 0.049541
v 2.121526 0.773328 0.025256
v 2.119039 0.773328 -0.000000
v 2.121526 0.773328 -0.025256
v 2.128893 0.773328 -0.049541
v 2.140856 0.773328 -0.071922
v 2.156955 0.773328 -0.091539
v 2.176573 0.773328 -0.107638
v 2.198954 0.773328 -0.119601
v 2.223239 0.773328 -0.126968
v 2.248494 1.168476 -0.026367
v 2.253638 1.168476 -0.025861
v 2.258584 1.168476 -0.024360
v 2.263143 1.168476 -0.021923
v 2.267138 1.168476 -0.018644
v 2.270418 1.168476 -0.014649
v 2.272854 1.168476 -0.010090
v 2.274355 1.168476 -0.005144
v 2.274861 1.168476 0.000000
v 2.274355 1.168476 0.005144
v 2.272854 1.168476 0.010090
v 2.270418 1.168476 0.014649
v 2.267138 1.168476 0.018644
v 2.263143 1.168476 0.021923
v 2.258584 1.168476 0.024360
v 2.253638 1.168476 0.025861
v 2.248494 1.168476 0.026367
v 2.243350 1.168476 0.025861
v 2.238404 1.168476 0.024360
v 2.233845 1.168476 0.021923
v 2.229850 1.168476 0.018644
v 2.226571 1.168476 0.014649
v 2.224134 1.168476 0.010090
v 2.222634 1.168476 0.005144
v 2.222127 1.168476 0.000000
v 2.222634 1.168476 -0.005144
v 2.224134 1.168476 -0.010090
v 2.226571 1.168476 -0.014649
v 2.229850 1.168476 -0.018644
v 2.233845 1.168476 -0.021923
v 2.238404 1.168476 -0.024360
v 2.243350 1.168476 -0.025861
v 2.248494 0.772183 -0.158544
v 2.279425 0.772183 -0.155498
v 2.309166 0.772183 -0.146476
v 2.336576 0.772183 -0.131825
v 2.360602 0.772183 -0.112108
v 2.380319 0.772183 -0.088082
v 2.394970 0.772183 -0.060672
v 2.403992 0.772183 -0.030930
v 2.407038 0.772183 0.000000
v 2.403992 0.772183 0.030930
v 2.394970 0.772183 0.060672
v 2.380319 0.772183 0.088082
v 2.360602 0.772183 0.112108
v 2.336576 0.772183 0.131825
v 2.309166 0.772183 0.146476
v 2.279425 0.772183 0.155498
v 2.248494 0.772183 0.158544
v 2.217564 0.772183 0.155498
v 2.187822 0.772183 0.146476
v 2.160412 0.772183 0.131825
v 2.136386 0.772183 0.112108
v 2.116669 0.772183 0.088082
v 2.102018 0.772183 0.060672
v 2.092996 0.772183 0.030930
v 2.089950 0.772183 -0.000000
v 2.092996 0.772183 -0.030930
v 2.102018 0.772183 -0.060672
v 2.116669 0.772183 -0.088082
v 2.136386 0.772183 -0.112108
v 2.160412 0.772183 -0.131825
v 2.187822 0.772183 -0.146476
v 2.217564 0.772183 -0.155498
v 2.279397 -1.251130 -0.155358
v 2.248494 -1.251130 -0.158402
v 2.309112 -1.251130 -0.146344
v 2.336498 -1.251130 -0.131706
v 2.360501 -1.251130 -0.112007
v 2.380201 -1.251130 -0.088003
v 2.394839 -1.251130 -0.060618
v 2.403852 -1.251130 -0.030903
v 2.406896 -1.251130 0.000000
v 2.403852 -1.251130 0.030903
v 2.394839 -1.251130 0.060618
v 2.380201 -1.251130 0.088003
v 2.360501 -1.251130 0.112007
v 2.336498 -1.251130 0.131706
v 2.309112 -1.251130 0.146344
v 2.279397 -1.251130 0.155358
v 2.248494 -1.251130 0.158402
v 2.217592 -1.251130 0.155358
v 2.187876 -1.251130 0.146344
v 2.160491 -1.251130 0.131706
v 2.136487 -1.251130 0.112007
v 2.116788 -1.251130 0.088003
v 2.102150 -1.251130 0.060618
v 2.093136 -1.251130 0.030903
v 2.090092 -1.251130 -0.000000
v 2.093136 -1.251130 -0.030903
v 2.102150 -1.251130 -0.060618
v 2.116788 -1.251130 -0.088003
v 2.136487 -1.251130 -0.112007
v 2.160491 -1.251130 -0.131706
v 2.187876 -1.251130 -0.146344
v 2.217592 -1.251130 -0.155358
v 2.835873 0.773328 -0.126968
v 2.810618 0.773328 -0.129456
v 2.860158 0.773328 -0.119601
v 2.882539 0.773328 -0.107638
v 2.902157 0.773328 -0.091539
v 2.918256 0.773328 -0.071922
v 2.930219 0.773328 -0.049541
v 2.937586 0.773328 -0.025256
v 2.940073 0.773328 0.000000
v 2.937586 0.773328 0.025256
v 2.930219 0.773328 0.049541
v 2.918256 0.773328 0.071922
v 2.902157 0.773328 0.091539
v 2.882539 0.773328 0.107638
v 2.860158 0.773328 0.119601
v 2.835873 0.773328 0.126968
v 2.810618 0.773328 0.129456
v 2.785362 0.773328 0.126968
v 2.761077 0.773328 0.119601
v 2.738696 0.773328 0.107638
v 2.719079 0.773328 0.091539
v 2.702979 0.773328 0.071922
v 2.691016 0.773328 0.049541
v 2.683650 0.773328 0.025256
v 2.681162 0.773328 -0.000000
v 2.683650 0.773328 -0.025256
v 2.691016 0.773328 -0.049541
v 2.702979 0.773328 -0.071922
v 2.719079 0.773328 -0.091539
v 2.738696 0.773328 -0.107638
v 2.761077 0.773328 -0.119601
v 2.785362 0.773328 -0.126968
v 2.810618 1.168476 -0.026367
v 2.815762 1.168476 -0.025861
v 2.820708 1.168476 -0.024360
v 2.825266 1.168476 -0.021923
v 2.829262 1.168476 -0.018644
v 2.832541 1.168476 -0.014649
v 2.834978 1.168476 -0.010090
v 2.836478 1.168476 -0.005144
v 2.836985 1.168476 0.000000
v 2.836478 1.168476 0.005144
v 2.834978 1.168476 0.010090
v 2.832541 1.168476 0.014649
v 2.829262 1.168476 0.018644
v 2.825266 1.168476 0.021923
v 2.820708 1.168476 0.024360
v 2.815762 1.168476 0.025861
v 2.810618 1.168476 0.026367
v 2.805474 1.168476 0.025861
v 2.800527 1.168476 0.024360
v 2.795969 1.168476 0.021923
v 2.791973 1.168476 0.018644
v 2.788694 1.168476 0.014649
v 2.786258 1.168476 0.010090
v 2.784757 1.168476 0.005144
v 2.784250 1.168476 0.000000
v 2.784757 1.168476 -0.005144
v 2.786258 1.168476 -0.010090
v 2.788694 1.168476 -0.014649
v 2.791973 1.168476 -0.018644
v 2.795969 1.168476 -0.021923
v 2.800527 1.168476 -0.024360
v 2.805474 1.168476 -0.025861
v 2.810618 0.772183 -0.158544
v 2.841548 0.772183 -0.155498
v 2.871290 0.772183 -0.146476
v 2.898700 0.772183 -0.131825
v 2.922725 0.772183 -0.112108
v 2.942442 0.772183 -0.088082
v 2.957093 0.772183 -0.060672
v 2.966115 0.772183 -0.030930
v 2.969162 0.772183 0.000000
v 2.966115 0.772183 0.030930
v 2.957093 0.772183 0.060672
v 2.942442 0.772183 0.088082
v 2.922725 0.772183 0.112108
v 2.898700 0.772183 0.131825
v 2.871290 0.772183 0.146476
v 2.841548 0.772183 0.155498
v 2.810618 0.772183 0.158544
v 2.779687 0.772183 0.155498
v 2.749945 0.772183 0.146476
v 2.722535 0.772183 0.131825
v 2.698510 0.772183 0.112108
v 2.678793 0.772183 0.088082
v 2.664142 0.772183 0.060672
v 2.655120 0.772183 0.030930
v 2.652074 0.772183 -0.000000
v 2.655120 0.772183 -0.030930
v 2.664142 0.772183 -0.060672
v 2.678793 0.772183 -0.088082
v 2.698510 0.772183 -0.112108
v 2.722535 0.772183 -0.131825
v 2.749945 0.772183 -0.146476
v 2.779687 0.772183 -0.155498
v 2.841520 -1.251130 -0.155358
v 2.810618 -1.251130 -0.158402
v 2.871236 -1.251130 -0.146344
v 2.898621 -1.251130 -0.131706
v 2.922625 -1.251130 -0.112007
v 2.942324 -1.251130 -0.088003
v 2.956962 -1.251130 -0.060618
v 2.965976 -1.251130 -0.030903
v 2.969020 -1.251130 0.000000
v 2.965976 -1.251130 0.030903
v 2.956962 -1.251130 0.060618
v 2.942324 -1.251130 0.088003
v 2.922625 -1.251130 0.112007
v 2.898621 -1.251130 0.131706
v 2.871236 -1.251130 0.146344
v 2.841520 -1.251130 0.155358
v 2.810618 -1.251130 0.158402
v 2.779715 -1.251130 0.155358
v 2.750000 -1.251130 0.146344
v 2.722614 -1.251130 0.131706
v 2.698611 -1.251130 0.112007
v 2.678911 -1.251130 0.088003
v 2.664273 -1.251130 0.060618
v 2.655259 -1.251130 0.030903
v 2.652216 -1.251130 -0.000000
v 2.655259 -1.251130 -0.030903
v 2.664273 -1.251130 -0.060618
v 2.678911 -1.251130 -0.088003
v 2.698611 -1.251130 -0.112007
v 2.722614 -1.251130 -0.131706
v 2.750000 -1.251130 -0.146344
v 2.779715 -1.251130 -0.155358
v 3.397997 0.773328 -0.126968
v 3.372741 0.773328 -0.129456
v 3.422282 0.773328 -0.119601
v 3.444663 0.773328 -0.107638
v 3.464280 0.773328 -0.091539
v 3.480380 0.773328 -0.071922
v 3.492342 0.773328 -0.049541
v 3.499709 0.773328 -0.025256
v 3.502197 0.773328 0.000000
v 3.499709 0.773328 0.025256
v 3.492343 0.773328 0.049541
v 3.480380 0.773328 0.071922
v 3.464280 0.773328 0.091539
v 3.444663 0.773328 0.107638
v 3.422282 0.773328 0.119601
v 3.397997 0.773328 0.126968
v 3.372741 0.773328 0.129456
v 3.347486 0.773328 0.126968
v 3.323201 0.773328 0.119601
v 3.300820 0.773328 0.107638
v 3.281202 0.773328 0.091539
v 3.265103 0.773328 0.071922
v 3.253140 0.773328 0.049541
v 3.245773 0.773328 0.025256
v 3.243286 0.773328 -0.000000
v 3.245773 0.773328 -0.025256
v 3.253140 0.773328 -0.049541
v 3.265103 0.773328 -0.071922
v 3.281202 0.773328 -0.091539
v 3.300820 0.773328 -0.107638
v 3.323201 0.773328 -0.119601
v 3.347486 0.773328 -0.126968
v 3.372741 1.168476 -0.026367
v 3.377885 1.168476 -0.025861
v 3.382832 1.168476 -0.024360
v 3.387390 1.168476 -0.021923
v 3.391386 1.168476 -0.018644
v 3.394665 1.168476 -0.014649
v 3.397101 1.168476 -0.010090
v 3.398602 1.168476 -0.005144
v 3.399108 1.168476 0.000000
v 3.398602 1.168476 0.005144
v 3.397101 1.168476 0.010090
v 3.394665 1.168476 0.014649
v 3.391386 1.168476 0.018644
v 3.387390 1.168476 0.021923
v 3.382832 1.168476 0.024360
v 3.377885 1.168476 0.025861
v 3.372741 1.168476 0.026367
v 3.367597 1.168476 0.025861
v 3.362651 1.168476 0.024360
v 3.358092 1.168476 0.021923
v 3.354097 1.168476 0.018644
v 3.350818 1.168476 0.014649
v 3.348381 1.168476 0.010090
v 3.346881 1.168476 0.005144
v 3.346374 1.168476 0.000000
v 3.346881 1.168476 -0.005144
v 3.348381 1.168476 -0.010090
v 3.350818 1.168476 -0.014649
v 3.354097 1.168476 -0.018644
v 3.358092 1.168476 -0.021923
v 3.362651 1.168476 -0.024360
v 3.367597 1.168476 -0.025861
v 3.372741 0.772183 -0.158544
v 3.403672 0.772183 -0.155498
v 3.433414 0.772183 -0.146476
v 3.460824 0.772183 -0.131825
v 3.484849 0.772183 -0.112108
v 3.504566 0.772183 -0.088082
v 3.519217 0.772183 -0.060672
v 3.528239 0.772183 -0.030930
v 3.531285 0.772183 0.000000
v 3.528239 0.772183 0.030930
v 3.519217 0.772183 0.060672
v 3.504566 0.772183 0.088082
v 3.484849 0.772183 0.112108
v 3.460824 0.772183 0.131825
v 3.433414 0.772183 0.146476
v 3.403672 0.772183 0.155498
v 3.372741 0.772183 0.158544
v 3.341811 0.772183 0.155498
v 3.312069 0.772183 0.146476
v 3.284659 0.772183 0.131825
v 3.260633 0.772183 0.112108
v 3.240916 0.772183 0.088082
v 3.226265 0.772183 0.060672
v 3.217243 0.772183 0.030930
v 3.214197 0.772183 -0.000000
v 3.217243 0.772183 -0.030930
v 3.226265 0.772183 -0.060672
v 3.240916 0.772183 -0.088082
v 3.260633 0.772183 -0.112108
v 3.284659 0.772183 -0.131825
v 3.312069 0.772183 -0.146476
v 3.341811 0.772183 -0.155498
v 3.403644 -1.251130 -0.155358
v 3.372741 -1.251130 -0.158402
v 3.433359 -1.251130 -0.146344
v 3.460745 -1.251130 -0.131706
v 3.484748 -1.251130 -0.112007
v 3.504448 -1.251130 -0.088003
v 3.519086 -1.251130 -0.060618
v 3.528100 -1.251130 -0.030903
v 3.531143 -1.251130 0.000000
v 3.528100 -1.251130 0.030903
v 3.519086 -1.251130 0.060618
v 3.504448 -1.251130 0.088003
v 3.484748 -1.251130 0.112007
v 3.460745 -1.251130 0.131706
v 3.433359 -1.251130 0.146344
v 3.403644 -1.251130 0.155358
v 3.372741 -1.251130 0.158402
v 3.341839 -1.251130 0.155358
v 3.312123 -1.251130 0.146344
v 3.284738 -1.251130 0.131706
v 3.260734 -1.251130 0.112007
v 3.241035 -1.251130 0.088003
v 3.226397 -1.251130 0.060618
v 3.217383 -1.251130 0.030903
v 3.214339 -1.251130 -0.000000
v 3.217383 -1.251130 -0.030903
v 3.226397 -1.251130 -0.060618
v 3.241035 -1.251130 -0.088003
v 3.260734 -1.251130 -0.112007
v 3.284738 -1.251130 -0.131706
v 3.312123 -1.251130 -0.146344
v 3.341839 -1.251130 -0.155358
v 3.960120 0.773328 -0.126968
v 3.934865 0.773328 -0.129456
v 3.984405 0.773328 -0.119601
v 4.006786 0.773328 -0.107638
v 4.026404 0.773328 -0.091539
v 4.042503 0.773328 -0.071922
v 4.054466 0.773328 -0.049541
v 4.061833 0.773328 -0.025256
v 4.064321 0.773328 0.000000
v 4.061833 0.773328 0.025256
v 4.054466 0.773328 0.049541
v 4.042503 0.773328 0.071922
v 4.026404 0.773328 0.091539
v 4.006786 0.773328 0.107638
v 3.984405 0.773328 0.119601
v 3.960120 0.773328 0.126968
v 3.934865 0.773328 0.129456
v 3.909609 0.773328 0.126968
v 3.885324 0.773328 0.119601
v 3.862943 0.773328 0.107638
v 3.843326 0.773328 0.091539
v 3.827226 0.773328 0.071922
v 3.815263 0.773328 0.049541
v 3.807897 0.773328 0.025256
v 3.805409 0.773328 -0.000000
v 3.807897 0.773328 -0.025256
v 3.815263 0.773328 -0.049541
v 3.827226 0.773328 -0.071922
v 3.843326 0.773328 -0.091539
v 3.862943 0.773328 -0.107638
v 3.885324 0.773328 -0.119601
v 3.909609 0.773328 -0.126968
v 3.934865 1.168476 -0.026367
v 3.940009 1.168476 -0.025861
v 3.944955 1.168476 -0.024360
v 3.949513 1.168476 -0.021923
v 3.953509 1.168476 -0.018644
v 3.956788 1.168476 -0.014649
v 3.959225 1.168476 -0.010090
v 3.960725 1.168476 -0.005144
v 3.961232 1.168476 0.000000
v 3.960725 1.168476 0.005144
v 3.959225 1.168476 0.010090
v 3.956788 1.168476 0.014649
v 3.953509 1.168476 0.018644
v 3.949513 1.168476 0.021923
v 3.944955 1.168476 0.024360
v 3.940009 1.168476 0.025861
v 3.934865 1.168476 0.026367
v 3.929721 1.168476 0.025861
v 3.924774 1.168476 0.024360
v 3.920216 1.168476 0.021923
v 3.916220 1.168476 0.018644
v 3.912941 1.168476 0.014649
v 3.910505 1.168476 0.010090
v 3.909004 1.168476 0.005144
v 3.908498 1.168476 0.000000
v 3.909004 1.168476 -0.005144
v 3.910505 1.168476 -0.010090
v 3.912941 1.168476 -0.014649
v 3.916220 1.168476 -0.018644
v 3.920216 1.168476 -0.021923
v 3.924774 1.168476 -0.024360
v 3.929721 1.168476 -0.025861
v 3.934865 0.772183 -0.158544
v 3.965795 0.772183 -0.155498
v 3.995537 0.772183 -0.146476
v 4.022947 0.772183 -0.131825
v 4.046972 0.772183 -0.112108
v 4.066689 0.772183 -0.088082
v 4.081340 0.772183 -0.060672
v 4.090363 0.772183 -0.030930
v 4.093409 0.772183 0.000000
v 4.090363 0.772183 0.030930
v 4.081340 0.772183 0.060672
v 4.066689 0.772183 0.088082
v 4.046972 0.772183 0.112108
v 4.022947 0.772183 0.131825
v 3.995537 0.772183 0.146476
v 3.965795 0.772183 0.155498
v 3.934865 0.772183 0.158544
v 3.903934 0.772183 0.155498
v 3.874192 0.772183 0.146476
v 3.846782 0.772183 0.131825
v 3.822757 0.772183 0.112108
v 3.803040 0.772183 0.088082
v 3.788389 0.772183 0.060672
v 3.779367 0.772183 0.030930
v 3.776321 0.772183 -0.000000
v 3.779367 0.772183 -0.030930
v 3.788389 0.772183 -0.060672
v 3.803040 0.772183 -0.088082
v 3.822757 0.772183 -0.112108
v 3.846782 0.772183 -0.131825
v 3.874192 0.772183 -0.146476
v 3.903934 0.772183 -0.155498
v 3.965767 -1.251130 -0.155358
v 3.934865 -1.251130 -0.158402
v 3.995483 -1.251130 -0.146344
v 4.022868 -1.251130 -0.131706
v 4.046872 -1.251130 -0.112007
v 4.066571 -1.251130 -0.088003
v 4.081209 -1.251130 -0.060618
v 4.090223 -1.251130 -0.030903
v 4.093267 -1.251130 0.000000
v 4.090223 -1.251130 0.030903
v 4.081209 -1.251130 0.060618
v 4.066571 -1.251130 0.088003
v 4.046872 -1.251130 0.112007
v 4.022868 -1.251130 0.131706
v 3.995483 -1.251130 0.146344
v 3.965767 -1.251130 0.155358
v 3.934865 -1.251130 0.158402
v 3.903962 -1.251130 0.155358
v 3.874247 -1.251130 0.146344
v 3.846861 -1.251130 0.131706
v 3.822858 -1.251130 0.112007
v 3.803158 -1.251130 0.088003
v 3.788520 -1.251130 0.060618
v 3.779506 -1.251130 0.030903
v 3.776463 -1.251130 -0.000000
v 3.779506 -1.251130 -0.030903
v 3.788520 -1.251130 -0.060618
v 3.803158 -1.251130 -0.088003
v 3.822858 -1.251130 -0.112007
v 3.846861 -1.251130 -0.131706
v 3.874247 -1.251130 -0.146344
v 3.903962 -1.251130 -0.155358
vt 0.203137 0.491377
vt 0.205921 0.473038
vt 0.211663 0.473196
vt 0.209128 0.492229
vt 0.113474 0.371248
vt 0.113811 0.376013
vt 0.109158 0.376400
vt 0.108795 0.371282
vt 0.114425 0.380771
vt 0.115271 0.385496
vt 0.110693 0.386357
vt 0.109807 0.381414
vt 0.116333 0.390176
vt 0.111798 0.391242
vt 0.117603 0.394802
vt 0.113120 0.396071
vt 0.119081 0.399367
vt 0.114657 0.400837
vt 0.120766 0.403862
vt 0.116410 0.405534
vt 0.122657 0.408276
vt 0.118379 0.410150
vt 0.124753 0.412601
vt 0.120562 0.414674
vt 0.127051 0.416826
vt 0.122959 0.419096
vt 0.129549 0.420940
vt 0.125566 0.423405
vt 0.132242 0.424934
vt 0.128377 0.427589
vt 0.135126 0.428798
vt 0.131390 0.431638
vt 0.138196 0.432522
vt 0.134597 0.435542
vt 0.141444 0.436097
vt 0.137991 0.439290
vt 0.144865 0.439515
vt 0.141567 0.442874
vt 0.148451 0.442767
vt 0.145315 0.446285
vt 0.152193 0.445846
vt 0.149227 0.449515
vt 0.156085 0.448745
vt 0.153295 0.452557
vt 0.160116 0.451457
vt 0.157508 0.455403
vt 0.164278 0.453977
vt 0.161857 0.458049
vt 0.168562 0.456300
vt 0.166334 0.460488
vt 0.172960 0.458421
vt 0.170928 0.462717
vt 0.177463 0.460334
vt 0.175630 0.464732
vt 0.182062 0.462036
vt 0.180434 0.466528
vt 0.186750 0.463521
vt 0.185332 0.468102
vt 0.191521 0.464780
vt 0.190322 0.469450
vt 0.196369 0.465800
vt 0.195411 0.470562
vt 0.201284 0.466555
vt 0.200618 0.471417
vt 0.206237 0.466986
vt 0.205988 0.471962
vt 0.211120 0.466997
vt 0.211617 0.472070
vt 0.037157 0.343118
vt 0.031930 0.361420
vt 0.026651 0.361420
vt 0.032064 0.343118
vt 0.090601 0.373123
vt 0.107776 0.371317
vt 0.108164 0.376502
vt 0.091212 0.378738
vt 0.090074 0.367574
vt 0.107793 0.365894
vt 0.108830 0.381566
vt 0.091991 0.384366
vt 0.109729 0.386553
vt 0.092981 0.389997
vt 0.110846 0.391481
vt 0.094204 0.395617
vt 0.112179 0.396352
vt 0.095676 0.401210
vt 0.113729 0.401161
vt 0.097403 0.406760
vt 0.115497 0.405899
vt 0.099391 0.412249
vt 0.117482 0.410558
vt 0.101641 0.417661
vt 0.119685 0.415124
vt 0.104153 0.422979
vt 0.122103 0.419588
vt 0.106924 0.428186
vt 0.124733 0.423937
vt 0.109950 0.433267
vt 0.127570 0.428161
vt 0.113226 0.438205
vt 0.130610 0.432249
vt 0.116743 0.442988
vt 0.133846 0.436190
vt 0.120495 0.447600
vt 0.137272 0.439975
vt 0.124472 0.452030
vt 0.140881 0.443593
vt 0.128664 0.456265
vt 0.144664 0.447037
vt 0.133061 0.460295
vt 0.148612 0.450299
vt 0.137649 0.464109
vt 0.152717 0.453369
vt 0.142418 0.467698
vt 0.156969 0.456244
vt 0.147354 0.471056
vt 0.161359 0.458915
vt 0.152445 0.474175
vt 0.165876 0.461378
vt 0.157675 0.477051
vt 0.170512 0.463629
vt 0.163033 0.479681
vt 0.175257 0.465664
vt 0.168505 0.482064
vt 0.180103 0.467479
vt 0.174078 0.484200
vt 0.185045 0.469072
vt 0.179742 0.486092
vt 0.190081 0.470439
vt 0.185488 0.487746
vt 0.195217 0.471572
vt 0.191307 0.489168
vt 0.200479 0.472455
vt 0.197193 0.490371
vt 0.113811 0.376013
vt 0.113474 0.371248
vt 0.187194 0.368699
vt 0.187089 0.370008
vt 0.152193 0.445846
vt 0.148451 0.442767
vt 0.195094 0.386881
vt 0.196052 0.387629
vt 0.117603 0.394802
vt 0.116333 0.390176
vt 0.187290 0.373729
vt 0.187517 0.374915
vt 0.114425 0.380771
vt 0.187072 0.371279
vt 0.156085 0.448745
vt 0.197050 0.388325
vt 0.119081 0.399367
vt 0.187817 0.376077
vt 0.160116 0.451457
vt 0.198085 0.388969
vt 0.120766 0.403862
vt 0.188187 0.377215
vt 0.164278 0.453977
vt 0.199156 0.389555
vt 0.122657 0.408276
vt 0.188623 0.378326
vt 0.168562 0.456300
vt 0.200261 0.390083
vt 0.124753 0.412601
vt 0.189122 0.379410
vt 0.172960 0.458421
vt 0.201398 0.390547
vt 0.127051 0.416826
vt 0.189681 0.380465
vt 0.177463 0.460334
vt 0.202568 0.390945
vt 0.129549 0.420940
vt 0.190299 0.381490
vt 0.182062 0.462036
vt 0.203768 0.391274
vt 0.132242 0.424934
vt 0.190973 0.382484
vt 0.186750 0.463521
vt 0.205000 0.391528
vt 0.135126 0.428798
vt 0.191700 0.383443
vt 0.191521 0.464780
vt 0.206264 0.391705
vt 0.138196 0.432522
vt 0.192478 0.384364
vt 0.204864 0.371428
vt 0.205445 0.371544
vt 0.205993 0.371771
vt 0.206486 0.372100
vt 0.206905 0.372519
vt 0.207234 0.373012
vt 0.207461 0.373560
vt 0.207577 0.374141
vt 0.207577 0.374734
vt 0.207461 0.375316
vt 0.207234 0.375863
vt 0.206905 0.376356
vt 0.206486 0.376776
vt 0.205993 0.377105
vt 0.205445 0.377332
vt 0.204864 0.377447
vt 0.204271 0.377447
vt 0.203689 0.377332
vt 0.203141 0.377105
vt 0.202649 0.376776
vt 0.202229 0.376356
vt 0.201900 0.375863
vt 0.201673 0.375316
vt 0.201557 0.374734
vt 0.201557 0.374141
vt 0.201673 0.373560
vt 0.201900 0.373012
vt 0.202229 0.372519
vt 0.202649 0.372100
vt 0.203141 0.371771
vt 0.203689 0.371544
vt 0.204271 0.371428
vt 0.196369 0.465800
vt 0.207561 0.391800
vt 0.141444 0.436097
vt 0.193305 0.385246
vt 0.211120 0.466997
vt 0.206237 0.466986
vt 0.210262 0.391742
vt 0.211663 0.391611
vt 0.201284 0.466555
vt 0.208894 0.391811
vt 0.144865 0.439515
vt 0.194178 0.386086
vt 0.115271 0.385496
vt 0.187140 0.372518
vt 0.039325 0.454912
vt 0.039325 0.449311
vt 0.040418 0.443818
vt 0.042561 0.438644
vt 0.045673 0.433987
vt 0.049633 0.430027
vt 0.054290 0.426915
vt 0.059464 0.424772
vt 0.064957 0.423680
vt 0.070558 0.423680
vt 0.076051 0.424772
vt 0.081225 0.426915
vt 0.085882 0.430027
vt 0.089843 0.433987
vt 0.092954 0.438644
vt 0.095097 0.443819
vt 0.096190 0.449311
vt 0.096190 0.454912
vt 0.095097 0.460405
vt 0.092954 0.465580
vt 0.089843 0.470237
vt 0.085882 0.474197
vt 0.081225 0.477308
vt 0.076051 0.479452
vt 0.070558 0.480544
vt 0.064957 0.480544
vt 0.059464 0.479452
vt 0.054290 0.477308
vt 0.049633 0.474197
vt 0.045673 0.470236
vt 0.042561 0.465580
vt 0.040418 0.460405
vt 0.196823 0.343118
vt 0.201762 0.361420
vt 0.195649 0.361420
vt 0.191080 0.343118
vt 0.189533 0.361420
vt 0.185344 0.343118
vt 0.183418 0.361420
vt 0.179612 0.343118
vt 0.177306 0.361420
vt 0.173885 0.343118
vt 0.171200 0.361420
vt 0.168162 0.343118
vt 0.165102 0.361420
vt 0.162446 0.343118
vt 0.159015 0.361420
vt 0.156738 0.343118
vt 0.152941 0.361420
vt 0.151041 0.343118
vt 0.146881 0.361420
vt 0.145357 0.343118
vt 0.140839 0.361420
vt 0.139686 0.343118
vt 0.134815 0.361420
vt 0.134033 0.343118
vt 0.128813 0.361420
vt 0.128398 0.343118
vt 0.122835 0.361420
vt 0.122783 0.343118
vt 0.116881 0.361420
vt 0.117190 0.343118
vt 0.110956 0.361420
vt 0.111622 0.343118
vt 0.105059 0.361420
vt 0.106081 0.343118
vt 0.099194 0.361420
vt 0.100567 0.343118
vt 0.093363 0.361420
vt 0.095083 0.343118
vt 0.087566 0.361420
vt 0.089631 0.343118
vt 0.081807 0.361420
vt 0.084212 0.343118
vt 0.076087 0.361420
vt 0.078828 0.343118
vt 0.070407 0.361420
vt 0.073481 0.343118
vt 0.064770 0.361420
vt 0.068173 0.343118
vt 0.059178 0.361420
vt 0.062905 0.343118
vt 0.053631 0.361420
vt 0.057678 0.343118
vt 0.048133 0.361420
vt 0.052491 0.343118
vt 0.042683 0.361420
vt 0.047345 0.343118
vt 0.037283 0.361420
vt 0.042234 0.343118
vt 0.202578 0.343118
vt 0.207870 0.361420
vt 0.208108 0.024738
vt 0.208108 0.003914
vt 0.213864 0.003914
vt 0.213865 0.024738
vt 0.202351 0.024739
vt 0.202351 0.003914
vt 0.196594 0.024739
vt 0.196594 0.003914
vt 0.190837 0.024739
vt 0.190837 0.003914
vt 0.185081 0.024739
vt 0.185080 0.003914
vt 0.179324 0.024739
vt 0.179324 0.003914
vt 0.173567 0.024739
vt 0.173567 0.003914
vt 0.167810 0.024739
vt 0.167810 0.003914
vt 0.162053 0.024739
vt 0.162053 0.003914
vt 0.156296 0.024739
vt 0.156296 0.003914
vt 0.150540 0.024739
vt 0.150540 0.003914
vt 0.144783 0.024739
vt 0.144783 0.003914
vt 0.139026 0.024739
vt 0.139026 0.003915
vt 0.133269 0.024739
vt 0.133269 0.003914
vt 0.127512 0.024739
vt 0.127512 0.003915
vt 0.121756 0.024739
vt 0.121756 0.003915
vt 0.115999 0.024739
vt 0.115999 0.003915
vt 0.110242 0.024739
vt 0.110242 0.003915
vt 0.104485 0.024739
vt 0.104485 0.003915
vt 0.098728 0.024739
vt 0.098728 0.003914
vt 0.092971 0.024739
vt 0.092972 0.003914
vt 0.087215 0.024739
vt 0.087215 0.003914
vt 0.081458 0.024739
vt 0.081458 0.003914
vt 0.075701 0.024739
vt 0.075701 0.003914
vt 0.069944 0.024739
vt 0.069944 0.003914
vt 0.064187 0.024739
vt 0.064188 0.003914
vt 0.058431 0.024739
vt 0.058431 0.003914
vt 0.052674 0.024739
vt 0.052674 0.003914
vt 0.046917 0.024739
vt 0.046917 0.003914
vt 0.041160 0.024739
vt 0.041160 0.003914
vt 0.035403 0.024738
vt 0.035404 0.003914
vt 0.029646 0.024738
vt 0.029647 0.003914
vt 0.187387 0.367329
vt 0.189817 0.367944
vt 0.189482 0.369091
vt 0.189482 0.369091
vt 0.189817 0.367944
vt 0.192168 0.369059
vt 0.191896 0.369804
vt 0.189286 0.370203
vt 0.189286 0.370203
vt 0.191742 0.370592
vt 0.189209 0.371292
vt 0.189209 0.371292
vt 0.191692 0.371403
vt 0.189232 0.372365
vt 0.189232 0.372365
vt 0.191733 0.372231
vt 0.189344 0.373424
vt 0.189344 0.373424
vt 0.191856 0.373070
vt 0.189537 0.374469
vt 0.189537 0.374469
vt 0.192053 0.373915
vt 0.189802 0.375500
vt 0.189802 0.375500
vt 0.192317 0.374762
vt 0.190132 0.376515
vt 0.190132 0.376515
vt 0.192642 0.375611
vt 0.190533 0.377507
vt 0.190533 0.377507
vt 0.192950 0.376466
vt 0.190985 0.378478
vt 0.190985 0.378478
vt 0.193371 0.377279
vt 0.191496 0.379426
vt 0.191496 0.379426
vt 0.193842 0.378080
vt 0.192062 0.380349
vt 0.192062 0.380349
vt 0.194359 0.378866
vt 0.192680 0.381245
vt 0.192680 0.381245
vt 0.194918 0.379635
vt 0.193346 0.382112
vt 0.193346 0.382112
vt 0.195517 0.380382
vt 0.194059 0.382947
vt 0.194059 0.382947
vt 0.196153 0.381105
vt 0.194815 0.383747
vt 0.194815 0.383747
vt 0.196823 0.381800
vt 0.195612 0.384509
vt 0.195612 0.384509
vt 0.197525 0.382465
vt 0.196447 0.385231
vt 0.196447 0.385231
vt 0.198257 0.383097
vt 0.197318 0.385910
vt 0.197318 0.385910
vt 0.199015 0.383692
vt 0.198223 0.386542
vt 0.198223 0.386542
vt 0.199798 0.384248
vt 0.199160 0.387124
vt 0.199160 0.387124
vt 0.200603 0.384762
vt 0.200125 0.387654
vt 0.200125 0.387654
vt 0.201427 0.385229
vt 0.201118 0.388128
vt 0.201118 0.388128
vt 0.202268 0.385647
vt 0.202137 0.388542
vt 0.202137 0.388542
vt 0.203122 0.386012
vt 0.203179 0.388891
vt 0.203179 0.388891
vt 0.203986 0.386319
vt 0.204244 0.389171
vt 0.204244 0.389171
vt 0.204858 0.386564
vt 0.205331 0.389378
vt 0.205331 0.389378
vt 0.205734 0.386741
vt 0.206440 0.389503
vt 0.206440 0.389503
vt 0.206611 0.386843
vt 0.207571 0.389540
vt 0.207571 0.389540
vt 0.207485 0.386863
vt 0.208730 0.389479
vt 0.208730 0.389479
vt 0.208352 0.386792
vt 0.209927 0.389303
vt 0.209927 0.389303
vt 0.209203 0.386619
vt 0.211191 0.388984
vt 0.211191 0.388984
vt 0.210030 0.386328
vt 0.113531 0.366541
vt 0.108324 0.365917
vt 0.108286 0.371298
vt 0.108286 0.371298
vt 0.108324 0.365917
vt 0.108849 0.365970
vt 0.108660 0.376450
vt 0.108660 0.376450
vt 0.109318 0.381490
vt 0.109318 0.381490
vt 0.110210 0.386455
vt 0.110210 0.386455
vt 0.111321 0.391361
vt 0.111321 0.391361
vt 0.112648 0.396211
vt 0.112648 0.396211
vt 0.114192 0.400999
vt 0.114192 0.400999
vt 0.115952 0.405717
vt 0.115952 0.405717
vt 0.117929 0.410354
vt 0.117929 0.410354
vt 0.120123 0.414899
vt 0.120123 0.414899
vt 0.122530 0.419342
vt 0.122530 0.419342
vt 0.125148 0.423671
vt 0.125148 0.423671
vt 0.127973 0.427876
vt 0.127973 0.427876
vt 0.130999 0.431944
vt 0.130999 0.431944
vt 0.134221 0.435866
vt 0.134221 0.435866
vt 0.137631 0.439633
vt 0.137631 0.439633
vt 0.141223 0.443234
vt 0.141223 0.443234
vt 0.144989 0.446662
vt 0.144989 0.446662
vt 0.148919 0.449907
vt 0.148919 0.449907
vt 0.153005 0.452964
vt 0.153005 0.452964
vt 0.157238 0.455824
vt 0.157238 0.455824
vt 0.161607 0.458483
vt 0.161607 0.458483
vt 0.166104 0.460934
vt 0.166104 0.460934
vt 0.170719 0.463174
vt 0.170719 0.463174
vt 0.175443 0.465199
vt 0.175443 0.465199
vt 0.180268 0.467004
vt 0.180268 0.467004
vt 0.185188 0.468588
vt 0.185188 0.468588
vt 0.190201 0.469945
vt 0.190201 0.469945
vt 0.195314 0.471068
vt 0.195314 0.471068
vt 0.200549 0.471937
vt 0.200549 0.471937
vt 0.205955 0.472502
vt 0.205955 0.472502
vt 0.211656 0.472635
vt 0.211656 0.472635
vt 0.113531 0.366541
vt 0.208380 0.343118
vt 0.202377 0.342538
vt 0.208135 0.342538
vt 0.208135 0.342538
vt 0.202377 0.342538
vt 0.202175 0.341966
vt 0.207853 0.341966
vt 0.196650 0.342538
vt 0.196650 0.342538
vt 0.196477 0.341966
vt 0.190924 0.342538
vt 0.190924 0.342538
vt 0.190769 0.341966
vt 0.185202 0.342538
vt 0.185202 0.342538
vt 0.185061 0.341966
vt 0.179484 0.342538
vt 0.179484 0.342538
vt 0.179355 0.341966
vt 0.173769 0.342538
vt 0.173769 0.342538
vt 0.173653 0.341966
vt 0.168058 0.342538
vt 0.168058 0.342538
vt 0.167955 0.341966
vt 0.162354 0.342538
vt 0.162354 0.342538
vt 0.162264 0.341966
vt 0.156659 0.342538
vt 0.156659 0.342538
vt 0.156580 0.341966
vt 0.150974 0.342538
vt 0.150974 0.342538
vt 0.150908 0.341966
vt 0.145301 0.342538
vt 0.145301 0.342538
vt 0.145247 0.341966
vt 0.139643 0.342538
vt 0.139643 0.342538
vt 0.139601 0.341966
vt 0.134001 0.342538
vt 0.134001 0.342538
vt 0.133971 0.341966
vt 0.128378 0.342538
vt 0.128378 0.342538
vt 0.128359 0.341966
vt 0.122775 0.342538
vt 0.122775 0.342538
vt 0.122768 0.341966
vt 0.117194 0.342538
vt 0.117194 0.342538
vt 0.117199 0.341966
vt 0.111638 0.342538
vt 0.111638 0.342538
vt 0.111654 0.341966
vt 0.106107 0.342538
vt 0.106107 0.342538
vt 0.106135 0.341966
vt 0.100605 0.342538
vt 0.100605 0.342538
vt 0.100644 0.341966
vt 0.095132 0.342538
vt 0.095132 0.342538
vt 0.095182 0.341966
vt 0.089691 0.342538
vt 0.089691 0.342538
vt 0.089752 0.341966
vt 0.084283 0.342538
vt 0.084283 0.342538
vt 0.084355 0.341966
vt 0.078910 0.342538
vt 0.078910 0.342538
vt 0.078993 0.341966
vt 0.073574 0.342538
vt 0.073574 0.342538
vt 0.073668 0.341966
vt 0.068276 0.342538
vt 0.068276 0.342538
vt 0.068381 0.341966
vt 0.063018 0.342538
vt 0.063018 0.342538
vt 0.063134 0.341966
vt 0.057802 0.342538
vt 0.057802 0.342538
vt 0.057928 0.341966
vt 0.052626 0.342538
vt 0.052626 0.342538
vt 0.052763 0.341966
vt 0.047491 0.342538
vt 0.047491 0.342538
vt 0.047640 0.341966
vt 0.042396 0.342538
vt 0.042396 0.342538
vt 0.042560 0.341966
vt 0.037344 0.342538
vt 0.037344 0.342538
vt 0.037532 0.341966
vt 0.032294 0.342538
vt 0.032294 0.342538
vt 0.032551 0.341966
vt 0.213972 0.361420
vt 0.190842 0.304091
vt 0.190842 0.287978
vt 0.196599 0.287978
vt 0.196599 0.304090
vt 0.202356 0.287977
vt 0.202356 0.304090
vt 0.208114 0.304090
vt 0.208113 0.287977
vt 0.213870 0.287978
vt 0.213871 0.304090
vt 0.179327 0.304091
vt 0.179327 0.287978
vt 0.185085 0.287978
vt 0.185085 0.304091
vt 0.173570 0.304091
vt 0.173570 0.287978
vt 0.167813 0.304091
vt 0.167813 0.287978
vt 0.162056 0.304091
vt 0.162056 0.287978
vt 0.156298 0.304091
vt 0.156298 0.287978
vt 0.150541 0.304091
vt 0.150541 0.287978
vt 0.144784 0.304091
vt 0.144784 0.287978
vt 0.139027 0.304091
vt 0.139027 0.287978
vt 0.133269 0.304091
vt 0.133269 0.287978
vt 0.127512 0.304091
vt 0.127512 0.287978
vt 0.121755 0.304091
vt 0.121755 0.287978
vt 0.115998 0.304091
vt 0.115998 0.287978
vt 0.110240 0.304091
vt 0.110241 0.287978
vt 0.196595 0.053360
vt 0.196594 0.037249
vt 0.202351 0.037249
vt 0.202352 0.053360
vt 0.208114 0.337428
vt 0.208114 0.316601
vt 0.213871 0.316601
vt 0.213872 0.337427
vt 0.098726 0.287978
vt 0.098728 0.053361
vt 0.104485 0.053361
vt 0.104483 0.287978
vt 0.098726 0.304091
vt 0.104483 0.304091
vt 0.092969 0.287978
vt 0.092971 0.053361
vt 0.092969 0.304091
vt 0.087212 0.287978
vt 0.087214 0.053361
vt 0.087211 0.304091
vt 0.081454 0.287978
vt 0.081458 0.053361
vt 0.081454 0.304091
vt 0.075697 0.287978
vt 0.075701 0.053361
vt 0.075697 0.304091
vt 0.069940 0.287978
vt 0.069944 0.053361
vt 0.069940 0.304091
vt 0.064183 0.287978
vt 0.064187 0.053361
vt 0.064182 0.304090
vt 0.058425 0.287977
vt 0.058430 0.053361
vt 0.058425 0.304090
vt 0.052668 0.287977
vt 0.052673 0.053361
vt 0.052668 0.304090
vt 0.046911 0.287977
vt 0.046916 0.053360
vt 0.046911 0.304090
vt 0.041154 0.287977
vt 0.041160 0.053360
vt 0.041154 0.304090
vt 0.035397 0.287977
vt 0.035403 0.053360
vt 0.035396 0.304090
vt 0.029640 0.287977
vt 0.029646 0.053360
vt 0.029639 0.304090
vt 0.208108 0.053360
vt 0.190838 0.053361
vt 0.110242 0.053361
vt 0.115999 0.053361
vt 0.121756 0.053361
vt 0.127512 0.053361
vt 0.133269 0.053361
vt 0.139026 0.053361
vt 0.144783 0.053361
vt 0.150540 0.053361
vt 0.156297 0.053361
vt 0.162054 0.053361
vt 0.167810 0.053361
vt 0.173567 0.053361
vt 0.179324 0.053361
vt 0.185081 0.053361
vt 0.213865 0.053360
vt 0.208108 0.037248
vt 0.213865 0.037248
vt 0.196599 0.310825
vt 0.202357 0.310825
vt 0.179324 0.037249
vt 0.185081 0.037249
vt 0.185085 0.310825
vt 0.190842 0.310825
vt 0.173567 0.037249
vt 0.179328 0.310825
vt 0.167810 0.037249
vt 0.173570 0.310825
vt 0.162053 0.037249
vt 0.167813 0.310825
vt 0.156297 0.037249
vt 0.162056 0.310825
vt 0.150540 0.037249
vt 0.156299 0.310825
vt 0.144783 0.037249
vt 0.150541 0.310825
vt 0.139026 0.037249
vt 0.144784 0.310825
vt 0.133269 0.037249
vt 0.139027 0.310825
vt 0.127512 0.037249
vt 0.133269 0.310825
vt 0.121756 0.037249
vt 0.127512 0.310825
vt 0.115999 0.037249
vt 0.121755 0.310825
vt 0.110242 0.037249
vt 0.115998 0.310825
vt 0.104485 0.037249
vt 0.110240 0.310825
vt 0.098728 0.037249
vt 0.104483 0.310825
vt 0.092971 0.037249
vt 0.098726 0.310825
vt 0.087215 0.037249
vt 0.092969 0.310825
vt 0.081458 0.037249
vt 0.087211 0.310825
vt 0.075701 0.037249
vt 0.081454 0.310825
vt 0.069944 0.037249
vt 0.075697 0.310825
vt 0.064187 0.037249
vt 0.069940 0.310825
vt 0.058430 0.037249
vt 0.064182 0.310825
vt 0.052674 0.037249
vt 0.058425 0.310825
vt 0.046917 0.037249
vt 0.052668 0.310824
vt 0.041160 0.037249
vt 0.046911 0.310824
vt 0.035403 0.037248
vt 0.041153 0.310824
vt 0.029646 0.037248
vt 0.035396 0.310824
vt 0.029639 0.310824
vt 0.190838 0.037249
vt 0.208114 0.310824
vt 0.213871 0.310824
vt 0.196594 0.030515
vt 0.202351 0.030515
vt 0.208108 0.030515
vt 0.213865 0.030515
vt 0.185081 0.030515
vt 0.190837 0.030515
vt 0.190842 0.316602
vt 0.196599 0.316601
vt 0.179324 0.030515
vt 0.185085 0.316602
vt 0.173567 0.030515
vt 0.179328 0.316602
vt 0.167810 0.030515
vt 0.173570 0.316602
vt 0.162053 0.030515
vt 0.167813 0.316602
vt 0.156297 0.030515
vt 0.162056 0.316602
vt 0.150540 0.030515
vt 0.156299 0.316602
vt 0.144783 0.030515
vt 0.150541 0.316602
vt 0.139026 0.030515
vt 0.144784 0.316602
vt 0.133269 0.030516
vt 0.139027 0.316602
vt 0.127512 0.030516
vt 0.133269 0.316602
vt 0.121756 0.030516
vt 0.127512 0.316602
vt 0.115999 0.030516
vt 0.121755 0.316602
vt 0.110242 0.030516
vt 0.115998 0.316602
vt 0.104485 0.030515
vt 0.110240 0.316602
vt 0.098728 0.030515
vt 0.104483 0.316602
vt 0.092971 0.030515
vt 0.098726 0.316602
vt 0.087215 0.030515
vt 0.092969 0.316602
vt 0.081458 0.030515
vt 0.087211 0.316602
vt 0.075701 0.030515
vt 0.081454 0.316602
vt 0.069944 0.030515
vt 0.075697 0.316602
vt 0.064187 0.030515
vt 0.069939 0.316602
vt 0.058430 0.030515
vt 0.064182 0.316601
vt 0.052674 0.030515
vt 0.058425 0.316601
vt 0.046917 0.030515
vt 0.052668 0.316601
vt 0.041160 0.030515
vt 0.046910 0.316601
vt 0.035403 0.030515
vt 0.041153 0.316601
vt 0.029646 0.030515
vt 0.035396 0.316601
vt 0.029639 0.316601
vt 0.202357 0.316601
vt 0.202357 0.337428
vt 0.196600 0.337428
vt 0.190843 0.337428
vt 0.185085 0.337428
vt 0.179328 0.337428
vt 0.173571 0.337428
vt 0.167813 0.337428
vt 0.162056 0.337428
vt 0.156299 0.337428
vt 0.150541 0.337428
vt 0.144784 0.337429
vt 0.139027 0.337429
vt 0.133269 0.337429
vt 0.127512 0.337429
vt 0.121755 0.337429
vt 0.115998 0.337429
vt 0.110240 0.337428
vt 0.104483 0.337428
vt 0.098726 0.337428
vt 0.092968 0.337428
vt 0.087211 0.337428
vt 0.081454 0.337428
vt 0.075696 0.337428
vt 0.069939 0.337428
vt 0.064182 0.337428
vt 0.058424 0.337428
vt 0.052667 0.337427
vt 0.046910 0.337427
vt 0.041153 0.337427
vt 0.035395 0.337427
vt 0.029638 0.337427
vt 0.459059 0.491377
vt 0.461843 0.473038
vt 0.467584 0.473196
vt 0.465049 0.492229
vt 0.369395 0.371248
vt 0.369732 0.376013
vt 0.365080 0.376400
vt 0.364716 0.371282
vt 0.370347 0.380771
vt 0.371193 0.385496
vt 0.366614 0.386357
vt 0.365728 0.381414
vt 0.372254 0.390176
vt 0.367720 0.391242
vt 0.373524 0.394802
vt 0.369041 0.396071
vt 0.375002 0.399367
vt 0.370578 0.400837
vt 0.376687 0.403862
vt 0.372331 0.405534
vt 0.378578 0.408276
vt 0.374300 0.410150
vt 0.380674 0.412601
vt 0.376484 0.414674
vt 0.382973 0.416826
vt 0.378881 0.419096
vt 0.385470 0.420940
vt 0.381487 0.423405
vt 0.388164 0.424934
vt 0.384299 0.427589
vt 0.391048 0.428798
vt 0.387311 0.431638
vt 0.394117 0.432522
vt 0.390518 0.435542
vt 0.397366 0.436097
vt 0.393913 0.439290
vt 0.400787 0.439515
vt 0.397488 0.442874
vt 0.404372 0.442767
vt 0.401236 0.446285
vt 0.408115 0.445846
vt 0.405149 0.449515
vt 0.412006 0.448745
vt 0.409216 0.452557
vt 0.416037 0.451457
vt 0.413429 0.455403
vt 0.420199 0.453977
vt 0.417779 0.458049
vt 0.424484 0.456300
vt 0.422255 0.460488
vt 0.428882 0.458421
vt 0.426849 0.462717
vt 0.433384 0.460334
vt 0.431552 0.464732
vt 0.437983 0.462036
vt 0.436355 0.466528
vt 0.442672 0.463521
vt 0.441253 0.468102
vt 0.447443 0.464780
vt 0.446244 0.469450
vt 0.452291 0.465800
vt 0.451332 0.470562
vt 0.457205 0.466555
vt 0.456540 0.471417
vt 0.462159 0.466986
vt 0.461909 0.471962
vt 0.467041 0.466997
vt 0.467539 0.472070
vt 0.293079 0.343118
vt 0.287852 0.361420
vt 0.282573 0.361420
vt 0.287986 0.343118
vt 0.346522 0.373123
vt 0.363698 0.371317
vt 0.364085 0.376502
vt 0.347133 0.378738
vt 0.345996 0.367574
vt 0.363714 0.365894
vt 0.364752 0.381566
vt 0.347912 0.384366
vt 0.365651 0.386553
vt 0.348902 0.389997
vt 0.366767 0.391481
vt 0.350126 0.395617
vt 0.368100 0.396352
vt 0.351597 0.401210
vt 0.369650 0.401161
vt 0.353324 0.406760
vt 0.371418 0.405899
vt 0.355312 0.412249
vt 0.373404 0.410558
vt 0.357563 0.417661
vt 0.375607 0.415124
vt 0.360075 0.422979
vt 0.378024 0.419588
vt 0.362846 0.428186
vt 0.380654 0.423937
vt 0.365872 0.433267
vt 0.383491 0.428161
vt 0.369147 0.438205
vt 0.386531 0.432249
vt 0.372665 0.442988
vt 0.389768 0.436190
vt 0.376417 0.447600
vt 0.393194 0.439975
vt 0.380394 0.452030
vt 0.396803 0.443593
vt 0.384586 0.456265
vt 0.400585 0.447037
vt 0.388982 0.460295
vt 0.404534 0.450299
vt 0.393571 0.464109
vt 0.408639 0.453369
vt 0.398340 0.467698
vt 0.412891 0.456244
vt 0.403276 0.471056
vt 0.417280 0.458915
vt 0.408366 0.474175
vt 0.421798 0.461378
vt 0.413597 0.477051
vt 0.426433 0.463629
vt 0.418954 0.479681
vt 0.431178 0.465664
vt 0.424426 0.482064
vt 0.436025 0.467479
vt 0.429999 0.484200
vt 0.440966 0.469072
vt 0.435664 0.486092
vt 0.446002 0.470439
vt 0.441409 0.487746
vt 0.451138 0.471572
vt 0.447229 0.489168
vt 0.456401 0.472455
vt 0.453114 0.490371
vt 0.369732 0.376013
vt 0.369395 0.371248
vt 0.443116 0.368699
vt 0.443010 0.370008
vt 0.408115 0.445846
vt 0.404372 0.442767
vt 0.451016 0.386881
vt 0.451974 0.387629
vt 0.373524 0.394802
vt 0.372254 0.390176
vt 0.443211 0.373729
vt 0.443438 0.374915
vt 0.370347 0.380771
vt 0.442993 0.371279
vt 0.412006 0.448745
vt 0.452972 0.388325
vt 0.375002 0.399367
vt 0.443738 0.376077
vt 0.416037 0.451457
vt 0.454007 0.388969
vt 0.376687 0.403862
vt 0.444108 0.377215
vt 0.420199 0.453977
vt 0.455078 0.389555
vt 0.378578 0.408276
vt 0.444545 0.378326
vt 0.424484 0.456300
vt 0.456182 0.390083
vt 0.380674 0.412601
vt 0.445043 0.379410
vt 0.428882 0.458421
vt 0.457320 0.390547
vt 0.382973 0.416826
vt 0.445603 0.380465
vt 0.433384 0.460334
vt 0.458489 0.390945
vt 0.385470 0.420940
vt 0.446220 0.381490
vt 0.437983 0.462036
vt 0.459690 0.391274
vt 0.388164 0.424934
vt 0.446894 0.382484
vt 0.442672 0.463521
vt 0.460921 0.391528
vt 0.391048 0.428798
vt 0.447621 0.383443
vt 0.447443 0.464780
vt 0.462185 0.391705
vt 0.394117 0.432522
vt 0.448399 0.384364
vt 0.460785 0.371428
vt 0.461366 0.371544
vt 0.461914 0.371771
vt 0.462407 0.372100
vt 0.462826 0.372519
vt 0.463156 0.373012
vt 0.463383 0.373560
vt 0.463498 0.374141
vt 0.463498 0.374734
vt 0.463383 0.375316
vt 0.463156 0.375863
vt 0.462826 0.376356
vt 0.462407 0.376776
vt 0.461914 0.377105
vt 0.461366 0.377332
vt 0.460785 0.377447
vt 0.460192 0.377447
vt 0.459611 0.377332
vt 0.459063 0.377105
vt 0.458570 0.376776
vt 0.458151 0.376356
vt 0.457821 0.375863
vt 0.457594 0.375316
vt 0.457479 0.374734
vt 0.457479 0.374141
vt 0.457594 0.373560
vt 0.457821 0.373012
vt 0.458151 0.372519
vt 0.458570 0.372100
vt 0.459063 0.371771
vt 0.459611 0.371544
vt 0.460192 0.371428
vt 0.452291 0.465800
vt 0.463483 0.391800
vt 0.397366 0.436097
vt 0.449226 0.385246
vt 0.467041 0.466997
vt 0.462159 0.466986
vt 0.466184 0.391742
vt 0.467584 0.391611
vt 0.457205 0.466555
vt 0.464815 0.391811
vt 0.400787 0.439515
vt 0.450099 0.386086
vt 0.371193 0.385496
vt 0.443062 0.372518
vt 0.295247 0.454912
vt 0.295247 0.449311
vt 0.296339 0.443818
vt 0.298483 0.438644
vt 0.301594 0.433987
vt 0.305555 0.430027
vt 0.310211 0.426915
vt 0.315386 0.424772
vt 0.320879 0.423680
vt 0.326479 0.423680
vt 0.331973 0.424772
vt 0.337147 0.426915
vt 0.341804 0.430027
vt 0.345764 0.433987
vt 0.348876 0.438644
vt 0.351019 0.443819
vt 0.352111 0.449311
vt 0.352111 0.454912
vt 0.351019 0.460405
vt 0.348876 0.465580
vt 0.345764 0.470237
vt 0.341804 0.474197
vt 0.337147 0.477308
vt 0.331972 0.479452
vt 0.326479 0.480544
vt 0.320879 0.480544
vt 0.315386 0.479452
vt 0.310211 0.477308
vt 0.305554 0.474197
vt 0.301594 0.470236
vt 0.298483 0.465580
vt 0.296339 0.460405
vt 0.452744 0.343118
vt 0.457684 0.361420
vt 0.451570 0.361420
vt 0.447001 0.343118
vt 0.445454 0.361420
vt 0.441265 0.343118
vt 0.439339 0.361420
vt 0.435533 0.343118
vt 0.433227 0.361420
vt 0.429806 0.343118
vt 0.427121 0.361420
vt 0.424083 0.343118
vt 0.421024 0.361420
vt 0.418367 0.343118
vt 0.414936 0.361420
vt 0.412660 0.343118
vt 0.408862 0.361420
vt 0.406963 0.343118
vt 0.402802 0.361420
vt 0.401278 0.343118
vt 0.396760 0.361420
vt 0.395608 0.343118
vt 0.390737 0.361420
vt 0.389954 0.343118
vt 0.384735 0.361420
vt 0.384319 0.343118
vt 0.378756 0.361420
vt 0.378704 0.343118
vt 0.372803 0.361420
vt 0.373112 0.343118
vt 0.366877 0.361420
vt 0.367544 0.343118
vt 0.360981 0.361420
vt 0.362002 0.343118
vt 0.355116 0.361420
vt 0.356488 0.343118
vt 0.349284 0.361420
vt 0.351004 0.343118
vt 0.343488 0.361420
vt 0.345552 0.343118
vt 0.337728 0.361420
vt 0.340133 0.343118
vt 0.332008 0.361420
vt 0.334750 0.343118
vt 0.326329 0.361420
vt 0.329403 0.343118
vt 0.320692 0.361420
vt 0.324095 0.343118
vt 0.315099 0.361420
vt 0.318826 0.343118
vt 0.309553 0.361420
vt 0.313599 0.343118
vt 0.304054 0.361420
vt 0.308413 0.343118
vt 0.298605 0.361420
vt 0.303266 0.343118
vt 0.293205 0.361420
vt 0.298156 0.343118
vt 0.458499 0.343118
vt 0.463791 0.361420
vt 0.464029 0.024738
vt 0.464029 0.003914
vt 0.469786 0.003914
vt 0.469786 0.024738
vt 0.458272 0.024739
vt 0.458272 0.003914
vt 0.452516 0.024739
vt 0.452515 0.003914
vt 0.446759 0.024739
vt 0.446759 0.003914
vt 0.441002 0.024739
vt 0.441002 0.003914
vt 0.435245 0.024739
vt 0.435245 0.003914
vt 0.429488 0.024739
vt 0.429488 0.003914
vt 0.423732 0.024739
vt 0.423731 0.003914
vt 0.417975 0.024739
vt 0.417975 0.003914
vt 0.412218 0.024739
vt 0.412218 0.003914
vt 0.406461 0.024739
vt 0.406461 0.003914
vt 0.400704 0.024739
vt 0.400704 0.003914
vt 0.394947 0.024739
vt 0.394947 0.003915
vt 0.389191 0.024739
vt 0.389191 0.003914
vt 0.383434 0.024739
vt 0.383434 0.003915
vt 0.377677 0.024739
vt 0.377677 0.003915
vt 0.371920 0.024739
vt 0.371920 0.003915
vt 0.366163 0.024739
vt 0.366163 0.003915
vt 0.360406 0.024739
vt 0.360407 0.003915
vt 0.354650 0.024739
vt 0.354650 0.003914
vt 0.348893 0.024739
vt 0.348893 0.003914
vt 0.343136 0.024739
vt 0.343136 0.003914
vt 0.337379 0.024739
vt 0.337379 0.003914
vt 0.331622 0.024739
vt 0.331623 0.003914
vt 0.325866 0.024739
vt 0.325866 0.003914
vt 0.320109 0.024739
vt 0.320109 0.003914
vt 0.314352 0.024739
vt 0.314352 0.003914
vt 0.308595 0.024739
vt 0.308595 0.003914
vt 0.302838 0.024739
vt 0.302839 0.003914
vt 0.297081 0.024739
vt 0.297082 0.003914
vt 0.291325 0.024738
vt 0.291325 0.003914
vt 0.285568 0.024738
vt 0.285568 0.003914
vt 0.443309 0.367329
vt 0.445739 0.367944
vt 0.445403 0.369091
vt 0.445403 0.369091
vt 0.445739 0.367944
vt 0.448089 0.369059
vt 0.447817 0.369804
vt 0.445208 0.370203
vt 0.445208 0.370203
vt 0.447663 0.370592
vt 0.445130 0.371292
vt 0.445130 0.371292
vt 0.447613 0.371403
vt 0.445153 0.372365
vt 0.445153 0.372365
vt 0.447655 0.372231
vt 0.445266 0.373424
vt 0.445266 0.373424
vt 0.447778 0.373070
vt 0.445458 0.374469
vt 0.445458 0.374469
vt 0.447975 0.373915
vt 0.445723 0.375500
vt 0.445723 0.375500
vt 0.448238 0.374762
vt 0.446053 0.376515
vt 0.446053 0.376515
vt 0.448563 0.375611
vt 0.446454 0.377507
vt 0.446454 0.377507
vt 0.448871 0.376466
vt 0.446906 0.378478
vt 0.446906 0.378478
vt 0.449293 0.377279
vt 0.447417 0.379426
vt 0.447417 0.379426
vt 0.449764 0.378080
vt 0.447983 0.380349
vt 0.447983 0.380349
vt 0.450280 0.378866
vt 0.448601 0.381245
vt 0.448601 0.381245
vt 0.450840 0.379635
vt 0.449268 0.382112
vt 0.449268 0.382112
vt 0.451438 0.380382
vt 0.449980 0.382947
vt 0.449980 0.382947
vt 0.452074 0.381105
vt 0.450737 0.383747
vt 0.450737 0.383747
vt 0.452744 0.381800
vt 0.451533 0.384509
vt 0.451533 0.384509
vt 0.453446 0.382465
vt 0.452369 0.385231
vt 0.452369 0.385231
vt 0.454178 0.383097
vt 0.453240 0.385910
vt 0.453240 0.385910
vt 0.454937 0.383692
vt 0.454145 0.386542
vt 0.454145 0.386542
vt 0.455720 0.384248
vt 0.455081 0.387124
vt 0.455081 0.387124
vt 0.456525 0.384762
vt 0.456047 0.387654
vt 0.456047 0.387654
vt 0.457349 0.385229
vt 0.457040 0.388128
vt 0.457040 0.388128
vt 0.458189 0.385647
vt 0.458058 0.388542
vt 0.458058 0.388542
vt 0.459043 0.386012
vt 0.459101 0.388891
vt 0.459101 0.388891
vt 0.459907 0.386319
vt 0.460166 0.389171
vt 0.460166 0.389171
vt 0.460779 0.386564
vt 0.461253 0.389378
vt 0.461253 0.389378
vt 0.461656 0.386741
vt 0.462361 0.389503
vt 0.462361 0.389503
vt 0.462533 0.386843
vt 0.463492 0.389540
vt 0.463492 0.389540
vt 0.463407 0.386863
vt 0.464651 0.389479
vt 0.464651 0.389479
vt 0.464273 0.386792
vt 0.465849 0.389303
vt 0.465849 0.389303
vt 0.465125 0.386619
vt 0.467112 0.388984
vt 0.467112 0.388984
vt 0.465951 0.386328
vt 0.369453 0.366541
vt 0.364246 0.365917
vt 0.364207 0.371298
vt 0.364207 0.371298
vt 0.364246 0.365917
vt 0.364770 0.365970
vt 0.364582 0.376450
vt 0.364582 0.376450
vt 0.365239 0.381490
vt 0.365239 0.381490
vt 0.366131 0.386455
vt 0.366131 0.386455
vt 0.367243 0.391361
vt 0.367243 0.391361
vt 0.368570 0.396211
vt 0.368570 0.396211
vt 0.370113 0.400999
vt 0.370113 0.400999
vt 0.371874 0.405717
vt 0.371874 0.405717
vt 0.373851 0.410354
vt 0.373851 0.410354
vt 0.376044 0.414899
vt 0.376044 0.414899
vt 0.378452 0.419342
vt 0.378452 0.419342
vt 0.381070 0.423671
vt 0.381070 0.423671
vt 0.383894 0.427876
vt 0.383894 0.427876
vt 0.386920 0.431944
vt 0.386920 0.431944
vt 0.390142 0.435866
vt 0.390142 0.435866
vt 0.393553 0.439633
vt 0.393553 0.439633
vt 0.397145 0.443234
vt 0.397145 0.443234
vt 0.400910 0.446662
vt 0.400910 0.446662
vt 0.404840 0.449907
vt 0.404840 0.449907
vt 0.408927 0.452964
vt 0.408927 0.452964
vt 0.413159 0.455824
vt 0.413159 0.455824
vt 0.417529 0.458483
vt 0.417529 0.458483
vt 0.422026 0.460934
vt 0.422026 0.460934
vt 0.426641 0.463174
vt 0.426641 0.463174
vt 0.431364 0.465199
vt 0.431364 0.465199
vt 0.436189 0.467004
vt 0.436189 0.467004
vt 0.441109 0.468588
vt 0.441109 0.468588
vt 0.446122 0.469945
vt 0.446122 0.469945
vt 0.451235 0.471068
vt 0.451235 0.471068
vt 0.456470 0.471937
vt 0.456470 0.471937
vt 0.461877 0.472502
vt 0.461877 0.472502
vt 0.467577 0.472635
vt 0.467577 0.472635
vt 0.369453 0.366541
vt 0.464301 0.343118
vt 0.458299 0.342538
vt 0.464056 0.342538
vt 0.464056 0.342538
vt 0.458299 0.342538
vt 0.458096 0.341966
vt 0.463774 0.341966
vt 0.452571 0.342538
vt 0.452571 0.342538
vt 0.452398 0.341966
vt 0.446846 0.342538
vt 0.446846 0.342538
vt 0.446690 0.341966
vt 0.441124 0.342538
vt 0.441124 0.342538
vt 0.440983 0.341966
vt 0.435405 0.342538
vt 0.435405 0.342538
vt 0.435277 0.341966
vt 0.429690 0.342538
vt 0.429690 0.342538
vt 0.429574 0.341966
vt 0.423980 0.342538
vt 0.423980 0.342538
vt 0.423877 0.341966
vt 0.418276 0.342538
vt 0.418276 0.342538
vt 0.418185 0.341966
vt 0.412580 0.342538
vt 0.412580 0.342538
vt 0.412502 0.341966
vt 0.406895 0.342538
vt 0.406895 0.342538
vt 0.406829 0.341966
vt 0.401223 0.342538
vt 0.401223 0.342538
vt 0.401169 0.341966
vt 0.395565 0.342538
vt 0.395565 0.342538
vt 0.395522 0.341966
vt 0.389923 0.342538
vt 0.389923 0.342538
vt 0.389892 0.341966
vt 0.384299 0.342538
vt 0.384299 0.342538
vt 0.384281 0.341966
vt 0.378696 0.342538
vt 0.378696 0.342538
vt 0.378690 0.341966
vt 0.373115 0.342538
vt 0.373115 0.342538
vt 0.373120 0.341966
vt 0.367559 0.342538
vt 0.367559 0.342538
vt 0.367575 0.341966
vt 0.362029 0.342538
vt 0.362029 0.342538
vt 0.362056 0.341966
vt 0.356526 0.342538
vt 0.356526 0.342538
vt 0.356565 0.341966
vt 0.351053 0.342538
vt 0.351053 0.342538
vt 0.351104 0.341966
vt 0.345612 0.342538
vt 0.345612 0.342538
vt 0.345674 0.341966
vt 0.340204 0.342538
vt 0.340204 0.342538
vt 0.340277 0.341966
vt 0.334831 0.342538
vt 0.334831 0.342538
vt 0.334915 0.341966
vt 0.329495 0.342538
vt 0.329495 0.342538
vt 0.329590 0.341966
vt 0.324198 0.342538
vt 0.324198 0.342538
vt 0.324303 0.341966
vt 0.318940 0.342538
vt 0.318940 0.342538
vt 0.319055 0.341966
vt 0.313723 0.342538
vt 0.313723 0.342538
vt 0.313849 0.341966
vt 0.308547 0.342538
vt 0.308547 0.342538
vt 0.308684 0.341966
vt 0.303413 0.342538
vt 0.303413 0.342538
vt 0.303561 0.341966
vt 0.298317 0.342538
vt 0.298317 0.342538
vt 0.298481 0.341966
vt 0.293265 0.342538
vt 0.293265 0.342538
vt 0.293454 0.341966
vt 0.288216 0.342538
vt 0.288216 0.342538
vt 0.288473 0.341966
vt 0.469893 0.361420
vt 0.446763 0.304091
vt 0.446763 0.287978
vt 0.452520 0.287978
vt 0.452521 0.304090
vt 0.458278 0.287977
vt 0.458278 0.304090
vt 0.464035 0.304090
vt 0.464035 0.287977
vt 0.469792 0.287978
vt 0.469792 0.304090
vt 0.435249 0.304091
vt 0.435249 0.287978
vt 0.441006 0.287978
vt 0.441006 0.304091
vt 0.429492 0.304091
vt 0.429491 0.287978
vt 0.423734 0.304091
vt 0.423734 0.287978
vt 0.417977 0.304091
vt 0.417977 0.287978
vt 0.412220 0.304091
vt 0.412220 0.287978
vt 0.406463 0.304091
vt 0.406463 0.287978
vt 0.400705 0.304091
vt 0.400705 0.287978
vt 0.394948 0.304091
vt 0.394948 0.287978
vt 0.389191 0.304091
vt 0.389191 0.287978
vt 0.383434 0.304091
vt 0.383434 0.287978
vt 0.377676 0.304091
vt 0.377676 0.287978
vt 0.371919 0.304091
vt 0.371919 0.287978
vt 0.366162 0.304091
vt 0.366162 0.287978
vt 0.452516 0.053360
vt 0.452516 0.037249
vt 0.458273 0.037249
vt 0.458273 0.053360
vt 0.464036 0.337428
vt 0.464035 0.316601
vt 0.469793 0.316601
vt 0.469793 0.337427
vt 0.354647 0.287978
vt 0.354650 0.053361
vt 0.360406 0.053361
vt 0.360405 0.287978
vt 0.354647 0.304091
vt 0.360405 0.304091
vt 0.348890 0.287978
vt 0.348893 0.053361
vt 0.348890 0.304091
vt 0.343133 0.287978
vt 0.343136 0.053361
vt 0.343133 0.304091
vt 0.337376 0.287978
vt 0.337379 0.053361
vt 0.337376 0.304091
vt 0.331619 0.287978
vt 0.331622 0.053361
vt 0.331618 0.304091
vt 0.325861 0.287978
vt 0.325865 0.053361
vt 0.325861 0.304091
vt 0.320104 0.287978
vt 0.320108 0.053361
vt 0.320104 0.304090
vt 0.314347 0.287977
vt 0.314352 0.053361
vt 0.314347 0.304090
vt 0.308590 0.287977
vt 0.308595 0.053361
vt 0.308589 0.304090
vt 0.302832 0.287977
vt 0.302838 0.053360
vt 0.302832 0.304090
vt 0.297075 0.287977
vt 0.297081 0.053360
vt 0.297075 0.304090
vt 0.291318 0.287977
vt 0.291324 0.053360
vt 0.291318 0.304090
vt 0.285561 0.287977
vt 0.285567 0.053360
vt 0.285561 0.304090
vt 0.464030 0.053360
vt 0.446759 0.053361
vt 0.366163 0.053361
vt 0.371920 0.053361
vt 0.377677 0.053361
vt 0.383434 0.053361
vt 0.389191 0.053361
vt 0.394948 0.053361
vt 0.400704 0.053361
vt 0.406461 0.053361
vt 0.412218 0.053361
vt 0.417975 0.053361
vt 0.423732 0.053361
vt 0.429489 0.053361
vt 0.435246 0.053361
vt 0.441002 0.053361
vt 0.469786 0.053360
vt 0.464029 0.037248
vt 0.469786 0.037248
vt 0.452521 0.310825
vt 0.458278 0.310825
vt 0.435245 0.037249
vt 0.441002 0.037249
vt 0.441006 0.310825
vt 0.446764 0.310825
vt 0.429489 0.037249
vt 0.435249 0.310825
vt 0.423732 0.037249
vt 0.429492 0.310825
vt 0.417975 0.037249
vt 0.423734 0.310825
vt 0.412218 0.037249
vt 0.417977 0.310825
vt 0.406461 0.037249
vt 0.412220 0.310825
vt 0.400704 0.037249
vt 0.406463 0.310825
vt 0.394948 0.037249
vt 0.400705 0.310825
vt 0.389191 0.037249
vt 0.394948 0.310825
vt 0.383434 0.037249
vt 0.389191 0.310825
vt 0.377677 0.037249
vt 0.383434 0.310825
vt 0.371920 0.037249
vt 0.377676 0.310825
vt 0.366163 0.037249
vt 0.371919 0.310825
vt 0.360406 0.037249
vt 0.366162 0.310825
vt 0.354650 0.037249
vt 0.360405 0.310825
vt 0.348893 0.037249
vt 0.354647 0.310825
vt 0.343136 0.037249
vt 0.348890 0.310825
vt 0.337379 0.037249
vt 0.343133 0.310825
vt 0.331622 0.037249
vt 0.337375 0.310825
vt 0.325865 0.037249
vt 0.331618 0.310825
vt 0.320109 0.037249
vt 0.325861 0.310825
vt 0.314352 0.037249
vt 0.320104 0.310825
vt 0.308595 0.037249
vt 0.314346 0.310825
vt 0.302838 0.037249
vt 0.308589 0.310824
vt 0.297081 0.037249
vt 0.302832 0.310824
vt 0.291324 0.037248
vt 0.297075 0.310824
vt 0.285568 0.037248
vt 0.291318 0.310824
vt 0.285560 0.310824
vt 0.446759 0.037249
vt 0.464035 0.310824
vt 0.469792 0.310824
vt 0.452516 0.030515
vt 0.458273 0.030515
vt 0.464029 0.030515
vt 0.469786 0.030515
vt 0.441002 0.030515
vt 0.446759 0.030515
vt 0.446764 0.316602
vt 0.452521 0.316601
vt 0.435245 0.030515
vt 0.441006 0.316602
vt 0.429488 0.030515
vt 0.435249 0.316602
vt 0.423732 0.030515
vt 0.429492 0.316602
vt 0.417975 0.030515
vt 0.423735 0.316602
vt 0.412218 0.030515
vt 0.417977 0.316602
vt 0.406461 0.030515
vt 0.412220 0.316602
vt 0.400704 0.030515
vt 0.406463 0.316602
vt 0.394947 0.030515
vt 0.400705 0.316602
vt 0.389191 0.030516
vt 0.394948 0.316602
vt 0.383434 0.030516
vt 0.389191 0.316602
vt 0.377677 0.030516
vt 0.383434 0.316602
vt 0.371920 0.030516
vt 0.377676 0.316602
vt 0.366163 0.030516
vt 0.371919 0.316602
vt 0.360406 0.030515
vt 0.366162 0.316602
vt 0.354650 0.030515
vt 0.360404 0.316602
vt 0.348893 0.030515
vt 0.354647 0.316602
vt 0.343136 0.030515
vt 0.348890 0.316602
vt 0.337379 0.030515
vt 0.343133 0.316602
vt 0.331622 0.030515
vt 0.337375 0.316602
vt 0.325866 0.030515
vt 0.331618 0.316602
vt 0.320109 0.030515
vt 0.325861 0.316602
vt 0.314352 0.030515
vt 0.320104 0.316601
vt 0.308595 0.030515
vt 0.314346 0.316601
vt 0.302838 0.030515
vt 0.308589 0.316601
vt 0.297081 0.030515
vt 0.302832 0.316601
vt 0.291325 0.030515
vt 0.297075 0.316601
vt 0.285568 0.030515
vt 0.291317 0.316601
vt 0.285560 0.316601
vt 0.458278 0.316601
vt 0.458279 0.337428
vt 0.452521 0.337428
vt 0.446764 0.337428
vt 0.441007 0.337428
vt 0.435249 0.337428
vt 0.429492 0.337428
vt 0.423735 0.337428
vt 0.417977 0.337428
vt 0.412220 0.337428
vt 0.406463 0.337428
vt 0.400706 0.337429
vt 0.394948 0.337429
vt 0.389191 0.337429
vt 0.383434 0.337429
vt 0.377676 0.337429
vt 0.371919 0.337429
vt 0.366162 0.337428
vt 0.360404 0.337428
vt 0.354647 0.337428
vt 0.348890 0.337428
vt 0.343132 0.337428
vt 0.337375 0.337428
vt 0.331618 0.337428
vt 0.325860 0.337428
vt 0.320103 0.337428
vt 0.314346 0.337428
vt 0.308589 0.337427
vt 0.302831 0.337427
vt 0.297074 0.337427
vt 0.291317 0.337427
vt 0.285560 0.337427
vt 0.710059 0.491377
vt 0.712842 0.473038
vt 0.718584 0.473196
vt 0.716049 0.492229
vt 0.620395 0.371248
vt 0.620732 0.376013
vt 0.616079 0.376400
vt 0.615716 0.371282
vt 0.621346 0.380771
vt 0.622193 0.385496
vt 0.617614 0.386357
vt 0.616728 0.381414
vt 0.623254 0.390176
vt 0.618720 0.391242
vt 0.624524 0.394802
vt 0.620041 0.396071
vt 0.626002 0.399367
vt 0.621578 0.400837
vt 0.627687 0.403862
vt 0.623331 0.405534
vt 0.629578 0.408276
vt 0.625300 0.410150
vt 0.631674 0.412601
vt 0.627484 0.414674
vt 0.633972 0.416826
vt 0.629880 0.419096
vt 0.636470 0.420940
vt 0.632487 0.423405
vt 0.639164 0.424934
vt 0.635299 0.427589
vt 0.642048 0.428798
vt 0.638311 0.431638
vt 0.645117 0.432522
vt 0.641518 0.435542
vt 0.648366 0.436097
vt 0.644913 0.439290
vt 0.651786 0.439515
vt 0.648488 0.442874
vt 0.655372 0.442767
vt 0.652236 0.446285
vt 0.659115 0.445846
vt 0.656149 0.449515
vt 0.663006 0.448745
vt 0.660216 0.452557
vt 0.667037 0.451457
vt 0.664429 0.455403
vt 0.671199 0.453977
vt 0.668779 0.458049
vt 0.675484 0.456300
vt 0.673255 0.460488
vt 0.679881 0.458421
vt 0.677849 0.462717
vt 0.684384 0.460334
vt 0.682552 0.464732
vt 0.688983 0.462036
vt 0.687355 0.466528
vt 0.693671 0.463521
vt 0.692253 0.468102
vt 0.698443 0.464780
vt 0.697244 0.469450
vt 0.703291 0.465800
vt 0.702332 0.470562
vt 0.708205 0.466555
vt 0.707540 0.471417
vt 0.713159 0.466986
vt 0.712909 0.471962
vt 0.718041 0.466997
vt 0.718539 0.472070
vt 0.544078 0.343118
vt 0.538851 0.361420
vt 0.533573 0.361420
vt 0.538985 0.343118
vt 0.597522 0.373123
vt 0.614697 0.371317
vt 0.615085 0.376502
vt 0.598133 0.378738
vt 0.596996 0.367574
vt 0.614714 0.365894
vt 0.615752 0.381566
vt 0.598912 0.384366
vt 0.616650 0.386553
vt 0.599902 0.389997
vt 0.617767 0.391481
vt 0.601126 0.395617
vt 0.619100 0.396352
vt 0.602597 0.401210
vt 0.620650 0.401161
vt 0.604324 0.406760
vt 0.622418 0.405899
vt 0.606312 0.412249
vt 0.624404 0.410558
vt 0.608563 0.417661
vt 0.626606 0.415124
vt 0.611075 0.422979
vt 0.629024 0.419588
vt 0.613846 0.428186
vt 0.631654 0.423937
vt 0.616872 0.433267
vt 0.634491 0.428161
vt 0.620147 0.438205
vt 0.637531 0.432249
vt 0.623665 0.442988
vt 0.640768 0.436190
vt 0.627416 0.447600
vt 0.644194 0.439975
vt 0.631393 0.452030
vt 0.647802 0.443593
vt 0.635585 0.456265
vt 0.651585 0.447037
vt 0.639982 0.460295
vt 0.655534 0.450299
vt 0.644571 0.464109
vt 0.659639 0.453369
vt 0.649339 0.467698
vt 0.663891 0.456244
vt 0.654276 0.471056
vt 0.668280 0.458915
vt 0.659366 0.474175
vt 0.672797 0.461378
vt 0.664597 0.477051
vt 0.677433 0.463629
vt 0.669954 0.479681
vt 0.682178 0.465664
vt 0.675426 0.482064
vt 0.687024 0.467479
vt 0.680999 0.484200
vt 0.691966 0.469072
vt 0.686663 0.486092
vt 0.697002 0.470439
vt 0.692409 0.487746
vt 0.702138 0.471572
vt 0.698228 0.489168
vt 0.707401 0.472455
vt 0.704114 0.490371
vt 0.620732 0.376013
vt 0.620395 0.371248
vt 0.694115 0.368699
vt 0.694010 0.370008
vt 0.659115 0.445846
vt 0.655372 0.442767
vt 0.702015 0.386881
vt 0.702974 0.387629
vt 0.624524 0.394802
vt 0.623254 0.390176
vt 0.694211 0.373729
vt 0.694438 0.374915
vt 0.621346 0.380771
vt 0.693993 0.371279
vt 0.663006 0.448745
vt 0.703972 0.388325
vt 0.626002 0.399367
vt 0.694738 0.376077
vt 0.667037 0.451457
vt 0.705007 0.388969
vt 0.627687 0.403862
vt 0.695108 0.377215
vt 0.671199 0.453977
vt 0.706077 0.389555
vt 0.629578 0.408276
vt 0.695544 0.378326
vt 0.675484 0.456300
vt 0.707182 0.390083
vt 0.631674 0.412601
vt 0.696043 0.379410
vt 0.679881 0.458421
vt 0.708320 0.390547
vt 0.633972 0.416826
vt 0.696602 0.380465
vt 0.684384 0.460334
vt 0.709489 0.390945
vt 0.636470 0.420940
vt 0.697220 0.381490
vt 0.688983 0.462036
vt 0.710689 0.391274
vt 0.639164 0.424934
vt 0.697894 0.382484
vt 0.693671 0.463521
vt 0.711921 0.391528
vt 0.642048 0.428798
vt 0.698621 0.383443
vt 0.698443 0.464780
vt 0.713185 0.391705
vt 0.645117 0.432522
vt 0.699399 0.384364
vt 0.711785 0.371428
vt 0.712366 0.371544
vt 0.712914 0.371771
vt 0.713407 0.372100
vt 0.713826 0.372519
vt 0.714155 0.373012
vt 0.714382 0.373560
vt 0.714498 0.374141
vt 0.714498 0.374734
vt 0.714382 0.375316
vt 0.714155 0.375863
vt 0.713826 0.376356
vt 0.713407 0.376776
vt 0.712914 0.377105
vt 0.712366 0.377332
vt 0.711785 0.377447
vt 0.711192 0.377447
vt 0.710611 0.377332
vt 0.710063 0.377105
vt 0.709570 0.376776
vt 0.709151 0.376356
vt 0.708821 0.375863
vt 0.708594 0.375316
vt 0.708479 0.374734
vt 0.708479 0.374141
vt 0.708594 0.373560
vt 0.708821 0.373012
vt 0.709151 0.372519
vt 0.709570 0.372100
vt 0.710063 0.371771
vt 0.710610 0.371544
vt 0.711192 0.371428
vt 0.703291 0.465800
vt 0.714483 0.391800
vt 0.648366 0.436097
vt 0.700226 0.385246
vt 0.718041 0.466997
vt 0.713159 0.466986
vt 0.717183 0.391742
vt 0.718584 0.391611
vt 0.708205 0.466555
vt 0.715815 0.391811
vt 0.651786 0.439515
vt 0.701099 0.386086
vt 0.622193 0.385496
vt 0.694061 0.372518
vt 0.546247 0.454912
vt 0.546247 0.449311
vt 0.547339 0.443818
vt 0.549483 0.438644
vt 0.552594 0.433987
vt 0.556554 0.430027
vt 0.561211 0.426915
vt 0.566386 0.424772
vt 0.571879 0.423680
vt 0.577479 0.423680
vt 0.582972 0.424772
vt 0.588147 0.426915
vt 0.592804 0.430027
vt 0.596764 0.433987
vt 0.599875 0.438644
vt 0.602019 0.443819
vt 0.603111 0.449311
vt 0.603111 0.454912
vt 0.602019 0.460405
vt 0.599875 0.465580
vt 0.596764 0.470237
vt 0.592804 0.474197
vt 0.588147 0.477308
vt 0.582972 0.479452
vt 0.577479 0.480544
vt 0.571879 0.480544
vt 0.566386 0.479452
vt 0.561211 0.477308
vt 0.556554 0.474197
vt 0.552594 0.470236
vt 0.549482 0.465580
vt 0.547339 0.460405
vt 0.703744 0.343118
vt 0.708683 0.361420
vt 0.702570 0.361420
vt 0.698001 0.343118
vt 0.696454 0.361420
vt 0.692265 0.343118
vt 0.690339 0.361420
vt 0.686533 0.343118
vt 0.684227 0.361420
vt 0.680806 0.343118
vt 0.678121 0.361420
vt 0.675083 0.343118
vt 0.672023 0.361420
vt 0.669367 0.343118
vt 0.665936 0.361420
vt 0.663660 0.343118
vt 0.659862 0.361420
vt 0.657963 0.343118
vt 0.653802 0.361420
vt 0.652278 0.343118
vt 0.647760 0.361420
vt 0.646608 0.343118
vt 0.641737 0.361420
vt 0.640954 0.343118
vt 0.635734 0.361420
vt 0.635319 0.343118
vt 0.629756 0.361420
vt 0.629704 0.343118
vt 0.623803 0.361420
vt 0.624112 0.343118
vt 0.617877 0.361420
vt 0.618544 0.343118
vt 0.611980 0.361420
vt 0.613002 0.343118
vt 0.606115 0.361420
vt 0.607488 0.343118
vt 0.600284 0.361420
vt 0.602004 0.343118
vt 0.594487 0.361420
vt 0.596552 0.343118
vt 0.588728 0.361420
vt 0.591133 0.343118
vt 0.583008 0.361420
vt 0.585749 0.343118
vt 0.577328 0.361420
vt 0.580403 0.343118
vt 0.571692 0.361420
vt 0.575095 0.343118
vt 0.566099 0.361420
vt 0.569826 0.343118
vt 0.560553 0.361420
vt 0.564599 0.343118
vt 0.555054 0.361420
vt 0.559413 0.343118
vt 0.549605 0.361420
vt 0.554266 0.343118
vt 0.544205 0.361420
vt 0.549156 0.343118
vt 0.709499 0.343118
vt 0.714791 0.361420
vt 0.715029 0.024738
vt 0.715029 0.003914
vt 0.720786 0.003914
vt 0.720786 0.024738
vt 0.709272 0.024739
vt 0.709272 0.003914
vt 0.703516 0.024739
vt 0.703515 0.003914
vt 0.697759 0.024739
vt 0.697758 0.003914
vt 0.692002 0.024739
vt 0.692002 0.003914
vt 0.686245 0.024739
vt 0.686245 0.003914
vt 0.680488 0.024739
vt 0.680488 0.003914
vt 0.674731 0.024739
vt 0.674731 0.003914
vt 0.668975 0.024739
vt 0.668974 0.003914
vt 0.663218 0.024739
vt 0.663218 0.003914
vt 0.657461 0.024739
vt 0.657461 0.003914
vt 0.651704 0.024739
vt 0.651704 0.003914
vt 0.645947 0.024739
vt 0.645947 0.003915
vt 0.640190 0.024739
vt 0.640190 0.003914
vt 0.634434 0.024739
vt 0.634434 0.003915
vt 0.628677 0.024739
vt 0.628677 0.003915
vt 0.622920 0.024739
vt 0.622920 0.003915
vt 0.617163 0.024739
vt 0.617163 0.003915
vt 0.611406 0.024739
vt 0.611406 0.003915
vt 0.605650 0.024739
vt 0.605650 0.003914
vt 0.599893 0.024739
vt 0.599893 0.003914
vt 0.594136 0.024739
vt 0.594136 0.003914
vt 0.588379 0.024739
vt 0.588379 0.003914
vt 0.582622 0.024739
vt 0.582622 0.003914
vt 0.576865 0.024739
vt 0.576866 0.003914
vt 0.571109 0.024739
vt 0.571109 0.003914
vt 0.565352 0.024739
vt 0.565352 0.003914
vt 0.559595 0.024739
vt 0.559595 0.003914
vt 0.553838 0.024739
vt 0.553838 0.003914
vt 0.548081 0.024739
vt 0.548082 0.003914
vt 0.542325 0.024738
vt 0.542325 0.003914
vt 0.536568 0.024738
vt 0.536568 0.003914
vt 0.694308 0.367329
vt 0.696739 0.367944
vt 0.696403 0.369091
vt 0.696403 0.369091
vt 0.696739 0.367944
vt 0.699089 0.369059
vt 0.698817 0.369804
vt 0.696208 0.370203
vt 0.696208 0.370203
vt 0.698663 0.370592
vt 0.696130 0.371292
vt 0.696130 0.371292
vt 0.698613 0.371403
vt 0.696153 0.372365
vt 0.696153 0.372365
vt 0.698654 0.372231
vt 0.696266 0.373424
vt 0.696266 0.373424
vt 0.698778 0.373070
vt 0.696458 0.374469
vt 0.696458 0.374469
vt 0.698974 0.373915
vt 0.696723 0.375500
vt 0.696723 0.375500
vt 0.699238 0.374762
vt 0.697053 0.376515
vt 0.697053 0.376515
vt 0.699563 0.375611
vt 0.697454 0.377507
vt 0.697454 0.377507
vt 0.699871 0.376466
vt 0.697906 0.378478
vt 0.697906 0.378478
vt 0.700293 0.377279
vt 0.698417 0.379426
vt 0.698417 0.379426
vt 0.700764 0.378080
vt 0.698983 0.380349
vt 0.698983 0.380349
vt 0.701280 0.378866
vt 0.699601 0.381245
vt 0.699601 0.381245
vt 0.701839 0.379635
vt 0.700268 0.382112
vt 0.700268 0.382112
vt 0.702438 0.380382
vt 0.700980 0.382947
vt 0.700980 0.382947
vt 0.703074 0.381105
vt 0.701736 0.383747
vt 0.701736 0.383747
vt 0.703744 0.381800
vt 0.702533 0.384509
vt 0.702533 0.384509
vt 0.704446 0.382465
vt 0.703368 0.385231
vt 0.703368 0.385231
vt 0.705178 0.383097
vt 0.704240 0.385910
vt 0.704240 0.385910
vt 0.705936 0.383692
vt 0.705145 0.386542
vt 0.705145 0.386542
vt 0.706720 0.384248
vt 0.706081 0.387124
vt 0.706081 0.387124
vt 0.707525 0.384762
vt 0.707047 0.387654
vt 0.707047 0.387654
vt 0.708349 0.385229
vt 0.708040 0.388128
vt 0.708040 0.388128
vt 0.709189 0.385647
vt 0.709058 0.388542
vt 0.709058 0.388542
vt 0.710043 0.386012
vt 0.710101 0.388891
vt 0.710101 0.388891
vt 0.710907 0.386319
vt 0.711166 0.389171
vt 0.711166 0.389171
vt 0.711779 0.386564
vt 0.712252 0.389378
vt 0.712252 0.389378
vt 0.712656 0.386741
vt 0.713361 0.389503
vt 0.713361 0.389503
vt 0.713533 0.386843
vt 0.714492 0.389540
vt 0.714492 0.389540
vt 0.714407 0.386863
vt 0.715651 0.389479
vt 0.715651 0.389479
vt 0.715273 0.386792
vt 0.716849 0.389303
vt 0.716849 0.389303
vt 0.716125 0.386619
vt 0.718112 0.388984
vt 0.718112 0.388984
vt 0.716951 0.386328
vt 0.620453 0.366541
vt 0.615246 0.365917
vt 0.615207 0.371298
vt 0.615207 0.371298
vt 0.615246 0.365917
vt 0.615770 0.365970
vt 0.615582 0.376450
vt 0.615582 0.376450
vt 0.616239 0.381490
vt 0.616239 0.381490
vt 0.617131 0.386455
vt 0.617131 0.386455
vt 0.618243 0.391361
vt 0.618243 0.391361
vt 0.619570 0.396211
vt 0.619570 0.396211
vt 0.621113 0.400999
vt 0.621113 0.400999
vt 0.622873 0.405717
vt 0.622873 0.405717
vt 0.624851 0.410354
vt 0.624851 0.410354
vt 0.627044 0.414899
vt 0.627044 0.414899
vt 0.629451 0.419342
vt 0.629451 0.419342
vt 0.632069 0.423671
vt 0.632069 0.423671
vt 0.634894 0.427876
vt 0.634894 0.427876
vt 0.637920 0.431944
vt 0.637920 0.431944
vt 0.641142 0.435866
vt 0.641142 0.435866
vt 0.644552 0.439633
vt 0.644552 0.439633
vt 0.648144 0.443234
vt 0.648144 0.443234
vt 0.651910 0.446662
vt 0.651910 0.446662
vt 0.655840 0.449907
vt 0.655840 0.449907
vt 0.659926 0.452964
vt 0.659926 0.452964
vt 0.664159 0.455824
vt 0.664159 0.455824
vt 0.668529 0.458483
vt 0.668529 0.458483
vt 0.673026 0.460934
vt 0.673026 0.460934
vt 0.677640 0.463174
vt 0.677640 0.463174
vt 0.682364 0.465199
vt 0.682364 0.465199
vt 0.687189 0.467004
vt 0.687189 0.467004
vt 0.692109 0.468588
vt 0.692109 0.468588
vt 0.697122 0.469945
vt 0.697122 0.469945
vt 0.702235 0.471068
vt 0.702235 0.471068
vt 0.707470 0.471937
vt 0.707470 0.471937
vt 0.712876 0.472502
vt 0.712876 0.472502
vt 0.718577 0.472635
vt 0.718577 0.472635
vt 0.620453 0.366541
vt 0.715301 0.343118
vt 0.709299 0.342538
vt 0.715056 0.342538
vt 0.715056 0.342538
vt 0.709299 0.342538
vt 0.709096 0.341966
vt 0.714774 0.341966
vt 0.703571 0.342538
vt 0.703571 0.342538
vt 0.703398 0.341966
vt 0.697845 0.342538
vt 0.697845 0.342538
vt 0.697690 0.341966
vt 0.692123 0.342538
vt 0.692123 0.342538
vt 0.691982 0.341966
vt 0.686405 0.342538
vt 0.686405 0.342538
vt 0.686277 0.341966
vt 0.680690 0.342538
vt 0.680690 0.342538
vt 0.680574 0.341966
vt 0.674980 0.342538
vt 0.674980 0.342538
vt 0.674876 0.341966
vt 0.669276 0.342538
vt 0.669276 0.342538
vt 0.669185 0.341966
vt 0.663580 0.342538
vt 0.663580 0.342538
vt 0.663502 0.341966
vt 0.657895 0.342538
vt 0.657895 0.342538
vt 0.657829 0.341966
vt 0.652223 0.342538
vt 0.652223 0.342538
vt 0.652168 0.341966
vt 0.646564 0.342538
vt 0.646564 0.342538
vt 0.646522 0.341966
vt 0.640923 0.342538
vt 0.640923 0.342538
vt 0.640892 0.341966
vt 0.635299 0.342538
vt 0.635299 0.342538
vt 0.635281 0.341966
vt 0.629696 0.342538
vt 0.629696 0.342538
vt 0.629689 0.341966
vt 0.624115 0.342538
vt 0.624115 0.342538
vt 0.624120 0.341966
vt 0.618559 0.342538
vt 0.618559 0.342538
vt 0.618575 0.341966
vt 0.613028 0.342538
vt 0.613028 0.342538
vt 0.613056 0.341966
vt 0.607526 0.342538
vt 0.607526 0.342538
vt 0.607565 0.341966
vt 0.602053 0.342538
vt 0.602053 0.342538
vt 0.602103 0.341966
vt 0.596612 0.342538
vt 0.596612 0.342538
vt 0.596673 0.341966
vt 0.591204 0.342538
vt 0.591204 0.342538
vt 0.591277 0.341966
vt 0.585831 0.342538
vt 0.585831 0.342538
vt 0.585915 0.341966
vt 0.580495 0.342538
vt 0.580495 0.342538
vt 0.580589 0.341966
vt 0.575198 0.342538
vt 0.575198 0.342538
vt 0.575302 0.341966
vt 0.569940 0.342538
vt 0.569940 0.342538
vt 0.570055 0.341966
vt 0.564723 0.342538
vt 0.564723 0.342538
vt 0.564849 0.341966
vt 0.559547 0.342538
vt 0.559547 0.342538
vt 0.559684 0.341966
vt 0.554412 0.342538
vt 0.554412 0.342538
vt 0.554561 0.341966
vt 0.549317 0.342538
vt 0.549317 0.342538
vt 0.549481 0.341966
vt 0.544265 0.342538
vt 0.544265 0.342538
vt 0.544454 0.341966
vt 0.539216 0.342538
vt 0.539216 0.342538
vt 0.539473 0.341966
vt 0.720893 0.361420
vt 0.697763 0.304091
vt 0.697763 0.287978
vt 0.703520 0.287978
vt 0.703520 0.304090
vt 0.709278 0.287977
vt 0.709278 0.304090
vt 0.715035 0.304090
vt 0.715035 0.287977
vt 0.720792 0.287978
vt 0.720792 0.304090
vt 0.686249 0.304091
vt 0.686249 0.287978
vt 0.692006 0.287978
vt 0.692006 0.304091
vt 0.680492 0.304091
vt 0.680491 0.287978
vt 0.674734 0.304091
vt 0.674734 0.287978
vt 0.668977 0.304091
vt 0.668977 0.287978
vt 0.663220 0.304091
vt 0.663220 0.287978
vt 0.657463 0.304091
vt 0.657462 0.287978
vt 0.651705 0.304091
vt 0.651705 0.287978
vt 0.645948 0.304091
vt 0.645948 0.287978
vt 0.640191 0.304091
vt 0.640191 0.287978
vt 0.634434 0.304091
vt 0.634434 0.287978
vt 0.628676 0.304091
vt 0.628676 0.287978
vt 0.622919 0.304091
vt 0.622919 0.287978
vt 0.617162 0.304091
vt 0.617162 0.287978
vt 0.703516 0.053360
vt 0.703516 0.037249
vt 0.709273 0.037249
vt 0.709273 0.053360
vt 0.715036 0.337428
vt 0.715035 0.316601
vt 0.720793 0.316601
vt 0.720793 0.337427
vt 0.605647 0.287978
vt 0.605649 0.053361
vt 0.611406 0.053361
vt 0.611405 0.287978
vt 0.605647 0.304091
vt 0.611404 0.304091
vt 0.599890 0.287978
vt 0.599893 0.053361
vt 0.599890 0.304091
vt 0.594133 0.287978
vt 0.594136 0.053361
vt 0.594133 0.304091
vt 0.588376 0.287978
vt 0.588379 0.053361
vt 0.588375 0.304091
vt 0.582618 0.287978
vt 0.582622 0.053361
vt 0.582618 0.304091
vt 0.576861 0.287978
vt 0.576865 0.053361
vt 0.576861 0.304091
vt 0.571104 0.287978
vt 0.571108 0.053361
vt 0.571104 0.304090
vt 0.565347 0.287977
vt 0.565351 0.053361
vt 0.565346 0.304090
vt 0.559590 0.287977
vt 0.559595 0.053361
vt 0.559589 0.304090
vt 0.553832 0.287977
vt 0.553838 0.053360
vt 0.553832 0.304090
vt 0.548075 0.287977
vt 0.548081 0.053360
vt 0.548075 0.304090
vt 0.542318 0.287977
vt 0.542324 0.053360
vt 0.542318 0.304090
vt 0.536561 0.287977
vt 0.536567 0.053360
vt 0.536560 0.304090
vt 0.715030 0.053360
vt 0.697759 0.053361
vt 0.617163 0.053361
vt 0.622920 0.053361
vt 0.628677 0.053361
vt 0.634434 0.053361
vt 0.640191 0.053361
vt 0.645947 0.053361
vt 0.651704 0.053361
vt 0.657461 0.053361
vt 0.663218 0.053361
vt 0.668975 0.053361
vt 0.674732 0.053361
vt 0.680489 0.053361
vt 0.686245 0.053361
vt 0.692002 0.053361
vt 0.720786 0.053360
vt 0.715029 0.037248
vt 0.720786 0.037248
vt 0.703521 0.310825
vt 0.709278 0.310825
vt 0.686245 0.037249
vt 0.692002 0.037249
vt 0.692006 0.310825
vt 0.697763 0.310825
vt 0.680488 0.037249
vt 0.686249 0.310825
vt 0.674732 0.037249
vt 0.680492 0.310825
vt 0.668975 0.037249
vt 0.674734 0.310825
vt 0.663218 0.037249
vt 0.668977 0.310825
vt 0.657461 0.037249
vt 0.663220 0.310825
vt 0.651704 0.037249
vt 0.657463 0.310825
vt 0.645947 0.037249
vt 0.651705 0.310825
vt 0.640190 0.037249
vt 0.645948 0.310825
vt 0.634434 0.037249
vt 0.640191 0.310825
vt 0.628677 0.037249
vt 0.634434 0.310825
vt 0.622920 0.037249
vt 0.628676 0.310825
vt 0.617163 0.037249
vt 0.622919 0.310825
vt 0.611406 0.037249
vt 0.617162 0.310825
vt 0.605649 0.037249
vt 0.611404 0.310825
vt 0.599893 0.037249
vt 0.605647 0.310825
vt 0.594136 0.037249
vt 0.599890 0.310825
vt 0.588379 0.037249
vt 0.594133 0.310825
vt 0.582622 0.037249
vt 0.588375 0.310825
vt 0.576865 0.037249
vt 0.582618 0.310825
vt 0.571108 0.037249
vt 0.576861 0.310825
vt 0.565352 0.037249
vt 0.571104 0.310825
vt 0.559595 0.037249
vt 0.565346 0.310825
vt 0.553838 0.037249
vt 0.559589 0.310824
vt 0.548081 0.037249
vt 0.553832 0.310824
vt 0.542324 0.037248
vt 0.548075 0.310824
vt 0.536568 0.037248
vt 0.542317 0.310824
vt 0.536560 0.310824
vt 0.697759 0.037249
vt 0.715035 0.310824
vt 0.720792 0.310824
vt 0.703516 0.030515
vt 0.709272 0.030515
vt 0.715029 0.030515
vt 0.720786 0.030515
vt 0.692002 0.030515
vt 0.697759 0.030515
vt 0.697763 0.316602
vt 0.703521 0.316601
vt 0.686245 0.030515
vt 0.692006 0.316602
vt 0.680488 0.030515
vt 0.686249 0.316602
vt 0.674731 0.030515
vt 0.680492 0.316602
vt 0.668975 0.030515
vt 0.674734 0.316602
vt 0.663218 0.030515
vt 0.668977 0.316602
vt 0.657461 0.030515
vt 0.663220 0.316602
vt 0.651704 0.030515
vt 0.657463 0.316602
vt 0.645947 0.030515
vt 0.651705 0.316602
vt 0.640190 0.030516
vt 0.645948 0.316602
vt 0.634434 0.030516
vt 0.640191 0.316602
vt 0.628677 0.030516
vt 0.634433 0.316602
vt 0.622920 0.030516
vt 0.628676 0.316602
vt 0.617163 0.030516
vt 0.622919 0.316602
vt 0.611406 0.030515
vt 0.617162 0.316602
vt 0.605650 0.030515
vt 0.611404 0.316602
vt 0.599893 0.030515
vt 0.605647 0.316602
vt 0.594136 0.030515
vt 0.599890 0.316602
vt 0.588379 0.030515
vt 0.594133 0.316602
vt 0.582622 0.030515
vt 0.588375 0.316602
vt 0.576865 0.030515
vt 0.582618 0.316602
vt 0.571109 0.030515
vt 0.576861 0.316602
vt 0.565352 0.030515
vt 0.571103 0.316601
vt 0.559595 0.030515
vt 0.565346 0.316601
vt 0.553838 0.030515
vt 0.559589 0.316601
vt 0.548081 0.030515
vt 0.553832 0.316601
vt 0.542324 0.030515
vt 0.548074 0.316601
vt 0.536568 0.030515
vt 0.542317 0.316601
vt 0.536560 0.316601
vt 0.709278 0.316601
vt 0.709278 0.337428
vt 0.703521 0.337428
vt 0.697764 0.337428
vt 0.692007 0.337428
vt 0.686249 0.337428
vt 0.680492 0.337428
vt 0.674735 0.337428
vt 0.668977 0.337428
vt 0.663220 0.337428
vt 0.657463 0.337428
vt 0.651705 0.337429
vt 0.645948 0.337429
vt 0.640191 0.337429
vt 0.634433 0.337429
vt 0.628676 0.337429
vt 0.622919 0.337429
vt 0.617162 0.337428
vt 0.611404 0.337428
vt 0.605647 0.337428
vt 0.599890 0.337428
vt 0.594132 0.337428
vt 0.588375 0.337428
vt 0.582618 0.337428
vt 0.576860 0.337428
vt 0.571103 0.337428
vt 0.565346 0.337428
vt 0.559588 0.337427
vt 0.553831 0.337427
vt 0.548074 0.337427
vt 0.542317 0.337427
vt 0.536559 0.337427
vt 0.956137 0.491377
vt 0.958921 0.473038
vt 0.964662 0.473196
vt 0.962127 0.492229
vt 0.866474 0.371248
vt 0.866810 0.376013
vt 0.862158 0.376400
vt 0.861795 0.371282
vt 0.867425 0.380771
vt 0.868271 0.385496
vt 0.863692 0.386357
vt 0.862806 0.381414
vt 0.869332 0.390176
vt 0.864798 0.391242
vt 0.870602 0.394802
vt 0.866119 0.396071
vt 0.872080 0.399367
vt 0.867656 0.400837
vt 0.873765 0.403862
vt 0.869409 0.405534
vt 0.875657 0.408276
vt 0.871378 0.410150
vt 0.877752 0.412601
vt 0.873562 0.414674
vt 0.880051 0.416826
vt 0.875959 0.419096
vt 0.882549 0.420940
vt 0.878565 0.423405
vt 0.885242 0.424934
vt 0.881377 0.427589
vt 0.888126 0.428798
vt 0.884389 0.431638
vt 0.891195 0.432522
vt 0.887596 0.435542
vt 0.894444 0.436097
vt 0.890991 0.439290
vt 0.897865 0.439515
vt 0.894567 0.442874
vt 0.901450 0.442767
vt 0.898315 0.446285
vt 0.905193 0.445846
vt 0.902227 0.449515
vt 0.909084 0.448745
vt 0.906294 0.452557
vt 0.913115 0.451457
vt 0.910507 0.455403
vt 0.917278 0.453977
vt 0.914857 0.458049
vt 0.921562 0.456300
vt 0.919333 0.460488
vt 0.925960 0.458421
vt 0.923927 0.462717
vt 0.930462 0.460334
vt 0.928630 0.464732
vt 0.935061 0.462036
vt 0.933433 0.466528
vt 0.939750 0.463521
vt 0.938331 0.468102
vt 0.944521 0.464780
vt 0.943322 0.469450
vt 0.949369 0.465800
vt 0.948411 0.470562
vt 0.954283 0.466555
vt 0.953618 0.471417
vt 0.959237 0.466986
vt 0.958987 0.471962
vt 0.964120 0.466997
vt 0.964617 0.472070
vt 0.790157 0.343118
vt 0.784930 0.361420
vt 0.779651 0.361420
vt 0.785064 0.343118
vt 0.843600 0.373123
vt 0.860776 0.371317
vt 0.861163 0.376502
vt 0.844211 0.378738
vt 0.843074 0.367574
vt 0.860792 0.365894
vt 0.861830 0.381566
vt 0.844990 0.384366
vt 0.862729 0.386553
vt 0.845980 0.389997
vt 0.863846 0.391481
vt 0.847204 0.395617
vt 0.865179 0.396352
vt 0.848675 0.401210
vt 0.866728 0.401161
vt 0.850403 0.406760
vt 0.868496 0.405899
vt 0.852391 0.412249
vt 0.870482 0.410558
vt 0.854641 0.417661
vt 0.872685 0.415124
vt 0.857153 0.422979
vt 0.875103 0.419588
vt 0.859924 0.428186
vt 0.877732 0.423937
vt 0.862950 0.433267
vt 0.880569 0.428161
vt 0.866225 0.438205
vt 0.883609 0.432249
vt 0.869743 0.442988
vt 0.886846 0.436190
vt 0.873495 0.447600
vt 0.890272 0.439975
vt 0.877472 0.452030
vt 0.893881 0.443593
vt 0.881664 0.456265
vt 0.897664 0.447037
vt 0.886060 0.460295
vt 0.901612 0.450299
vt 0.890649 0.464109
vt 0.905717 0.453369
vt 0.895418 0.467698
vt 0.909969 0.456244
vt 0.900354 0.471056
vt 0.914358 0.458915
vt 0.905444 0.474175
vt 0.918876 0.461378
vt 0.910675 0.477051
vt 0.923511 0.463629
vt 0.916033 0.479681
vt 0.928256 0.465664
vt 0.921504 0.482064
vt 0.933103 0.467479
vt 0.927078 0.484200
vt 0.938045 0.469072
vt 0.932742 0.486092
vt 0.943080 0.470439
vt 0.938487 0.487746
vt 0.948217 0.471572
vt 0.944307 0.489168
vt 0.953479 0.472455
vt 0.950193 0.490371
vt 0.866810 0.376013
vt 0.866474 0.371248
vt 0.940194 0.368699
vt 0.940088 0.370008
vt 0.905193 0.445846
vt 0.901450 0.442767
vt 0.948094 0.386881
vt 0.949052 0.387629
vt 0.870602 0.394802
vt 0.869332 0.390176
vt 0.940290 0.373729
vt 0.940516 0.374915
vt 0.867425 0.380771
vt 0.940071 0.371279
vt 0.909084 0.448745
vt 0.950050 0.388325
vt 0.872080 0.399367
vt 0.940816 0.376077
vt 0.913115 0.451457
vt 0.951085 0.388969
vt 0.873765 0.403862
vt 0.941186 0.377215
vt 0.917278 0.453977
vt 0.952156 0.389555
vt 0.875657 0.408276
vt 0.941623 0.378326
vt 0.921562 0.456300
vt 0.953261 0.390083
vt 0.877752 0.412601
vt 0.942121 0.379410
vt 0.925960 0.458421
vt 0.954398 0.390547
vt 0.880051 0.416826
vt 0.942681 0.380465
vt 0.930462 0.460334
vt 0.955567 0.390945
vt 0.882549 0.420940
vt 0.943298 0.381490
vt 0.935061 0.462036
vt 0.956768 0.391274
vt 0.885242 0.424934
vt 0.943972 0.382484
vt 0.939750 0.463521
vt 0.958000 0.391528
vt 0.888126 0.428798
vt 0.944699 0.383443
vt 0.944521 0.464780
vt 0.959264 0.391705
vt 0.891195 0.432522
vt 0.945477 0.384364
vt 0.957863 0.371428
vt 0.958445 0.371544
vt 0.958992 0.371771
vt 0.959485 0.372100
vt 0.959904 0.372519
vt 0.960234 0.373012
vt 0.960461 0.373560
vt 0.960576 0.374141
vt 0.960576 0.374734
vt 0.960461 0.375316
vt 0.960234 0.375863
vt 0.959904 0.376356
vt 0.959485 0.376776
vt 0.958992 0.377105
vt 0.958445 0.377332
vt 0.957863 0.377447
vt 0.957270 0.377447
vt 0.956689 0.377332
vt 0.956141 0.377105
vt 0.955648 0.376776
vt 0.955229 0.376356
vt 0.954900 0.375863
vt 0.954673 0.375316
vt 0.954557 0.374734
vt 0.954557 0.374141
vt 0.954673 0.373560
vt 0.954900 0.373012
vt 0.955229 0.372519
vt 0.955648 0.372100
vt 0.956141 0.371771
vt 0.956689 0.371544
vt 0.957270 0.371428
vt 0.949369 0.465800
vt 0.960561 0.391800
vt 0.894444 0.436097
vt 0.946304 0.385246
vt 0.964120 0.466997
vt 0.959237 0.466986
vt 0.963262 0.391742
vt 0.964662 0.391611
vt 0.954283 0.466555
vt 0.961893 0.391811
vt 0.897865 0.439515
vt 0.947177 0.386086
vt 0.868271 0.385496
vt 0.940140 0.372518
vt 0.792325 0.454912
vt 0.792325 0.449311
vt 0.793418 0.443818
vt 0.795561 0.438644
vt 0.798672 0.433987
vt 0.802633 0.430027
vt 0.807290 0.426915
vt 0.812464 0.424772
vt 0.817957 0.423680
vt 0.823558 0.423680
vt 0.829051 0.424772
vt 0.834225 0.426915
vt 0.838882 0.430027
vt 0.842842 0.433987
vt 0.845954 0.438644
vt 0.848097 0.443819
vt 0.849190 0.449311
vt 0.849190 0.454912
vt 0.848097 0.460405
vt 0.845954 0.465580
vt 0.842842 0.470237
vt 0.838882 0.474197
vt 0.834225 0.477308
vt 0.829051 0.479452
vt 0.823558 0.480544
vt 0.817957 0.480544
vt 0.812464 0.479452
vt 0.807289 0.477308
vt 0.802633 0.474197
vt 0.798672 0.470236
vt 0.795561 0.465580
vt 0.793418 0.460405
vt 0.949823 0.343118
vt 0.954762 0.361420
vt 0.948648 0.361420
vt 0.944079 0.343118
vt 0.942533 0.361420
vt 0.938343 0.343118
vt 0.936417 0.361420
vt 0.932612 0.343118
vt 0.930305 0.361420
vt 0.926884 0.343118
vt 0.924200 0.361420
vt 0.921162 0.343118
vt 0.918102 0.361420
vt 0.915446 0.343118
vt 0.912015 0.361420
vt 0.909738 0.343118
vt 0.905940 0.361420
vt 0.904041 0.343118
vt 0.899881 0.361420
vt 0.898356 0.343118
vt 0.893838 0.361420
vt 0.892686 0.343118
vt 0.887815 0.361420
vt 0.887032 0.343118
vt 0.881813 0.361420
vt 0.881397 0.343118
vt 0.875834 0.361420
vt 0.875782 0.343118
vt 0.869881 0.361420
vt 0.870190 0.343118
vt 0.863955 0.361420
vt 0.864622 0.343118
vt 0.858059 0.361420
vt 0.859080 0.343118
vt 0.852194 0.361420
vt 0.853566 0.343118
vt 0.846362 0.361420
vt 0.848082 0.343118
vt 0.840566 0.361420
vt 0.842630 0.343118
vt 0.834807 0.361420
vt 0.837211 0.343118
vt 0.829086 0.361420
vt 0.831828 0.343118
vt 0.823407 0.361420
vt 0.826481 0.343118
vt 0.817770 0.361420
vt 0.821173 0.343118
vt 0.812177 0.361420
vt 0.815905 0.343118
vt 0.806631 0.361420
vt 0.810677 0.343118
vt 0.801132 0.361420
vt 0.805491 0.343118
vt 0.795683 0.361420
vt 0.800344 0.343118
vt 0.790283 0.361420
vt 0.795234 0.343118
vt 0.955577 0.343118
vt 0.960869 0.361420
vt 0.961107 0.024738
vt 0.961107 0.003914
vt 0.966864 0.003914
vt 0.966864 0.024738
vt 0.955351 0.024739
vt 0.955350 0.003914
vt 0.949594 0.024739
vt 0.949594 0.003914
vt 0.943837 0.024739
vt 0.943837 0.003914
vt 0.938080 0.024739
vt 0.938080 0.003914
vt 0.932323 0.024739
vt 0.932323 0.003914
vt 0.926567 0.024739
vt 0.926566 0.003914
vt 0.920810 0.024739
vt 0.920810 0.003914
vt 0.915053 0.024739
vt 0.915053 0.003914
vt 0.909296 0.024739
vt 0.909296 0.003914
vt 0.903539 0.024739
vt 0.903539 0.003914
vt 0.897782 0.024739
vt 0.897782 0.003914
vt 0.892026 0.024739
vt 0.892026 0.003915
vt 0.886269 0.024739
vt 0.886269 0.003914
vt 0.880512 0.024739
vt 0.880512 0.003915
vt 0.874755 0.024739
vt 0.874755 0.003915
vt 0.868998 0.024739
vt 0.868998 0.003915
vt 0.863241 0.024739
vt 0.863242 0.003915
vt 0.857485 0.024739
vt 0.857485 0.003915
vt 0.851728 0.024739
vt 0.851728 0.003914
vt 0.845971 0.024739
vt 0.845971 0.003914
vt 0.840214 0.024739
vt 0.840214 0.003914
vt 0.834457 0.024739
vt 0.834458 0.003914
vt 0.828701 0.024739
vt 0.828701 0.003914
vt 0.822944 0.024739
vt 0.822944 0.003914
vt 0.817187 0.024739
vt 0.817187 0.003914
vt 0.811430 0.024739
vt 0.811430 0.003914
vt 0.805673 0.024739
vt 0.805674 0.003914
vt 0.799916 0.024739
vt 0.799917 0.003914
vt 0.794160 0.024739
vt 0.794160 0.003914
vt 0.788403 0.024738
vt 0.788403 0.003914
vt 0.782646 0.024738
vt 0.782646 0.003914
vt 0.940387 0.367329
vt 0.942817 0.367944
vt 0.942481 0.369091
vt 0.942481 0.369091
vt 0.942817 0.367944
vt 0.945168 0.369059
vt 0.944895 0.369804
vt 0.942286 0.370203
vt 0.942286 0.370203
vt 0.944741 0.370592
vt 0.942208 0.371292
vt 0.942208 0.371292
vt 0.944691 0.371403
vt 0.942232 0.372365
vt 0.942232 0.372365
vt 0.944733 0.372231
vt 0.942344 0.373424
vt 0.942344 0.373424
vt 0.944856 0.373070
vt 0.942536 0.374469
vt 0.942536 0.374469
vt 0.945053 0.373915
vt 0.942801 0.375500
vt 0.942801 0.375500
vt 0.945316 0.374762
vt 0.943131 0.376515
vt 0.943131 0.376515
vt 0.945641 0.375611
vt 0.943533 0.377507
vt 0.943533 0.377507
vt 0.945949 0.376466
vt 0.943984 0.378478
vt 0.943984 0.378478
vt 0.946371 0.377279
vt 0.944495 0.379426
vt 0.944495 0.379426
vt 0.946842 0.378080
vt 0.945061 0.380349
vt 0.945061 0.380349
vt 0.947359 0.378866
vt 0.945679 0.381245
vt 0.945679 0.381245
vt 0.947918 0.379635
vt 0.946346 0.382112
vt 0.946346 0.382112
vt 0.948516 0.380382
vt 0.947059 0.382947
vt 0.947059 0.382947
vt 0.949152 0.381105
vt 0.947815 0.383747
vt 0.947815 0.383747
vt 0.949822 0.381800
vt 0.948612 0.384509
vt 0.948612 0.384509
vt 0.950525 0.382465
vt 0.949447 0.385231
vt 0.949447 0.385231
vt 0.951256 0.383097
vt 0.950318 0.385910
vt 0.950318 0.385910
vt 0.952015 0.383692
vt 0.951223 0.386542
vt 0.951223 0.386542
vt 0.952798 0.384248
vt 0.952159 0.387124
vt 0.952159 0.387124
vt 0.953603 0.384762
vt 0.953125 0.387654
vt 0.953125 0.387654
vt 0.954427 0.385229
vt 0.954118 0.388128
vt 0.954118 0.388128
vt 0.955267 0.385647
vt 0.955136 0.388542
vt 0.955136 0.388542
vt 0.956121 0.386012
vt 0.956179 0.388891
vt 0.956179 0.388891
vt 0.956986 0.386319
vt 0.957244 0.389171
vt 0.957244 0.389171
vt 0.957858 0.386564
vt 0.958331 0.389378
vt 0.958331 0.389378
vt 0.958734 0.386741
vt 0.959439 0.389503
vt 0.959439 0.389503
vt 0.959611 0.386843
vt 0.960571 0.389540
vt 0.960571 0.389540
vt 0.960485 0.386863
vt 0.961729 0.389479
vt 0.961729 0.389479
vt 0.961351 0.386792
vt 0.962927 0.389303
vt 0.962927 0.389303
vt 0.962203 0.386619
vt 0.964191 0.388984
vt 0.964191 0.388984
vt 0.963030 0.386328
vt 0.866531 0.366541
vt 0.861324 0.365917
vt 0.861286 0.371298
vt 0.861286 0.371298
vt 0.861324 0.365917
vt 0.861848 0.365970
vt 0.861660 0.376450
vt 0.861660 0.376450
vt 0.862317 0.381490
vt 0.862317 0.381490
vt 0.863209 0.386455
vt 0.863209 0.386455
vt 0.864321 0.391361
vt 0.864321 0.391361
vt 0.865648 0.396211
vt 0.865648 0.396211
vt 0.867191 0.400999
vt 0.867191 0.400999
vt 0.868952 0.405717
vt 0.868952 0.405717
vt 0.870929 0.410354
vt 0.870929 0.410354
vt 0.873122 0.414899
vt 0.873122 0.414899
vt 0.875530 0.419342
vt 0.875530 0.419342
vt 0.878148 0.423671
vt 0.878148 0.423671
vt 0.880972 0.427876
vt 0.880972 0.427876
vt 0.883998 0.431944
vt 0.883998 0.431944
vt 0.887220 0.435866
vt 0.887220 0.435866
vt 0.890631 0.439633
vt 0.890631 0.439633
vt 0.894223 0.443234
vt 0.894223 0.443234
vt 0.897988 0.446662
vt 0.897988 0.446662
vt 0.901919 0.449907
vt 0.901919 0.449907
vt 0.906005 0.452964
vt 0.906005 0.452964
vt 0.910237 0.455824
vt 0.910237 0.455824
vt 0.914607 0.458483
vt 0.914607 0.458483
vt 0.919104 0.460934
vt 0.919104 0.460934
vt 0.923719 0.463174
vt 0.923719 0.463174
vt 0.928443 0.465199
vt 0.928443 0.465199
vt 0.933267 0.467004
vt 0.933267 0.467004
vt 0.938187 0.468588
vt 0.938187 0.468588
vt 0.943201 0.469945
vt 0.943201 0.469945
vt 0.948313 0.471068
vt 0.948313 0.471068
vt 0.953548 0.471937
vt 0.953548 0.471937
vt 0.958955 0.472502
vt 0.958955 0.472502
vt 0.964656 0.472635
vt 0.964656 0.472635
vt 0.866531 0.366541
vt 0.961379 0.343118
vt 0.955377 0.342538
vt 0.961134 0.342538
vt 0.961134 0.342538
vt 0.955377 0.342538
vt 0.955174 0.341966
vt 0.960853 0.341966
vt 0.949650 0.342538
vt 0.949650 0.342538
vt 0.949476 0.341966
vt 0.943924 0.342538
vt 0.943924 0.342538
vt 0.943768 0.341966
vt 0.938202 0.342538
vt 0.938202 0.342538
vt 0.938061 0.341966
vt 0.932483 0.342538
vt 0.932483 0.342538
vt 0.932355 0.341966
vt 0.926768 0.342538
vt 0.926768 0.342538
vt 0.926653 0.341966
vt 0.921058 0.342538
vt 0.921058 0.342538
vt 0.920955 0.341966
vt 0.915354 0.342538
vt 0.915354 0.342538
vt 0.915263 0.341966
vt 0.909659 0.342538
vt 0.909659 0.342538
vt 0.909580 0.341966
vt 0.903974 0.342538
vt 0.903974 0.342538
vt 0.903907 0.341966
vt 0.898301 0.342538
vt 0.898301 0.342538
vt 0.898247 0.341966
vt 0.892643 0.342538
vt 0.892643 0.342538
vt 0.892600 0.341966
vt 0.887001 0.342538
vt 0.887001 0.342538
vt 0.886971 0.341966
vt 0.881378 0.342538
vt 0.881378 0.342538
vt 0.881359 0.341966
vt 0.875774 0.342538
vt 0.875774 0.342538
vt 0.875768 0.341966
vt 0.870194 0.342538
vt 0.870194 0.342538
vt 0.870199 0.341966
vt 0.864637 0.342538
vt 0.864637 0.342538
vt 0.864654 0.341966
vt 0.859107 0.342538
vt 0.859107 0.342538
vt 0.859135 0.341966
vt 0.853604 0.342538
vt 0.853604 0.342538
vt 0.853643 0.341966
vt 0.848131 0.342538
vt 0.848131 0.342538
vt 0.848182 0.341966
vt 0.842690 0.342538
vt 0.842690 0.342538
vt 0.842752 0.341966
vt 0.837282 0.342538
vt 0.837282 0.342538
vt 0.837355 0.341966
vt 0.831909 0.342538
vt 0.831909 0.342538
vt 0.831993 0.341966
vt 0.826573 0.342538
vt 0.826573 0.342538
vt 0.826668 0.341966
vt 0.821276 0.342538
vt 0.821276 0.342538
vt 0.821381 0.341966
vt 0.816018 0.342538
vt 0.816018 0.342538
vt 0.816134 0.341966
vt 0.810801 0.342538
vt 0.810801 0.342538
vt 0.810927 0.341966
vt 0.805626 0.342538
vt 0.805626 0.342538
vt 0.805763 0.341966
vt 0.800491 0.342538
vt 0.800491 0.342538
vt 0.800640 0.341966
vt 0.795395 0.342538
vt 0.795395 0.342538
vt 0.795559 0.341966
vt 0.790343 0.342538
vt 0.790343 0.342538
vt 0.790532 0.341966
vt 0.785294 0.342538
vt 0.785294 0.342538
vt 0.785551 0.341966
vt 0.966971 0.361420
vt 0.943842 0.304091
vt 0.943841 0.287978
vt 0.949599 0.287978
vt 0.949599 0.304090
vt 0.955356 0.287977
vt 0.955356 0.304090
vt 0.961113 0.304090
vt 0.961113 0.287977
vt 0.966870 0.287978
vt 0.966870 0.304090
vt 0.932327 0.304091
vt 0.932327 0.287978
vt 0.938084 0.287978
vt 0.938084 0.304091
vt 0.926570 0.304091
vt 0.926570 0.287978
vt 0.920813 0.304091
vt 0.920812 0.287978
vt 0.915055 0.304091
vt 0.915055 0.287978
vt 0.909298 0.304091
vt 0.909298 0.287978
vt 0.903541 0.304091
vt 0.903541 0.287978
vt 0.897784 0.304091
vt 0.897783 0.287978
vt 0.892026 0.304091
vt 0.892026 0.287978
vt 0.886269 0.304091
vt 0.886269 0.287978
vt 0.880512 0.304091
vt 0.880512 0.287978
vt 0.874754 0.304091
vt 0.874755 0.287978
vt 0.868997 0.304091
vt 0.868997 0.287978
vt 0.863240 0.304091
vt 0.863240 0.287978
vt 0.949594 0.053360
vt 0.949594 0.037249
vt 0.955351 0.037249
vt 0.955351 0.053360
vt 0.961114 0.337428
vt 0.961114 0.316601
vt 0.966871 0.316601
vt 0.966871 0.337427
vt 0.851726 0.287978
vt 0.851728 0.053361
vt 0.857485 0.053361
vt 0.857483 0.287978
vt 0.851726 0.304091
vt 0.857483 0.304091
vt 0.845968 0.287978
vt 0.845971 0.053361
vt 0.845968 0.304091
vt 0.840211 0.287978
vt 0.840214 0.053361
vt 0.840211 0.304091
vt 0.834454 0.287978
vt 0.834457 0.053361
vt 0.834454 0.304091
vt 0.828697 0.287978
vt 0.828700 0.053361
vt 0.828697 0.304091
vt 0.822940 0.287978
vt 0.822943 0.053361
vt 0.822939 0.304091
vt 0.817182 0.287978
vt 0.817187 0.053361
vt 0.817182 0.304090
vt 0.811425 0.287977
vt 0.811430 0.053361
vt 0.811425 0.304090
vt 0.805668 0.287977
vt 0.805673 0.053361
vt 0.805668 0.304090
vt 0.799911 0.287977
vt 0.799916 0.053360
vt 0.799910 0.304090
vt 0.794153 0.287977
vt 0.794159 0.053360
vt 0.794153 0.304090
vt 0.788396 0.287977
vt 0.788402 0.053360
vt 0.788396 0.304090
vt 0.782639 0.287977
vt 0.782646 0.053360
vt 0.782639 0.304090
vt 0.961108 0.053360
vt 0.943837 0.053361
vt 0.863241 0.053361
vt 0.868998 0.053361
vt 0.874755 0.053361
vt 0.880512 0.053361
vt 0.886269 0.053361
vt 0.892026 0.053361
vt 0.897783 0.053361
vt 0.903539 0.053361
vt 0.909296 0.053361
vt 0.915053 0.053361
vt 0.920810 0.053361
vt 0.926567 0.053361
vt 0.932324 0.053361
vt 0.938081 0.053361
vt 0.966865 0.053360
vt 0.961108 0.037248
vt 0.966864 0.037248
vt 0.949599 0.310825
vt 0.955356 0.310825
vt 0.932324 0.037249
vt 0.938080 0.037249
vt 0.938084 0.310825
vt 0.943842 0.310825
vt 0.926567 0.037249
vt 0.932327 0.310825
vt 0.920810 0.037249
vt 0.926570 0.310825
vt 0.915053 0.037249
vt 0.920813 0.310825
vt 0.909296 0.037249
vt 0.915055 0.310825
vt 0.903539 0.037249
vt 0.909298 0.310825
vt 0.897783 0.037249
vt 0.903541 0.310825
vt 0.892026 0.037249
vt 0.897784 0.310825
vt 0.886269 0.037249
vt 0.892026 0.310825
vt 0.880512 0.037249
vt 0.886269 0.310825
vt 0.874755 0.037249
vt 0.880512 0.310825
vt 0.868998 0.037249
vt 0.874754 0.310825
vt 0.863241 0.037249
vt 0.868997 0.310825
vt 0.857485 0.037249
vt 0.863240 0.310825
vt 0.851728 0.037249
vt 0.857483 0.310825
vt 0.845971 0.037249
vt 0.851725 0.310825
vt 0.840214 0.037249
vt 0.845968 0.310825
vt 0.834457 0.037249
vt 0.840211 0.310825
vt 0.828700 0.037249
vt 0.834454 0.310825
vt 0.822944 0.037249
vt 0.828696 0.310825
vt 0.817187 0.037249
vt 0.822939 0.310825
vt 0.811430 0.037249
vt 0.817182 0.310825
vt 0.805673 0.037249
vt 0.811425 0.310825
vt 0.799916 0.037249
vt 0.805667 0.310824
vt 0.794159 0.037249
vt 0.799910 0.310824
vt 0.788403 0.037248
vt 0.794153 0.310824
vt 0.782646 0.037248
vt 0.788396 0.310824
vt 0.782638 0.310824
vt 0.943837 0.037249
vt 0.961113 0.310824
vt 0.966871 0.310824
vt 0.949594 0.030515
vt 0.955351 0.030515
vt 0.961108 0.030515
vt 0.966864 0.030515
vt 0.938080 0.030515
vt 0.943837 0.030515
vt 0.943842 0.316602
vt 0.949599 0.316601
vt 0.932323 0.030515
vt 0.938085 0.316602
vt 0.926567 0.030515
vt 0.932327 0.316602
vt 0.920810 0.030515
vt 0.926570 0.316602
vt 0.915053 0.030515
vt 0.920813 0.316602
vt 0.909296 0.030515
vt 0.915055 0.316602
vt 0.903539 0.030515
vt 0.909298 0.316602
vt 0.897783 0.030515
vt 0.903541 0.316602
vt 0.892026 0.030515
vt 0.897784 0.316602
vt 0.886269 0.030516
vt 0.892026 0.316602
vt 0.880512 0.030516
vt 0.886269 0.316602
vt 0.874755 0.030516
vt 0.880512 0.316602
vt 0.868998 0.030516
vt 0.874754 0.316602
vt 0.863241 0.030516
vt 0.868997 0.316602
vt 0.857485 0.030515
vt 0.863240 0.316602
vt 0.851728 0.030515
vt 0.857483 0.316602
vt 0.845971 0.030515
vt 0.851725 0.316602
vt 0.840214 0.030515
vt 0.845968 0.316602
vt 0.834457 0.030515
vt 0.840211 0.316602
vt 0.828700 0.030515
vt 0.834454 0.316602
vt 0.822944 0.030515
vt 0.828696 0.316602
vt 0.817187 0.030515
vt 0.822939 0.316602
vt 0.811430 0.030515
vt 0.817182 0.316601
vt 0.805673 0.030515
vt 0.811425 0.316601
vt 0.799916 0.030515
vt 0.805667 0.316601
vt 0.794160 0.030515
vt 0.799910 0.316601
vt 0.788403 0.030515
vt 0.794153 0.316601
vt 0.782646 0.030515
vt 0.788396 0.316601
vt 0.782638 0.316601
vt 0.955356 0.316601
vt 0.955357 0.337428
vt 0.949599 0.337428
vt 0.943842 0.337428
vt 0.938085 0.337428
vt 0.932328 0.337428
vt 0.926570 0.337428
vt 0.920813 0.337428
vt 0.915056 0.337428
vt 0.909298 0.337428
vt 0.903541 0.337428
vt 0.897784 0.337429
vt 0.892026 0.337429
vt 0.886269 0.337429
vt 0.880512 0.337429
vt 0.874754 0.337429
vt 0.868997 0.337429
vt 0.863240 0.337428
vt 0.857482 0.337428
vt 0.851725 0.337428
vt 0.845968 0.337428
vt 0.840211 0.337428
vt 0.834453 0.337428
vt 0.828696 0.337428
vt 0.822939 0.337428
vt 0.817181 0.337428
vt 0.811424 0.337428
vt 0.805667 0.337427
vt 0.799910 0.337427
vt 0.794152 0.337427
vt 0.788395 0.337427
vt 0.782638 0.337427
vt 0.203137 0.992091
vt 0.205921 0.973751
vt 0.211663 0.973909
vt 0.209128 0.992943
vt 0.113474 0.871962
vt 0.113811 0.876726
vt 0.109158 0.877113
vt 0.108795 0.871996
vt 0.114425 0.881485
vt 0.115271 0.886209
vt 0.110693 0.887070
vt 0.109807 0.882128
vt 0.116333 0.890889
vt 0.111798 0.891955
vt 0.117603 0.895516
vt 0.113120 0.896784
vt 0.119081 0.900081
vt 0.114657 0.901551
vt 0.120766 0.904575
vt 0.116410 0.906247
vt 0.122657 0.908990
vt 0.118379 0.910863
vt 0.124753 0.913314
vt 0.120562 0.915388
vt 0.127051 0.917539
vt 0.122959 0.919810
vt 0.129549 0.921653
vt 0.125566 0.924118
vt 0.132242 0.925647
vt 0.128377 0.928303
vt 0.135126 0.929511
vt 0.131390 0.932352
vt 0.138196 0.933235
vt 0.134597 0.936255
vt 0.141444 0.936810
vt 0.137991 0.940004
vt 0.144865 0.940228
vt 0.141567 0.943588
vt 0.148451 0.943480
vt 0.145315 0.946999
vt 0.152193 0.946559
vt 0.149227 0.950229
vt 0.156085 0.949458
vt 0.153295 0.953270
vt 0.160116 0.952170
vt 0.157508 0.956117
vt 0.164278 0.954691
vt 0.161857 0.958762
vt 0.168562 0.957013
vt 0.166334 0.961202
vt 0.172960 0.959134
vt 0.170928 0.963431
vt 0.177463 0.961047
vt 0.175630 0.965445
vt 0.182062 0.962749
vt 0.180434 0.967241
vt 0.186750 0.964234
vt 0.185332 0.968815
vt 0.191521 0.965493
vt 0.190322 0.970163
vt 0.196369 0.966514
vt 0.195411 0.971276
vt 0.201284 0.967268
vt 0.200618 0.972130
vt 0.206237 0.967699
vt 0.205988 0.972675
vt 0.211120 0.967710
vt 0.211617 0.972784
vt 0.037157 0.843831
vt 0.031930 0.862133
vt 0.026651 0.862133
vt 0.032064 0.843831
vt 0.090601 0.873836
vt 0.107776 0.872030
vt 0.108164 0.877215
vt 0.091212 0.879451
vt 0.090074 0.868288
vt 0.107793 0.866607
vt 0.108830 0.882280
vt 0.091991 0.885079
vt 0.109729 0.887267
vt 0.092981 0.890710
vt 0.110846 0.892194
vt 0.094204 0.896330
vt 0.112179 0.897065
vt 0.095676 0.901923
vt 0.113729 0.901874
vt 0.097403 0.907473
vt 0.115497 0.906613
vt 0.099391 0.912963
vt 0.117482 0.911271
vt 0.101641 0.918375
vt 0.119685 0.915837
vt 0.104153 0.923692
vt 0.122103 0.920301
vt 0.106924 0.928899
vt 0.124733 0.924650
vt 0.109950 0.933980
vt 0.127570 0.928874
vt 0.113226 0.938919
vt 0.130610 0.932962
vt 0.116743 0.943701
vt 0.133846 0.936903
vt 0.120495 0.948314
vt 0.137272 0.940688
vt 0.124472 0.952743
vt 0.140881 0.944307
vt 0.128664 0.956979
vt 0.144664 0.947751
vt 0.133061 0.961008
vt 0.148612 0.951012
vt 0.137649 0.964822
vt 0.152717 0.954083
vt 0.142418 0.968412
vt 0.156969 0.956957
vt 0.147354 0.971769
vt 0.161359 0.959628
vt 0.152445 0.974888
vt 0.165876 0.962092
vt 0.157675 0.977764
vt 0.170512 0.964343
vt 0.163033 0.980394
vt 0.175257 0.966377
vt 0.168505 0.982777
vt 0.180103 0.968193
vt 0.174078 0.984913
vt 0.185045 0.969785
vt 0.179742 0.986805
vt 0.190081 0.971152
vt 0.185488 0.988459
vt 0.195217 0.972286
vt 0.191307 0.989881
vt 0.200479 0.973168
vt 0.197193 0.991085
vt 0.113811 0.876726
vt 0.113474 0.871962
vt 0.187194 0.869412
vt 0.187089 0.870721
vt 0.152193 0.946559
vt 0.148451 0.943480
vt 0.195094 0.887595
vt 0.196052 0.888342
vt 0.117603 0.895516
vt 0.116333 0.890889
vt 0.187290 0.874443
vt 0.187517 0.875629
vt 0.114425 0.881485
vt 0.187072 0.871992
vt 0.156085 0.949458
vt 0.197050 0.889039
vt 0.119081 0.900081
vt 0.187817 0.876791
vt 0.160116 0.952170
vt 0.198085 0.889682
vt 0.120766 0.904575
vt 0.188187 0.877928
vt 0.164278 0.954691
vt 0.199156 0.890269
vt 0.122657 0.908990
vt 0.188623 0.879039
vt 0.168562 0.957013
vt 0.200261 0.890796
vt 0.124753 0.913314
vt 0.189122 0.880123
vt 0.172960 0.959134
vt 0.201398 0.891261
vt 0.127051 0.917539
vt 0.189681 0.881178
vt 0.177463 0.961047
vt 0.202568 0.891659
vt 0.129549 0.921653
vt 0.190299 0.882204
vt 0.182062 0.962749
vt 0.203768 0.891987
vt 0.132242 0.925647
vt 0.190973 0.883197
vt 0.186750 0.964234
vt 0.205000 0.892242
vt 0.135126 0.929511
vt 0.191700 0.884156
vt 0.191521 0.965493
vt 0.206264 0.892418
vt 0.138196 0.933235
vt 0.192478 0.885078
vt 0.204864 0.872141
vt 0.205445 0.872257
vt 0.205993 0.872484
vt 0.206486 0.872813
vt 0.206905 0.873232
vt 0.207234 0.873726
vt 0.207461 0.874273
vt 0.207577 0.874855
vt 0.207577 0.875448
vt 0.207461 0.876029
vt 0.207234 0.876577
vt 0.206905 0.877070
vt 0.206486 0.877489
vt 0.205993 0.877818
vt 0.205445 0.878045
vt 0.204864 0.878161
vt 0.204271 0.878161
vt 0.203689 0.878045
vt 0.203141 0.877818
vt 0.202649 0.877489
vt 0.202229 0.877070
vt 0.201900 0.876577
vt 0.201673 0.876029
vt 0.201557 0.875448
vt 0.201557 0.874855
vt 0.201673 0.874273
vt 0.201900 0.873726
vt 0.202229 0.873232
vt 0.202649 0.872813
vt 0.203141 0.872484
vt 0.203689 0.872257
vt 0.204271 0.872141
vt 0.196369 0.966514
vt 0.207561 0.892513
vt 0.141444 0.936810
vt 0.193305 0.885960
vt 0.211120 0.967710
vt 0.206237 0.967699
vt 0.210262 0.892455
vt 0.211663 0.892324
vt 0.201284 0.967268
vt 0.208894 0.892524
vt 0.144865 0.940228
vt 0.194178 0.886800
vt 0.115271 0.886209
vt 0.187140 0.873232
vt 0.039325 0.955626
vt 0.039325 0.950025
vt 0.040418 0.944532
vt 0.042561 0.939357
vt 0.045673 0.934701
vt 0.049633 0.930740
vt 0.054290 0.927629
vt 0.059464 0.925485
vt 0.064957 0.924393
vt 0.070558 0.924393
vt 0.076051 0.925485
vt 0.081225 0.927629
vt 0.085882 0.930740
vt 0.089843 0.934701
vt 0.092954 0.939358
vt 0.095097 0.944532
vt 0.096190 0.950025
vt 0.096190 0.955626
vt 0.095097 0.961119
vt 0.092954 0.966293
vt 0.089843 0.970950
vt 0.085882 0.974910
vt 0.081225 0.978022
vt 0.076051 0.980165
vt 0.070558 0.981258
vt 0.064957 0.981258
vt 0.059464 0.980165
vt 0.054290 0.978022
vt 0.049633 0.974910
vt 0.045673 0.970950
vt 0.042561 0.966293
vt 0.040418 0.961119
vt 0.196823 0.843831
vt 0.201762 0.862133
vt 0.195649 0.862133
vt 0.191080 0.843831
vt 0.189533 0.862133
vt 0.185344 0.843831
vt 0.183418 0.862133
vt 0.179612 0.843831
vt 0.177306 0.862133
vt 0.173885 0.843831
vt 0.171200 0.862133
vt 0.168162 0.843831
vt 0.165102 0.862133
vt 0.162446 0.843831
vt 0.159015 0.862133
vt 0.156738 0.843831
vt 0.152941 0.862133
vt 0.151041 0.843831
vt 0.146881 0.862133
vt 0.145357 0.843831
vt 0.140839 0.862133
vt 0.139686 0.843831
vt 0.134815 0.862133
vt 0.134033 0.843831
vt 0.128813 0.862133
vt 0.128398 0.843831
vt 0.122835 0.862133
vt 0.122783 0.843831
vt 0.116881 0.862133
vt 0.117190 0.843831
vt 0.110956 0.862133
vt 0.111622 0.843831
vt 0.105059 0.862133
vt 0.106081 0.843831
vt 0.099194 0.862133
vt 0.100567 0.843831
vt 0.093363 0.862133
vt 0.095083 0.843831
vt 0.087566 0.862133
vt 0.089631 0.843831
vt 0.081807 0.862133
vt 0.084212 0.843831
vt 0.076087 0.862133
vt 0.078828 0.843831
vt 0.070407 0.862133
vt 0.073481 0.843831
vt 0.064770 0.862133
vt 0.068173 0.843831
vt 0.059178 0.862133
vt 0.062905 0.843831
vt 0.053631 0.862133
vt 0.057678 0.843831
vt 0.048133 0.862133
vt 0.052491 0.843831
vt 0.042683 0.862133
vt 0.047345 0.843831
vt 0.037283 0.862133
vt 0.042234 0.843831
vt 0.202578 0.843831
vt 0.207870 0.862133
vt 0.208108 0.525452
vt 0.208108 0.504627
vt 0.213864 0.504627
vt 0.213865 0.525452
vt 0.202351 0.525452
vt 0.202351 0.504627
vt 0.196594 0.525452
vt 0.196594 0.504627
vt 0.190837 0.525452
vt 0.190837 0.504627
vt 0.185081 0.525452
vt 0.185080 0.504627
vt 0.179324 0.525452
vt 0.179324 0.504627
vt 0.173567 0.525452
vt 0.173567 0.504627
vt 0.167810 0.525452
vt 0.167810 0.504628
vt 0.162053 0.525452
vt 0.162053 0.504628
vt 0.156296 0.525452
vt 0.156296 0.504628
vt 0.150540 0.525452
vt 0.150540 0.504628
vt 0.144783 0.525452
vt 0.144783 0.504628
vt 0.139026 0.525452
vt 0.139026 0.504628
vt 0.133269 0.525452
vt 0.133269 0.504628
vt 0.127512 0.525452
vt 0.127512 0.504628
vt 0.121756 0.525452
vt 0.121756 0.504628
vt 0.115999 0.525452
vt 0.115999 0.504628
vt 0.110242 0.525452
vt 0.110242 0.504628
vt 0.104485 0.525452
vt 0.104485 0.504628
vt 0.098728 0.525452
vt 0.098728 0.504628
vt 0.092971 0.525452
vt 0.092972 0.504628
vt 0.087215 0.525452
vt 0.087215 0.504628
vt 0.081458 0.525452
vt 0.081458 0.504628
vt 0.075701 0.525452
vt 0.075701 0.504628
vt 0.069944 0.525452
vt 0.069944 0.504628
vt 0.064187 0.525452
vt 0.064188 0.504627
vt 0.058431 0.525452
vt 0.058431 0.504627
vt 0.052674 0.525452
vt 0.052674 0.504627
vt 0.046917 0.525452
vt 0.046917 0.504627
vt 0.041160 0.525452
vt 0.041160 0.504627
vt 0.035403 0.525452
vt 0.035404 0.504627
vt 0.029646 0.525452
vt 0.029647 0.504627
vt 0.187387 0.868042
vt 0.189817 0.868657
vt 0.189482 0.869805
vt 0.189482 0.869805
vt 0.189817 0.868657
vt 0.192168 0.869772
vt 0.191896 0.870517
vt 0.189286 0.870916
vt 0.189286 0.870916
vt 0.191742 0.871305
vt 0.189209 0.872006
vt 0.189209 0.872006
vt 0.191692 0.872117
vt 0.189232 0.873078
vt 0.189232 0.873078
vt 0.191733 0.872945
vt 0.189344 0.874137
vt 0.189344 0.874137
vt 0.191856 0.873783
vt 0.189537 0.875182
vt 0.189537 0.875182
vt 0.192053 0.874628
vt 0.189802 0.876213
vt 0.189802 0.876213
vt 0.192317 0.875476
vt 0.190132 0.877228
vt 0.190132 0.877228
vt 0.192642 0.876324
vt 0.190533 0.878220
vt 0.190533 0.878220
vt 0.192950 0.877180
vt 0.190985 0.879191
vt 0.190985 0.879191
vt 0.193371 0.877992
vt 0.191496 0.880139
vt 0.191496 0.880139
vt 0.193842 0.878793
vt 0.192062 0.881063
vt 0.192062 0.881063
vt 0.194359 0.879579
vt 0.192680 0.881959
vt 0.192680 0.881959
vt 0.194918 0.880348
vt 0.193346 0.882826
vt 0.193346 0.882826
vt 0.195517 0.881095
vt 0.194059 0.883660
vt 0.194059 0.883660
vt 0.196153 0.881818
vt 0.194815 0.884460
vt 0.194815 0.884460
vt 0.196823 0.882513
vt 0.195612 0.885223
vt 0.195612 0.885223
vt 0.197525 0.883178
vt 0.196447 0.885944
vt 0.196447 0.885944
vt 0.198257 0.883810
vt 0.197318 0.886623
vt 0.197318 0.886623
vt 0.199015 0.884405
vt 0.198223 0.887255
vt 0.198223 0.887255
vt 0.199798 0.884961
vt 0.199160 0.887838
vt 0.199160 0.887838
vt 0.200603 0.885475
vt 0.200125 0.888368
vt 0.200125 0.888368
vt 0.201427 0.885942
vt 0.201118 0.888841
vt 0.201118 0.888841
vt 0.202268 0.886361
vt 0.202137 0.889255
vt 0.202137 0.889255
vt 0.203122 0.886726
vt 0.203179 0.889604
vt 0.203179 0.889604
vt 0.203986 0.887033
vt 0.204244 0.889885
vt 0.204244 0.889885
vt 0.204858 0.887277
vt 0.205331 0.890091
vt 0.205331 0.890091
vt 0.205734 0.887454
vt 0.206440 0.890216
vt 0.206440 0.890216
vt 0.206611 0.887556
vt 0.207571 0.890254
vt 0.207571 0.890254
vt 0.207485 0.887576
vt 0.208730 0.890192
vt 0.208730 0.890192
vt 0.208352 0.887505
vt 0.209927 0.890016
vt 0.209927 0.890016
vt 0.209203 0.887332
vt 0.211191 0.889698
vt 0.211191 0.889698
vt 0.210030 0.887042
vt 0.113531 0.867254
vt 0.108324 0.866630
vt 0.108286 0.872012
vt 0.108286 0.872012
vt 0.108324 0.866630
vt 0.108849 0.866683
vt 0.108660 0.877164
vt 0.108660 0.877164
vt 0.109318 0.882203
vt 0.109318 0.882203
vt 0.110210 0.887168
vt 0.110210 0.887168
vt 0.111321 0.892075
vt 0.111321 0.892075
vt 0.112648 0.896924
vt 0.112648 0.896924
vt 0.114192 0.901712
vt 0.114192 0.901712
vt 0.115952 0.906430
vt 0.115952 0.906430
vt 0.117929 0.911067
vt 0.117929 0.911067
vt 0.120123 0.915613
vt 0.120123 0.915613
vt 0.122530 0.920056
vt 0.122530 0.920056
vt 0.125148 0.924385
vt 0.125148 0.924385
vt 0.127973 0.928589
vt 0.127973 0.928589
vt 0.130999 0.932657
vt 0.130999 0.932657
vt 0.134221 0.936580
vt 0.134221 0.936580
vt 0.137631 0.940346
vt 0.137631 0.940346
vt 0.141223 0.943948
vt 0.141223 0.943948
vt 0.144989 0.947375
vt 0.144989 0.947375
vt 0.148919 0.950621
vt 0.148919 0.950621
vt 0.153005 0.953677
vt 0.153005 0.953677
vt 0.157238 0.956537
vt 0.157238 0.956537
vt 0.161607 0.959196
vt 0.161607 0.959196
vt 0.166104 0.961647
vt 0.166104 0.961647
vt 0.170719 0.963887
vt 0.170719 0.963887
vt 0.175443 0.965912
vt 0.175443 0.965912
vt 0.180268 0.967718
vt 0.180268 0.967718
vt 0.185188 0.969301
vt 0.185188 0.969301
vt 0.190201 0.970659
vt 0.190201 0.970659
vt 0.195314 0.971781
vt 0.195314 0.971781
vt 0.200549 0.972650
vt 0.200549 0.972650
vt 0.205955 0.973215
vt 0.205955 0.973215
vt 0.211656 0.973348
vt 0.211656 0.973348
vt 0.113531 0.867254
vt 0.208380 0.843831
vt 0.202377 0.843251
vt 0.208135 0.843251
vt 0.208135 0.843251
vt 0.202377 0.843251
vt 0.202175 0.842679
vt 0.207853 0.842679
vt 0.196650 0.843251
vt 0.196650 0.843251
vt 0.196477 0.842679
vt 0.190924 0.843251
vt 0.190924 0.843251
vt 0.190769 0.842679
vt 0.185202 0.843251
vt 0.185202 0.843251
vt 0.185061 0.842679
vt 0.179484 0.843251
vt 0.179484 0.843251
vt 0.179355 0.842679
vt 0.173769 0.843251
vt 0.173769 0.843251
vt 0.173653 0.842679
vt 0.168058 0.843251
vt 0.168058 0.843251
vt 0.167955 0.842679
vt 0.162354 0.843251
vt 0.162354 0.843251
vt 0.162264 0.842679
vt 0.156659 0.843251
vt 0.156659 0.843251
vt 0.156580 0.842679
vt 0.150974 0.843251
vt 0.150974 0.843251
vt 0.150908 0.842679
vt 0.145301 0.843251
vt 0.145301 0.843251
vt 0.145247 0.842679
vt 0.139643 0.843251
vt 0.139643 0.843251
vt 0.139601 0.842679
vt 0.134001 0.843251
vt 0.134001 0.843251
vt 0.133971 0.842679
vt 0.128378 0.843251
vt 0.128378 0.843251
vt 0.128359 0.842679
vt 0.122775 0.843251
vt 0.122775 0.843251
vt 0.122768 0.842679
vt 0.117194 0.843251
vt 0.117194 0.843251
vt 0.117199 0.842679
vt 0.111638 0.843251
vt 0.111638 0.843251
vt 0.111654 0.842679
vt 0.106107 0.843251
vt 0.106107 0.843251
vt 0.106135 0.842679
vt 0.100605 0.843251
vt 0.100605 0.843251
vt 0.100644 0.842679
vt 0.095132 0.843251
vt 0.095132 0.843251
vt 0.095182 0.842679
vt 0.089691 0.843251
vt 0.089691 0.843251
vt 0.089752 0.842679
vt 0.084283 0.843251
vt 0.084283 0.843251
vt 0.084355 0.842679
vt 0.078910 0.843251
vt 0.078910 0.843251
vt 0.078993 0.842679
vt 0.073574 0.843251
vt 0.073574 0.843251
vt 0.073668 0.842679
vt 0.068276 0.843251
vt 0.068276 0.843251
vt 0.068381 0.842679
vt 0.063018 0.843251
vt 0.063018 0.843251
vt 0.063134 0.842679
vt 0.057802 0.843251
vt 0.057802 0.843251
vt 0.057928 0.842679
vt 0.052626 0.843251
vt 0.052626 0.843251
vt 0.052763 0.842679
vt 0.047491 0.843251
vt 0.047491 0.843251
vt 0.047640 0.842679
vt 0.042396 0.843251
vt 0.042396 0.843251
vt 0.042560 0.842679
vt 0.037344 0.843251
vt 0.037344 0.843251
vt 0.037532 0.842679
vt 0.032294 0.843251
vt 0.032294 0.843251
vt 0.032551 0.842679
vt 0.213972 0.862133
vt 0.190842 0.804804
vt 0.190842 0.788691
vt 0.196599 0.788691
vt 0.196599 0.804804
vt 0.202356 0.788691
vt 0.202356 0.804804
vt 0.208114 0.804804
vt 0.208113 0.788691
vt 0.213870 0.788691
vt 0.213871 0.804803
vt 0.179327 0.804804
vt 0.179327 0.788691
vt 0.185085 0.788691
vt 0.185085 0.804804
vt 0.173570 0.804804
vt 0.173570 0.788691
vt 0.167813 0.804804
vt 0.167813 0.788691
vt 0.162056 0.804804
vt 0.162056 0.788691
vt 0.156298 0.804804
vt 0.156298 0.788691
vt 0.150541 0.804804
vt 0.150541 0.788691
vt 0.144784 0.804804
vt 0.144784 0.788691
vt 0.139027 0.804804
vt 0.139027 0.788691
vt 0.133269 0.804804
vt 0.133269 0.788691
vt 0.127512 0.804804
vt 0.127512 0.788691
vt 0.121755 0.804804
vt 0.121755 0.788691
vt 0.115998 0.804804
vt 0.115998 0.788691
vt 0.110240 0.804804
vt 0.110241 0.788691
vt 0.196595 0.554074
vt 0.196594 0.537962
vt 0.202351 0.537962
vt 0.202352 0.554074
vt 0.208114 0.838141
vt 0.208114 0.817315
vt 0.213871 0.817314
vt 0.213872 0.838141
vt 0.098726 0.788691
vt 0.098728 0.554074
vt 0.104485 0.554074
vt 0.104483 0.788691
vt 0.098726 0.804804
vt 0.104483 0.804804
vt 0.092969 0.788691
vt 0.092971 0.554074
vt 0.092969 0.804804
vt 0.087212 0.788691
vt 0.087214 0.554074
vt 0.087211 0.804804
vt 0.081454 0.788691
vt 0.081458 0.554074
vt 0.081454 0.804804
vt 0.075697 0.788691
vt 0.075701 0.554074
vt 0.075697 0.804804
vt 0.069940 0.788691
vt 0.069944 0.554074
vt 0.069940 0.804804
vt 0.064183 0.788691
vt 0.064187 0.554074
vt 0.064182 0.804804
vt 0.058425 0.788691
vt 0.058430 0.554074
vt 0.058425 0.804804
vt 0.052668 0.788691
vt 0.052673 0.554074
vt 0.052668 0.804804
vt 0.046911 0.788691
vt 0.046916 0.554074
vt 0.046911 0.804803
vt 0.041154 0.788690
vt 0.041160 0.554074
vt 0.041154 0.804803
vt 0.035397 0.788690
vt 0.035403 0.554074
vt 0.035396 0.804803
vt 0.029640 0.788690
vt 0.029646 0.554074
vt 0.029639 0.804803
vt 0.208108 0.554073
vt 0.190838 0.554074
vt 0.110242 0.554074
vt 0.115999 0.554074
vt 0.121756 0.554074
vt 0.127512 0.554074
vt 0.133269 0.554074
vt 0.139026 0.554074
vt 0.144783 0.554074
vt 0.150540 0.554074
vt 0.156297 0.554074
vt 0.162054 0.554074
vt 0.167810 0.554074
vt 0.173567 0.554074
vt 0.179324 0.554074
vt 0.185081 0.554074
vt 0.213865 0.554074
vt 0.208108 0.537962
vt 0.213865 0.537962
vt 0.196599 0.811538
vt 0.202357 0.811538
vt 0.179324 0.537962
vt 0.185081 0.537962
vt 0.185085 0.811538
vt 0.190842 0.811538
vt 0.173567 0.537962
vt 0.179328 0.811538
vt 0.167810 0.537962
vt 0.173570 0.811538
vt 0.162053 0.537962
vt 0.167813 0.811538
vt 0.156297 0.537962
vt 0.162056 0.811538
vt 0.150540 0.537962
vt 0.156299 0.811538
vt 0.144783 0.537962
vt 0.150541 0.811539
vt 0.139026 0.537963
vt 0.144784 0.811539
vt 0.133269 0.537963
vt 0.139027 0.811539
vt 0.127512 0.537963
vt 0.133269 0.811539
vt 0.121756 0.537963
vt 0.127512 0.811539
vt 0.115999 0.537963
vt 0.121755 0.811539
vt 0.110242 0.537963
vt 0.115998 0.811539
vt 0.104485 0.537962
vt 0.110240 0.811539
vt 0.098728 0.537962
vt 0.104483 0.811539
vt 0.092971 0.537962
vt 0.098726 0.811538
vt 0.087215 0.537962
vt 0.092969 0.811538
vt 0.081458 0.537962
vt 0.087211 0.811538
vt 0.075701 0.537962
vt 0.081454 0.811538
vt 0.069944 0.537962
vt 0.075697 0.811538
vt 0.064187 0.537962
vt 0.069940 0.811538
vt 0.058430 0.537962
vt 0.064182 0.811538
vt 0.052674 0.537962
vt 0.058425 0.811538
vt 0.046917 0.537962
vt 0.052668 0.811538
vt 0.041160 0.537962
vt 0.046911 0.811538
vt 0.035403 0.537962
vt 0.041153 0.811537
vt 0.029646 0.537962
vt 0.035396 0.811537
vt 0.029639 0.811537
vt 0.190838 0.537962
vt 0.208114 0.811538
vt 0.213871 0.811538
vt 0.196594 0.531228
vt 0.202351 0.531228
vt 0.208108 0.531228
vt 0.213865 0.531228
vt 0.185081 0.531228
vt 0.190837 0.531228
vt 0.190842 0.817315
vt 0.196599 0.817315
vt 0.179324 0.531228
vt 0.185085 0.817315
vt 0.173567 0.531229
vt 0.179328 0.817315
vt 0.167810 0.531229
vt 0.173570 0.817315
vt 0.162053 0.531229
vt 0.167813 0.817315
vt 0.156297 0.531229
vt 0.162056 0.817315
vt 0.150540 0.531229
vt 0.156299 0.817315
vt 0.144783 0.531229
vt 0.150541 0.817315
vt 0.139026 0.531229
vt 0.144784 0.817315
vt 0.133269 0.531229
vt 0.139027 0.817315
vt 0.127512 0.531229
vt 0.133269 0.817315
vt 0.121756 0.531229
vt 0.127512 0.817315
vt 0.115999 0.531229
vt 0.121755 0.817315
vt 0.110242 0.531229
vt 0.115998 0.817315
vt 0.104485 0.531229
vt 0.110240 0.817315
vt 0.098728 0.531229
vt 0.104483 0.817315
vt 0.092971 0.531229
vt 0.098726 0.817315
vt 0.087215 0.531229
vt 0.092969 0.817315
vt 0.081458 0.531229
vt 0.087211 0.817315
vt 0.075701 0.531229
vt 0.081454 0.817315
vt 0.069944 0.531228
vt 0.075697 0.817315
vt 0.064187 0.531228
vt 0.069939 0.817315
vt 0.058430 0.531228
vt 0.064182 0.817315
vt 0.052674 0.531228
vt 0.058425 0.817315
vt 0.046917 0.531228
vt 0.052668 0.817315
vt 0.041160 0.531228
vt 0.046910 0.817314
vt 0.035403 0.531228
vt 0.041153 0.817314
vt 0.029646 0.531228
vt 0.035396 0.817314
vt 0.029639 0.817314
vt 0.202357 0.817315
vt 0.202357 0.838141
vt 0.196600 0.838141
vt 0.190843 0.838141
vt 0.185085 0.838141
vt 0.179328 0.838141
vt 0.173571 0.838142
vt 0.167813 0.838142
vt 0.162056 0.838142
vt 0.156299 0.838142
vt 0.150541 0.838142
vt 0.144784 0.838142
vt 0.139027 0.838142
vt 0.133269 0.838142
vt 0.127512 0.838142
vt 0.121755 0.838142
vt 0.115998 0.838142
vt 0.110240 0.838142
vt 0.104483 0.838142
vt 0.098726 0.838142
vt 0.092968 0.838142
vt 0.087211 0.838142
vt 0.081454 0.838141
vt 0.075696 0.838141
vt 0.069939 0.838141
vt 0.064182 0.838141
vt 0.058424 0.838141
vt 0.052667 0.838141
vt 0.046910 0.838141
vt 0.041153 0.838140
vt 0.035395 0.838140
vt 0.029638 0.838140
vt 0.459059 0.992091
vt 0.461843 0.973751
vt 0.467584 0.973909
vt 0.465049 0.992943
vt 0.369395 0.871962
vt 0.369732 0.876726
vt 0.365080 0.877113
vt 0.364716 0.871996
vt 0.370347 0.881485
vt 0.371193 0.886209
vt 0.366614 0.887070
vt 0.365728 0.882128
vt 0.372254 0.890889
vt 0.367720 0.891955
vt 0.373524 0.895516
vt 0.369041 0.896784
vt 0.375002 0.900081
vt 0.370578 0.901551
vt 0.376687 0.904575
vt 0.372331 0.906247
vt 0.378578 0.908990
vt 0.374300 0.910863
vt 0.380674 0.913314
vt 0.376484 0.915388
vt 0.382973 0.917539
vt 0.378881 0.919810
vt 0.385470 0.921653
vt 0.381487 0.924118
vt 0.388164 0.925647
vt 0.384299 0.928303
vt 0.391048 0.929511
vt 0.387311 0.932352
vt 0.394117 0.933235
vt 0.390518 0.936255
vt 0.397366 0.936810
vt 0.393913 0.940004
vt 0.400787 0.940228
vt 0.397488 0.943588
vt 0.404372 0.943480
vt 0.401236 0.946999
vt 0.408115 0.946559
vt 0.405149 0.950229
vt 0.412006 0.949458
vt 0.409216 0.953270
vt 0.416037 0.952170
vt 0.413429 0.956117
vt 0.420199 0.954691
vt 0.417779 0.958762
vt 0.424484 0.957013
vt 0.422255 0.961202
vt 0.428882 0.959134
vt 0.426849 0.963431
vt 0.433384 0.961047
vt 0.431552 0.965445
vt 0.437983 0.962749
vt 0.436355 0.967241
vt 0.442672 0.964234
vt 0.441253 0.968815
vt 0.447443 0.965493
vt 0.446244 0.970163
vt 0.452291 0.966514
vt 0.451332 0.971276
vt 0.457205 0.967268
vt 0.456540 0.972130
vt 0.462159 0.967699
vt 0.461909 0.972675
vt 0.467041 0.967710
vt 0.467539 0.972784
vt 0.293079 0.843831
vt 0.287852 0.862133
vt 0.282573 0.862133
vt 0.287986 0.843831
vt 0.346522 0.873836
vt 0.363698 0.872030
vt 0.364085 0.877215
vt 0.347133 0.879451
vt 0.345996 0.868288
vt 0.363714 0.866607
vt 0.364752 0.882280
vt 0.347912 0.885079
vt 0.365651 0.887267
vt 0.348902 0.890710
vt 0.366767 0.892194
vt 0.350126 0.896330
vt 0.368100 0.897065
vt 0.351597 0.901923
vt 0.369650 0.901874
vt 0.353324 0.907473
vt 0.371418 0.906613
vt 0.355312 0.912963
vt 0.373404 0.911271
vt 0.357563 0.918375
vt 0.375607 0.915837
vt 0.360075 0.923692
vt 0.378024 0.920301
vt 0.362846 0.928899
vt 0.380654 0.924650
vt 0.365872 0.933980
vt 0.383491 0.928874
vt 0.369147 0.938919
vt 0.386531 0.932962
vt 0.372665 0.943701
vt 0.389768 0.936903
vt 0.376417 0.948314
vt 0.393194 0.940688
vt 0.380394 0.952743
vt 0.396803 0.944307
vt 0.384586 0.956979
vt 0.400585 0.947751
vt 0.388982 0.961008
vt 0.404534 0.951012
vt 0.393571 0.964822
vt 0.408639 0.954083
vt 0.398340 0.968412
vt 0.412891 0.956957
vt 0.403276 0.971769
vt 0.417280 0.959628
vt 0.408366 0.974888
vt 0.421798 0.962092
vt 0.413597 0.977764
vt 0.426433 0.964343
vt 0.418954 0.980394
vt 0.431178 0.966377
vt 0.424426 0.982777
vt 0.436025 0.968193
vt 0.429999 0.984913
vt 0.440966 0.969785
vt 0.435664 0.986805
vt 0.446002 0.971152
vt 0.441409 0.988459
vt 0.451138 0.972286
vt 0.447229 0.989881
vt 0.456401 0.973168
vt 0.453114 0.991085
vt 0.369732 0.876726
vt 0.369395 0.871962
vt 0.443116 0.869412
vt 0.443010 0.870721
vt 0.408115 0.946559
vt 0.404372 0.943480
vt 0.451016 0.887595
vt 0.451974 0.888342
vt 0.373524 0.895516
vt 0.372254 0.890889
vt 0.443211 0.874443
vt 0.443438 0.875629
vt 0.370347 0.881485
vt 0.442993 0.871992
vt 0.412006 0.949458
vt 0.452972 0.889039
vt 0.375002 0.900081
vt 0.443738 0.876791
vt 0.416037 0.952170
vt 0.454007 0.889682
vt 0.376687 0.904575
vt 0.444108 0.877928
vt 0.420199 0.954691
vt 0.455078 0.890269
vt 0.378578 0.908990
vt 0.444545 0.879039
vt 0.424484 0.957013
vt 0.456182 0.890796
vt 0.380674 0.913314
vt 0.445043 0.880123
vt 0.428882 0.959134
vt 0.457320 0.891261
vt 0.382973 0.917539
vt 0.445603 0.881178
vt 0.433384 0.961047
vt 0.458489 0.891659
vt 0.385470 0.921653
vt 0.446220 0.882204
vt 0.437983 0.962749
vt 0.459690 0.891987
vt 0.388164 0.925647
vt 0.446894 0.883197
vt 0.442672 0.964234
vt 0.460921 0.892242
vt 0.391048 0.929511
vt 0.447621 0.884156
vt 0.447443 0.965493
vt 0.462185 0.892418
vt 0.394117 0.933235
vt 0.448399 0.885078
vt 0.460785 0.872141
vt 0.461366 0.872257
vt 0.461914 0.872484
vt 0.462407 0.872813
vt 0.462826 0.873232
vt 0.463156 0.873726
vt 0.463383 0.874273
vt 0.463498 0.874855
vt 0.463498 0.875448
vt 0.463383 0.876029
vt 0.463156 0.876577
vt 0.462826 0.877070
vt 0.462407 0.877489
vt 0.461914 0.877818
vt 0.461366 0.878045
vt 0.460785 0.878161
vt 0.460192 0.878161
vt 0.459611 0.878045
vt 0.459063 0.877818
vt 0.458570 0.877489
vt 0.458151 0.877070
vt 0.457821 0.876577
vt 0.457594 0.876029
vt 0.457479 0.875448
vt 0.457479 0.874855
vt 0.457594 0.874273
vt 0.457821 0.873726
vt 0.458151 0.873232
vt 0.458570 0.872813
vt 0.459063 0.872484
vt 0.459611 0.872257
vt 0.460192 0.872141
vt 0.452291 0.966514
vt 0.463483 0.892513
vt 0.397366 0.936810
vt 0.449226 0.885960
vt 0.467041 0.967710
vt 0.462159 0.967699
vt 0.466184 0.892455
vt 0.467584 0.892324
vt 0.457205 0.967268
vt 0.464815 0.892524
vt 0.400787 0.940228
vt 0.450099 0.886800
vt 0.371193 0.886209
vt 0.443062 0.873232
vt 0.295247 0.955626
vt 0.295247 0.950025
vt 0.296339 0.944532
vt 0.298483 0.939357
vt 0.301594 0.934701
vt 0.305555 0.930740
vt 0.310211 0.927629
vt 0.315386 0.925485
vt 0.320879 0.924393
vt 0.326479 0.924393
vt 0.331973 0.925485
vt 0.337147 0.927629
vt 0.341804 0.930740
vt 0.345764 0.934701
vt 0.348876 0.939358
vt 0.351019 0.944532
vt 0.352111 0.950025
vt 0.352111 0.955626
vt 0.351019 0.961119
vt 0.348876 0.966293
vt 0.345764 0.970950
vt 0.341804 0.974910
vt 0.337147 0.978022
vt 0.331972 0.980165
vt 0.326479 0.981258
vt 0.320879 0.981258
vt 0.315386 0.980165
vt 0.310211 0.978022
vt 0.305554 0.974910
vt 0.301594 0.970950
vt 0.298483 0.966293
vt 0.296339 0.961119
vt 0.452744 0.843831
vt 0.457684 0.862133
vt 0.451570 0.862133
vt 0.447001 0.843831
vt 0.445454 0.862133
vt 0.441265 0.843831
vt 0.439339 0.862133
vt 0.435533 0.843831
vt 0.433227 0.862133
vt 0.429806 0.843831
vt 0.427121 0.862133
vt 0.424083 0.843831
vt 0.421024 0.862133
vt 0.418367 0.843831
vt 0.414936 0.862133
vt 0.412660 0.843831
vt 0.408862 0.862133
vt 0.406963 0.843831
vt 0.402802 0.862133
vt 0.401278 0.843831
vt 0.396760 0.862133
vt 0.395608 0.843831
vt 0.390737 0.862133
vt 0.389954 0.843831
vt 0.384735 0.862133
vt 0.384319 0.843831
vt 0.378756 0.862133
vt 0.378704 0.843831
vt 0.372803 0.862133
vt 0.373112 0.843831
vt 0.366877 0.862133
vt 0.367544 0.843831
vt 0.360981 0.862133
vt 0.362002 0.843831
vt 0.355116 0.862133
vt 0.356488 0.843831
vt 0.349284 0.862133
vt 0.351004 0.843831
vt 0.343488 0.862133
vt 0.345552 0.843831
vt 0.337728 0.862133
vt 0.340133 0.843831
vt 0.332008 0.862133
vt 0.334750 0.843831
vt 0.326329 0.862133
vt 0.329403 0.843831
vt 0.320692 0.862133
vt 0.324095 0.843831
vt 0.315099 0.862133
vt 0.318826 0.843831
vt 0.309553 0.862133
vt 0.313599 0.843831
vt 0.304054 0.862133
vt 0.308413 0.843831
vt 0.298605 0.862133
vt 0.303266 0.843831
vt 0.293205 0.862133
vt 0.298156 0.843831
vt 0.458499 0.843831
vt 0.463791 0.862133
vt 0.464029 0.525452
vt 0.464029 0.504627
vt 0.469786 0.504627
vt 0.469786 0.525452
vt 0.458272 0.525452
vt 0.458272 0.504627
vt 0.452516 0.525452
vt 0.452515 0.504627
vt 0.446759 0.525452
vt 0.446759 0.504627
vt 0.441002 0.525452
vt 0.441002 0.504627
vt 0.435245 0.525452
vt 0.435245 0.504627
vt 0.429488 0.525452
vt 0.429488 0.504627
vt 0.423732 0.525452
vt 0.423731 0.504628
vt 0.417975 0.525452
vt 0.417975 0.504628
vt 0.412218 0.525452
vt 0.412218 0.504628
vt 0.406461 0.525452
vt 0.406461 0.504628
vt 0.400704 0.525452
vt 0.400704 0.504628
vt 0.394947 0.525452
vt 0.394947 0.504628
vt 0.389191 0.525452
vt 0.389191 0.504628
vt 0.383434 0.525452
vt 0.383434 0.504628
vt 0.377677 0.525452
vt 0.377677 0.504628
vt 0.371920 0.525452
vt 0.371920 0.504628
vt 0.366163 0.525452
vt 0.366163 0.504628
vt 0.360406 0.525452
vt 0.360407 0.504628
vt 0.354650 0.525452
vt 0.354650 0.504628
vt 0.348893 0.525452
vt 0.348893 0.504628
vt 0.343136 0.525452
vt 0.343136 0.504628
vt 0.337379 0.525452
vt 0.337379 0.504628
vt 0.331622 0.525452
vt 0.331623 0.504628
vt 0.325866 0.525452
vt 0.325866 0.504628
vt 0.320109 0.525452
vt 0.320109 0.504627
vt 0.314352 0.525452
vt 0.314352 0.504627
vt 0.308595 0.525452
vt 0.308595 0.504627
vt 0.302838 0.525452
vt 0.302839 0.504627
vt 0.297081 0.525452
vt 0.297082 0.504627
vt 0.291325 0.525452
vt 0.291325 0.504627
vt 0.285568 0.525452
vt 0.285568 0.504627
vt 0.443309 0.868042
vt 0.445739 0.868657
vt 0.445403 0.869805
vt 0.445403 0.869805
vt 0.445739 0.868657
vt 0.448089 0.869772
vt 0.447817 0.870517
vt 0.445208 0.870916
vt 0.445208 0.870916
vt 0.447663 0.871305
vt 0.445130 0.872006
vt 0.445130 0.872006
vt 0.447613 0.872117
vt 0.445153 0.873078
vt 0.445153 0.873078
vt 0.447655 0.872945
vt 0.445266 0.874137
vt 0.445266 0.874137
vt 0.447778 0.873783
vt 0.445458 0.875182
vt 0.445458 0.875182
vt 0.447975 0.874628
vt 0.445723 0.876213
vt 0.445723 0.876213
vt 0.448238 0.875476
vt 0.446053 0.877228
vt 0.446053 0.877228
vt 0.448563 0.876324
vt 0.446454 0.878220
vt 0.446454 0.878220
vt 0.448871 0.877180
vt 0.446906 0.879191
vt 0.446906 0.879191
vt 0.449293 0.877992
vt 0.447417 0.880139
vt 0.447417 0.880139
vt 0.449764 0.878793
vt 0.447983 0.881063
vt 0.447983 0.881063
vt 0.450280 0.879579
vt 0.448601 0.881959
vt 0.448601 0.881959
vt 0.450840 0.880348
vt 0.449268 0.882826
vt 0.449268 0.882826
vt 0.451438 0.881095
vt 0.449980 0.883660
vt 0.449980 0.883660
vt 0.452074 0.881818
vt 0.450737 0.884460
vt 0.450737 0.884460
vt 0.452744 0.882513
vt 0.451533 0.885223
vt 0.451533 0.885223
vt 0.453446 0.883178
vt 0.452369 0.885944
vt 0.452369 0.885944
vt 0.454178 0.883810
vt 0.453240 0.886623
vt 0.453240 0.886623
vt 0.454937 0.884405
vt 0.454145 0.887255
vt 0.454145 0.887255
vt 0.455720 0.884961
vt 0.455081 0.887838
vt 0.455081 0.887838
vt 0.456525 0.885475
vt 0.456047 0.888368
vt 0.456047 0.888368
vt 0.457349 0.885942
vt 0.457040 0.888841
vt 0.457040 0.888841
vt 0.458189 0.886361
vt 0.458058 0.889255
vt 0.458058 0.889255
vt 0.459043 0.886726
vt 0.459101 0.889604
vt 0.459101 0.889604
vt 0.459907 0.887033
vt 0.460166 0.889885
vt 0.460166 0.889885
vt 0.460779 0.887277
vt 0.461253 0.890091
vt 0.461253 0.890091
vt 0.461656 0.887454
vt 0.462361 0.890216
vt 0.462361 0.890216
vt 0.462533 0.887556
vt 0.463492 0.890254
vt 0.463492 0.890254
vt 0.463407 0.887576
vt 0.464651 0.890192
vt 0.464651 0.890192
vt 0.464273 0.887505
vt 0.465849 0.890016
vt 0.465849 0.890016
vt 0.465125 0.887332
vt 0.467112 0.889698
vt 0.467112 0.889698
vt 0.465951 0.887042
vt 0.369453 0.867254
vt 0.364246 0.866630
vt 0.364207 0.872012
vt 0.364207 0.872012
vt 0.364246 0.866630
vt 0.364770 0.866683
vt 0.364582 0.877164
vt 0.364582 0.877164
vt 0.365239 0.882203
vt 0.365239 0.882203
vt 0.366131 0.887168
vt 0.366131 0.887168
vt 0.367243 0.892075
vt 0.367243 0.892075
vt 0.368570 0.896924
vt 0.368570 0.896924
vt 0.370113 0.901712
vt 0.370113 0.901712
vt 0.371874 0.906430
vt 0.371874 0.906430
vt 0.373851 0.911067
vt 0.373851 0.911067
vt 0.376044 0.915613
vt 0.376044 0.915613
vt 0.378452 0.920056
vt 0.378452 0.920056
vt 0.381070 0.924385
vt 0.381070 0.924385
vt 0.383894 0.928589
vt 0.383894 0.928589
vt 0.386920 0.932657
vt 0.386920 0.932657
vt 0.390142 0.936580
vt 0.390142 0.936580
vt 0.393553 0.940346
vt 0.393553 0.940346
vt 0.397145 0.943948
vt 0.397145 0.943948
vt 0.400910 0.947375
vt 0.400910 0.947375
vt 0.404840 0.950621
vt 0.404840 0.950621
vt 0.408927 0.953677
vt 0.408927 0.953677
vt 0.413159 0.956537
vt 0.413159 0.956537
vt 0.417529 0.959196
vt 0.417529 0.959196
vt 0.422026 0.961647
vt 0.422026 0.961647
vt 0.426641 0.963887
vt 0.426641 0.963887
vt 0.431364 0.965912
vt 0.431364 0.965912
vt 0.436189 0.967718
vt 0.436189 0.967718
vt 0.441109 0.969301
vt 0.441109 0.969301
vt 0.446122 0.970659
vt 0.446122 0.970659
vt 0.451235 0.971781
vt 0.451235 0.971781
vt 0.456470 0.972650
vt 0.456470 0.972650
vt 0.461877 0.973215
vt 0.461877 0.973215
vt 0.467577 0.973348
vt 0.467577 0.973348
vt 0.369453 0.867254
vt 0.464301 0.843831
vt 0.458299 0.843251
vt 0.464056 0.843251
vt 0.464056 0.843251
vt 0.458299 0.843251
vt 0.458096 0.842679
vt 0.463774 0.842679
vt 0.452571 0.843251
vt 0.452571 0.843251
vt 0.452398 0.842679
vt 0.446846 0.843251
vt 0.446846 0.843251
vt 0.446690 0.842679
vt 0.441124 0.843251
vt 0.441124 0.843251
vt 0.440983 0.842679
vt 0.435405 0.843251
vt 0.435405 0.843251
vt 0.435277 0.842679
vt 0.429690 0.843251
vt 0.429690 0.843251
vt 0.429574 0.842679
vt 0.423980 0.843251
vt 0.423980 0.843251
vt 0.423877 0.842679
vt 0.418276 0.843251
vt 0.418276 0.843251
vt 0.418185 0.842679
vt 0.412580 0.843251
vt 0.412580 0.843251
vt 0.412502 0.842679
vt 0.406895 0.843251
vt 0.406895 0.843251
vt 0.406829 0.842679
vt 0.401223 0.843251
vt 0.401223 0.843251
vt 0.401169 0.842679
vt 0.395565 0.843251
vt 0.395565 0.843251
vt 0.395522 0.842679
vt 0.389923 0.843251
vt 0.389923 0.843251
vt 0.389892 0.842679
vt 0.384299 0.843251
vt 0.384299 0.843251
vt 0.384281 0.842679
vt 0.378696 0.843251
vt 0.378696 0.843251
vt 0.378690 0.842679
vt 0.373115 0.843251
vt 0.373115 0.843251
vt 0.373120 0.842679
vt 0.367559 0.843251
vt 0.367559 0.843251
vt 0.367575 0.842679
vt 0.362029 0.843251
vt 0.362029 0.843251
vt 0.362056 0.842679
vt 0.356526 0.843251
vt 0.356526 0.843251
vt 0.356565 0.842679
vt 0.351053 0.843251
vt 0.351053 0.843251
vt 0.351104 0.842679
vt 0.345612 0.843251
vt 0.345612 0.843251
vt 0.345674 0.842679
vt 0.340204 0.843251
vt 0.340204 0.843251
vt 0.340277 0.842679
vt 0.334831 0.843251
vt 0.334831 0.843251
vt 0.334915 0.842679
vt 0.329495 0.843251
vt 0.329495 0.843251
vt 0.329590 0.842679
vt 0.324198 0.843251
vt 0.324198 0.843251
vt 0.324303 0.842679
vt 0.318940 0.843251
vt 0.318940 0.843251
vt 0.319055 0.842679
vt 0.313723 0.843251
vt 0.313723 0.843251
vt 0.313849 0.842679
vt 0.308547 0.843251
vt 0.308547 0.843251
vt 0.308684 0.842679
vt 0.303413 0.843251
vt 0.303413 0.843251
vt 0.303561 0.842679
vt 0.298317 0.843251
vt 0.298317 0.843251
vt 0.298481 0.842679
vt 0.293265 0.843251
vt 0.293265 0.843251
vt 0.293454 0.842679
vt 0.288216 0.843251
vt 0.288216 0.843251
vt 0.288473 0.842679
vt 0.469893 0.862133
vt 0.446763 0.804804
vt 0.446763 0.788691
vt 0.452520 0.788691
vt 0.452521 0.804804
vt 0.458278 0.788691
vt 0.458278 0.804804
vt 0.464035 0.804804
vt 0.464035 0.788691
vt 0.469792 0.788691
vt 0.469792 0.804803
vt 0.435249 0.804804
vt 0.435249 0.788691
vt 0.441006 0.788691
vt 0.441006 0.804804
vt 0.429492 0.804804
vt 0.429491 0.788691
vt 0.423734 0.804804
vt 0.423734 0.788691
vt 0.417977 0.804804
vt 0.417977 0.788691
vt 0.412220 0.804804
vt 0.412220 0.788691
vt 0.406463 0.804804
vt 0.406463 0.788691
vt 0.400705 0.804804
vt 0.400705 0.788691
vt 0.394948 0.804804
vt 0.394948 0.788691
vt 0.389191 0.804804
vt 0.389191 0.788691
vt 0.383434 0.804804
vt 0.383434 0.788691
vt 0.377676 0.804804
vt 0.377676 0.788691
vt 0.371919 0.804804
vt 0.371919 0.788691
vt 0.366162 0.804804
vt 0.366162 0.788691
vt 0.452516 0.554074
vt 0.452516 0.537962
vt 0.458273 0.537962
vt 0.458273 0.554074
vt 0.464036 0.838141
vt 0.464035 0.817315
vt 0.469793 0.817314
vt 0.469793 0.838141
vt 0.354647 0.788691
vt 0.354650 0.554074
vt 0.360406 0.554074
vt 0.360405 0.788691
vt 0.354647 0.804804
vt 0.360405 0.804804
vt 0.348890 0.788691
vt 0.348893 0.554074
vt 0.348890 0.804804
vt 0.343133 0.788691
vt 0.343136 0.554074
vt 0.343133 0.804804
vt 0.337376 0.788691
vt 0.337379 0.554074
vt 0.337376 0.804804
vt 0.331619 0.788691
vt 0.331622 0.554074
vt 0.331618 0.804804
vt 0.325861 0.788691
vt 0.325865 0.554074
vt 0.325861 0.804804
vt 0.320104 0.788691
vt 0.320108 0.554074
vt 0.320104 0.804804
vt 0.314347 0.788691
vt 0.314352 0.554074
vt 0.314347 0.804804
vt 0.308590 0.788691
vt 0.308595 0.554074
vt 0.308589 0.804804
vt 0.302832 0.788691
vt 0.302838 0.554074
vt 0.302832 0.804803
vt 0.297075 0.788690
vt 0.297081 0.554074
vt 0.297075 0.804803
vt 0.291318 0.788690
vt 0.291324 0.554074
vt 0.291318 0.804803
vt 0.285561 0.788690
vt 0.285567 0.554074
vt 0.285561 0.804803
vt 0.464030 0.554073
vt 0.446759 0.554074
vt 0.366163 0.554074
vt 0.371920 0.554074
vt 0.377677 0.554074
vt 0.383434 0.554074
vt 0.389191 0.554074
vt 0.394948 0.554074
vt 0.400704 0.554074
vt 0.406461 0.554074
vt 0.412218 0.554074
vt 0.417975 0.554074
vt 0.423732 0.554074
vt 0.429489 0.554074
vt 0.435246 0.554074
vt 0.441002 0.554074
vt 0.469786 0.554074
vt 0.464029 0.537962
vt 0.469786 0.537962
vt 0.452521 0.811538
vt 0.458278 0.811538
vt 0.435245 0.537962
vt 0.441002 0.537962
vt 0.441006 0.811538
vt 0.446764 0.811538
vt 0.429489 0.537962
vt 0.435249 0.811538
vt 0.423732 0.537962
vt 0.429492 0.811538
vt 0.417975 0.537962
vt 0.423734 0.811538
vt 0.412218 0.537962
vt 0.417977 0.811538
vt 0.406461 0.537962
vt 0.412220 0.811538
vt 0.400704 0.537962
vt 0.406463 0.811539
vt 0.394948 0.537963
vt 0.400705 0.811539
vt 0.389191 0.537963
vt 0.394948 0.811539
vt 0.383434 0.537963
vt 0.389191 0.811539
vt 0.377677 0.537963
vt 0.383434 0.811539
vt 0.371920 0.537963
vt 0.377676 0.811539
vt 0.366163 0.537963
vt 0.371919 0.811539
vt 0.360406 0.537962
vt 0.366162 0.811539
vt 0.354650 0.537962
vt 0.360405 0.811539
vt 0.348893 0.537962
vt 0.354647 0.811538
vt 0.343136 0.537962
vt 0.348890 0.811538
vt 0.337379 0.537962
vt 0.343133 0.811538
vt 0.331622 0.537962
vt 0.337375 0.811538
vt 0.325865 0.537962
vt 0.331618 0.811538
vt 0.320109 0.537962
vt 0.325861 0.811538
vt 0.314352 0.537962
vt 0.320104 0.811538
vt 0.308595 0.537962
vt 0.314346 0.811538
vt 0.302838 0.537962
vt 0.308589 0.811538
vt 0.297081 0.537962
vt 0.302832 0.811538
vt 0.291324 0.537962
vt 0.297075 0.811537
vt 0.285568 0.537962
vt 0.291318 0.811537
vt 0.285560 0.811537
vt 0.446759 0.537962
vt 0.464035 0.811538
vt 0.469792 0.811538
vt 0.452516 0.531228
vt 0.458273 0.531228
vt 0.464029 0.531228
vt 0.469786 0.531228
vt 0.441002 0.531228
vt 0.446759 0.531228
vt 0.446764 0.817315
vt 0.452521 0.817315
vt 0.435245 0.531228
vt 0.441006 0.817315
vt 0.429488 0.531229
vt 0.435249 0.817315
vt 0.423732 0.531229
vt 0.429492 0.817315
vt 0.417975 0.531229
vt 0.423735 0.817315
vt 0.412218 0.531229
vt 0.417977 0.817315
vt 0.406461 0.531229
vt 0.412220 0.817315
vt 0.400704 0.531229
vt 0.406463 0.817315
vt 0.394947 0.531229
vt 0.400705 0.817315
vt 0.389191 0.531229
vt 0.394948 0.817315
vt 0.383434 0.531229
vt 0.389191 0.817315
vt 0.377677 0.531229
vt 0.383434 0.817315
vt 0.371920 0.531229
vt 0.377676 0.817315
vt 0.366163 0.531229
vt 0.371919 0.817315
vt 0.360406 0.531229
vt 0.366162 0.817315
vt 0.354650 0.531229
vt 0.360404 0.817315
vt 0.348893 0.531229
vt 0.354647 0.817315
vt 0.343136 0.531229
vt 0.348890 0.817315
vt 0.337379 0.531229
vt 0.343133 0.817315
vt 0.331622 0.531229
vt 0.337375 0.817315
vt 0.325866 0.531228
vt 0.331618 0.817315
vt 0.320109 0.531228
vt 0.325861 0.817315
vt 0.314352 0.531228
vt 0.320104 0.817315
vt 0.308595 0.531228
vt 0.314346 0.817315
vt 0.302838 0.531228
vt 0.308589 0.817315
vt 0.297081 0.531228
vt 0.302832 0.817314
vt 0.291325 0.531228
vt 0.297075 0.817314
vt 0.285568 0.531228
vt 0.291317 0.817314
vt 0.285560 0.817314
vt 0.458278 0.817315
vt 0.458279 0.838141
vt 0.452521 0.838141
vt 0.446764 0.838141
vt 0.441007 0.838141
vt 0.435249 0.838141
vt 0.429492 0.838142
vt 0.423735 0.838142
vt 0.417977 0.838142
vt 0.412220 0.838142
vt 0.406463 0.838142
vt 0.400706 0.838142
vt 0.394948 0.838142
vt 0.389191 0.838142
vt 0.383434 0.838142
vt 0.377676 0.838142
vt 0.371919 0.838142
vt 0.366162 0.838142
vt 0.360404 0.838142
vt 0.354647 0.838142
vt 0.348890 0.838142
vt 0.343132 0.838142
vt 0.337375 0.838141
vt 0.331618 0.838141
vt 0.325860 0.838141
vt 0.320103 0.838141
vt 0.314346 0.838141
vt 0.308589 0.838141
vt 0.302831 0.838141
vt 0.297074 0.838140
vt 0.291317 0.838140
vt 0.285560 0.838140
vt 0.710059 0.992091
vt 0.712842 0.973751
vt 0.718584 0.973909
vt 0.716049 0.992943
vt 0.620395 0.871962
vt 0.620732 0.876726
vt 0.616079 0.877113
vt 0.615716 0.871996
vt 0.621346 0.881485
vt 0.622193 0.886209
vt 0.617614 0.887070
vt 0.616728 0.882128
vt 0.623254 0.890889
vt 0.618720 0.891955
vt 0.624524 0.895516
vt 0.620041 0.896784
vt 0.626002 0.900081
vt 0.621578 0.901551
vt 0.627687 0.904575
vt 0.623331 0.906247
vt 0.629578 0.908990
vt 0.625300 0.910863
vt 0.631674 0.913314
vt 0.627484 0.915388
vt 0.633972 0.917539
vt 0.629880 0.919810
vt 0.636470 0.921653
vt 0.632487 0.924118
vt 0.639164 0.925647
vt 0.635299 0.928303
vt 0.642048 0.929511
vt 0.638311 0.932352
vt 0.645117 0.933235
vt 0.641518 0.936255
vt 0.648366 0.936810
vt 0.644913 0.940004
vt 0.651786 0.940228
vt 0.648488 0.943588
vt 0.655372 0.943480
vt 0.652236 0.946999
vt 0.659115 0.946559
vt 0.656149 0.950229
vt 0.663006 0.949458
vt 0.660216 0.953270
vt 0.667037 0.952170
vt 0.664429 0.956117
vt 0.671199 0.954691
vt 0.668779 0.958762
vt 0.675484 0.957013
vt 0.673255 0.961202
vt 0.679881 0.959134
vt 0.677849 0.963431
vt 0.684384 0.961047
vt 0.682552 0.965445
vt 0.688983 0.962749
vt 0.687355 0.967241
vt 0.693671 0.964234
vt 0.692253 0.968815
vt 0.698443 0.965493
vt 0.697244 0.970163
vt 0.703291 0.966514
vt 0.702332 0.971276
vt 0.708205 0.967268
vt 0.707540 0.972130
vt 0.713159 0.967699
vt 0.712909 0.972675
vt 0.718041 0.967710
vt 0.718539 0.972784
vt 0.544078 0.843831
vt 0.538851 0.862133
vt 0.533573 0.862133
vt 0.538985 0.843831
vt 0.597522 0.873836
vt 0.614697 0.872030
vt 0.615085 0.877215
vt 0.598133 0.879451
vt 0.596996 0.868288
vt 0.614714 0.866607
vt 0.615752 0.882280
vt 0.598912 0.885079
vt 0.616650 0.887267
vt 0.599902 0.890710
vt 0.617767 0.892194
vt 0.601126 0.896330
vt 0.619100 0.897065
vt 0.602597 0.901923
vt 0.620650 0.901874
vt 0.604324 0.907473
vt 0.622418 0.906613
vt 0.606312 0.912963
vt 0.624404 0.911271
vt 0.608563 0.918375
vt 0.626606 0.915837
vt 0.611075 0.923692
vt 0.629024 0.920301
vt 0.613846 0.928899
vt 0.631654 0.924650
vt 0.616872 0.933980
vt 0.634491 0.928874
vt 0.620147 0.938919
vt 0.637531 0.932962
vt 0.623665 0.943701
vt 0.640768 0.936903
vt 0.627416 0.948314
vt 0.644194 0.940688
vt 0.631393 0.952743
vt 0.647802 0.944307
vt 0.635585 0.956979
vt 0.651585 0.947751
vt 0.639982 0.961008
vt 0.655534 0.951012
vt 0.644571 0.964822
vt 0.659639 0.954083
vt 0.649339 0.968412
vt 0.663891 0.956957
vt 0.654276 0.971769
vt 0.668280 0.959628
vt 0.659366 0.974888
vt 0.672797 0.962092
vt 0.664597 0.977764
vt 0.677433 0.964343
vt 0.669954 0.980394
vt 0.682178 0.966377
vt 0.675426 0.982777
vt 0.687024 0.968193
vt 0.680999 0.984913
vt 0.691966 0.969785
vt 0.686663 0.986805
vt 0.697002 0.971152
vt 0.692409 0.988459
vt 0.702138 0.972286
vt 0.698228 0.989881
vt 0.707401 0.973168
vt 0.704114 0.991085
vt 0.620732 0.876726
vt 0.620395 0.871962
vt 0.694115 0.869412
vt 0.694010 0.870721
vt 0.659115 0.946559
vt 0.655372 0.943480
vt 0.702015 0.887595
vt 0.702974 0.888342
vt 0.624524 0.895516
vt 0.623254 0.890889
vt 0.694211 0.874443
vt 0.694438 0.875629
vt 0.621346 0.881485
vt 0.693993 0.871992
vt 0.663006 0.949458
vt 0.703972 0.889039
vt 0.626002 0.900081
vt 0.694738 0.876791
vt 0.667037 0.952170
vt 0.705007 0.889682
vt 0.627687 0.904575
vt 0.695108 0.877928
vt 0.671199 0.954691
vt 0.706077 0.890269
vt 0.629578 0.908990
vt 0.695544 0.879039
vt 0.675484 0.957013
vt 0.707182 0.890796
vt 0.631674 0.913314
vt 0.696043 0.880123
vt 0.679881 0.959134
vt 0.708320 0.891261
vt 0.633972 0.917539
vt 0.696602 0.881178
vt 0.684384 0.961047
vt 0.709489 0.891659
vt 0.636470 0.921653
vt 0.697220 0.882204
vt 0.688983 0.962749
vt 0.710689 0.891987
vt 0.639164 0.925647
vt 0.697894 0.883197
vt 0.693671 0.964234
vt 0.711921 0.892242
vt 0.642048 0.929511
vt 0.698621 0.884156
vt 0.698443 0.965493
vt 0.713185 0.892418
vt 0.645117 0.933235
vt 0.699399 0.885078
vt 0.711785 0.872141
vt 0.712366 0.872257
vt 0.712914 0.872484
vt 0.713407 0.872813
vt 0.713826 0.873232
vt 0.714155 0.873726
vt 0.714382 0.874273
vt 0.714498 0.874855
vt 0.714498 0.875448
vt 0.714382 0.876029
vt 0.714155 0.876577
vt 0.713826 0.877070
vt 0.713407 0.877489
vt 0.712914 0.877818
vt 0.712366 0.878045
vt 0.711785 0.878161
vt 0.711192 0.878161
vt 0.710611 0.878045
vt 0.710063 0.877818
vt 0.709570 0.877489
vt 0.709151 0.877070
vt 0.708821 0.876577
vt 0.708594 0.876029
vt 0.708479 0.875448
vt 0.708479 0.874855
vt 0.708594 0.874273
vt 0.708821 0.873726
vt 0.709151 0.873232
vt 0.709570 0.872813
vt 0.710063 0.872484
vt 0.710610 0.872257
vt 0.711192 0.872141
vt 0.703291 0.966514
vt 0.714483 0.892513
vt 0.648366 0.936810
vt 0.700226 0.885960
vt 0.718041 0.967710
vt 0.713159 0.967699
vt 0.717183 0.892455
vt 0.718584 0.892324
vt 0.708205 0.967268
vt 0.715815 0.892524
vt 0.651786 0.940228
vt 0.701099 0.886800
vt 0.622193 0.886209
vt 0.694061 0.873232
vt 0.546247 0.955626
vt 0.546247 0.950025
vt 0.547339 0.944532
vt 0.549483 0.939357
vt 0.552594 0.934701
vt 0.556554 0.930740
vt 0.561211 0.927629
vt 0.566386 0.925485
vt 0.571879 0.924393
vt 0.577479 0.924393
vt 0.582972 0.925485
vt 0.588147 0.927629
vt 0.592804 0.930740
vt 0.596764 0.934701
vt 0.599875 0.939358
vt 0.602019 0.944532
vt 0.603111 0.950025
vt 0.603111 0.955626
vt 0.602019 0.961119
vt 0.599875 0.966293
vt 0.596764 0.970950
vt 0.592804 0.974910
vt 0.588147 0.978022
vt 0.582972 0.980165
vt 0.577479 0.981258
vt 0.571879 0.981258
vt 0.566386 0.980165
vt 0.561211 0.978022
vt 0.556554 0.974910
vt 0.552594 0.970950
vt 0.549482 0.966293
vt 0.547339 0.961119
vt 0.703744 0.843831
vt 0.708683 0.862133
vt 0.702570 0.862133
vt 0.698001 0.843831
vt 0.696454 0.862133
vt 0.692265 0.843831
vt 0.690339 0.862133
vt 0.686533 0.843831
vt 0.684227 0.862133
vt 0.680806 0.843831
vt 0.678121 0.862133
vt 0.675083 0.843831
vt 0.672023 0.862133
vt 0.669367 0.843831
vt 0.665936 0.862133
vt 0.663660 0.843831
vt 0.659862 0.862133
vt 0.657963 0.843831
vt 0.653802 0.862133
vt 0.652278 0.843831
vt 0.647760 0.862133
vt 0.646608 0.843831
vt 0.641737 0.862133
vt 0.640954 0.843831
vt 0.635734 0.862133
vt 0.635319 0.843831
vt 0.629756 0.862133
vt 0.629704 0.843831
vt 0.623803 0.862133
vt 0.624112 0.843831
vt 0.617877 0.862133
vt 0.618544 0.843831
vt 0.611980 0.862133
vt 0.613002 0.843831
vt 0.606115 0.862133
vt 0.607488 0.843831
vt 0.600284 0.862133
vt 0.602004 0.843831
vt 0.594487 0.862133
vt 0.596552 0.843831
vt 0.588728 0.862133
vt 0.591133 0.843831
vt 0.583008 0.862133
vt 0.585749 0.843831
vt 0.577328 0.862133
vt 0.580403 0.843831
vt 0.571692 0.862133
vt 0.575095 0.843831
vt 0.566099 0.862133
vt 0.569826 0.843831
vt 0.560553 0.862133
vt 0.564599 0.843831
vt 0.555054 0.862133
vt 0.559413 0.843831
vt 0.549605 0.862133
vt 0.554266 0.843831
vt 0.544205 0.862133
vt 0.549156 0.843831
vt 0.709499 0.843831
vt 0.714791 0.862133
vt 0.715029 0.525452
vt 0.715029 0.504627
vt 0.720786 0.504627
vt 0.720786 0.525452
vt 0.709272 0.525452
vt 0.709272 0.504627
vt 0.703516 0.525452
vt 0.703515 0.504627
vt 0.697759 0.525452
vt 0.697758 0.504627
vt 0.692002 0.525452
vt 0.692002 0.504627
vt 0.686245 0.525452
vt 0.686245 0.504627
vt 0.680488 0.525452
vt 0.680488 0.504627
vt 0.674731 0.525452
vt 0.674731 0.504628
vt 0.668975 0.525452
vt 0.668974 0.504628
vt 0.663218 0.525452
vt 0.663218 0.504628
vt 0.657461 0.525452
vt 0.657461 0.504628
vt 0.651704 0.525452
vt 0.651704 0.504628
vt 0.645947 0.525452
vt 0.645947 0.504628
vt 0.640190 0.525452
vt 0.640190 0.504628
vt 0.634434 0.525452
vt 0.634434 0.504628
vt 0.628677 0.525452
vt 0.628677 0.504628
vt 0.622920 0.525452
vt 0.622920 0.504628
vt 0.617163 0.525452
vt 0.617163 0.504628
vt 0.611406 0.525452
vt 0.611406 0.504628
vt 0.605650 0.525452
vt 0.605650 0.504628
vt 0.599893 0.525452
vt 0.599893 0.504628
vt 0.594136 0.525452
vt 0.594136 0.504628
vt 0.588379 0.525452
vt 0.588379 0.504628
vt 0.582622 0.525452
vt 0.582622 0.504628
vt 0.576865 0.525452
vt 0.576866 0.504628
vt 0.571109 0.525452
vt 0.571109 0.504627
vt 0.565352 0.525452
vt 0.565352 0.504627
vt 0.559595 0.525452
vt 0.559595 0.504627
vt 0.553838 0.525452
vt 0.553838 0.504627
vt 0.548081 0.525452
vt 0.548082 0.504627
vt 0.542325 0.525452
vt 0.542325 0.504627
vt 0.536568 0.525452
vt 0.536568 0.504627
vt 0.694308 0.868042
vt 0.696739 0.868657
vt 0.696403 0.869805
vt 0.696403 0.869805
vt 0.696739 0.868657
vt 0.699089 0.869772
vt 0.698817 0.870517
vt 0.696208 0.870916
vt 0.696208 0.870916
vt 0.698663 0.871305
vt 0.696130 0.872006
vt 0.696130 0.872006
vt 0.698613 0.872117
vt 0.696153 0.873078
vt 0.696153 0.873078
vt 0.698654 0.872945
vt 0.696266 0.874137
vt 0.696266 0.874137
vt 0.698778 0.873783
vt 0.696458 0.875182
vt 0.696458 0.875182
vt 0.698974 0.874628
vt 0.696723 0.876213
vt 0.696723 0.876213
vt 0.699238 0.875476
vt 0.697053 0.877228
vt 0.697053 0.877228
vt 0.699563 0.876324
vt 0.697454 0.878220
vt 0.697454 0.878220
vt 0.699871 0.877180
vt 0.697906 0.879191
vt 0.697906 0.879191
vt 0.700293 0.877992
vt 0.698417 0.880139
vt 0.698417 0.880139
vt 0.700764 0.878793
vt 0.698983 0.881063
vt 0.698983 0.881063
vt 0.701280 0.879579
vt 0.699601 0.881959
vt 0.699601 0.881959
vt 0.701839 0.880348
vt 0.700268 0.882826
vt 0.700268 0.882826
vt 0.702438 0.881095
vt 0.700980 0.883660
vt 0.700980 0.883660
vt 0.703074 0.881818
vt 0.701736 0.884460
vt 0.701736 0.884460
vt 0.703744 0.882513
vt 0.702533 0.885223
vt 0.702533 0.885223
vt 0.704446 0.883178
vt 0.703368 0.885944
vt 0.703368 0.885944
vt 0.705178 0.883810
vt 0.704240 0.886623
vt 0.704240 0.886623
vt 0.705936 0.884405
vt 0.705145 0.887255
vt 0.705145 0.887255
vt 0.706720 0.884961
vt 0.706081 0.887838
vt 0.706081 0.887838
vt 0.707525 0.885475
vt 0.707047 0.888368
vt 0.707047 0.888368
vt 0.708349 0.885942
vt 0.708040 0.888841
vt 0.708040 0.888841
vt 0.709189 0.886361
vt 0.709058 0.889255
vt 0.709058 0.889255
vt 0.710043 0.886726
vt 0.710101 0.889604
vt 0.710101 0.889604
vt 0.710907 0.887033
vt 0.711166 0.889885
vt 0.711166 0.889885
vt 0.711779 0.887277
vt 0.712252 0.890091
vt 0.712252 0.890091
vt 0.712656 0.887454
vt 0.713361 0.890216
vt 0.713361 0.890216
vt 0.713533 0.887556
vt 0.714492 0.890254
vt 0.714492 0.890254
vt 0.714407 0.887576
vt 0.715651 0.890192
vt 0.715651 0.890192
vt 0.715273 0.887505
vt 0.716849 0.890016
vt 0.716849 0.890016
vt 0.716125 0.887332
vt 0.718112 0.889698
vt 0.718112 0.889698
vt 0.716951 0.887042
vt 0.620453 0.867254
vt 0.615246 0.866630
vt 0.615207 0.872012
vt 0.615207 0.872012
vt 0.615246 0.866630
vt 0.615770 0.866683
vt 0.615582 0.877164
vt 0.615582 0.877164
vt 0.616239 0.882203
vt 0.616239 0.882203
vt 0.617131 0.887168
vt 0.617131 0.887168
vt 0.618243 0.892075
vt 0.618243 0.892075
vt 0.619570 0.896924
vt 0.619570 0.896924
vt 0.621113 0.901712
vt 0.621113 0.901712
vt 0.622873 0.906430
vt 0.622873 0.906430
vt 0.624851 0.911067
vt 0.624851 0.911067
vt 0.627044 0.915613
vt 0.627044 0.915613
vt 0.629451 0.920056
vt 0.629451 0.920056
vt 0.632069 0.924385
vt 0.632069 0.924385
vt 0.634894 0.928589
vt 0.634894 0.928589
vt 0.637920 0.932657
vt 0.637920 0.932657
vt 0.641142 0.936580
vt 0.641142 0.936580
vt 0.644552 0.940346
vt 0.644552 0.940346
vt 0.648144 0.943948
vt 0.648144 0.943948
vt 0.651910 0.947375
vt 0.651910 0.947375
vt 0.655840 0.950621
vt 0.655840 0.950621
vt 0.659926 0.953677
vt 0.659926 0.953677
vt 0.664159 0.956537
vt 0.664159 0.956537
vt 0.668529 0.959196
vt 0.668529 0.959196
vt 0.673026 0.961647
vt 0.673026 0.961647
vt 0.677640 0.963887
vt 0.677640 0.963887
vt 0.682364 0.965912
vt 0.682364 0.965912
vt 0.687189 0.967718
vt 0.687189 0.967718
vt 0.692109 0.969301
vt 0.692109 0.969301
vt 0.697122 0.970659
vt 0.697122 0.970659
vt 0.702235 0.971781
vt 0.702235 0.971781
vt 0.707470 0.972650
vt 0.707470 0.972650
vt 0.712876 0.973215
vt 0.712876 0.973215
vt 0.718577 0.973348
vt 0.718577 0.973348
vt 0.620453 0.867254
vt 0.715301 0.843831
vt 0.709299 0.843251
vt 0.715056 0.843251
vt 0.715056 0.843251
vt 0.709299 0.843251
vt 0.709096 0.842679
vt 0.714774 0.842679
vt 0.703571 0.843251
vt 0.703571 0.843251
vt 0.703398 0.842679
vt 0.697845 0.843251
vt 0.697845 0.843251
vt 0.697690 0.842679
vt 0.692123 0.843251
vt 0.692123 0.843251
vt 0.691982 0.842679
vt 0.686405 0.843251
vt 0.686405 0.843251
vt 0.686277 0.842679
vt 0.680690 0.843251
vt 0.680690 0.843251
vt 0.680574 0.842679
vt 0.674980 0.843251
vt 0.674980 0.843251
vt 0.674876 0.842679
vt 0.669276 0.843251
vt 0.669276 0.843251
vt 0.669185 0.842679
vt 0.663580 0.843251
vt 0.663580 0.843251
vt 0.663502 0.842679
vt 0.657895 0.843251
vt 0.657895 0.843251
vt 0.657829 0.842679
vt 0.652223 0.843251
vt 0.652223 0.843251
vt 0.652168 0.842679
vt 0.646564 0.843251
vt 0.646564 0.843251
vt 0.646522 0.842679
vt 0.640923 0.843251
vt 0.640923 0.843251
vt 0.640892 0.842679
vt 0.635299 0.843251
vt 0.635299 0.843251
vt 0.635281 0.842679
vt 0.629696 0.843251
vt 0.629696 0.843251
vt 0.629689 0.842679
vt 0.624115 0.843251
vt 0.624115 0.843251
vt 0.624120 0.842679
vt 0.618559 0.843251
vt 0.618559 0.843251
vt 0.618575 0.842679
vt 0.613028 0.843251
vt 0.613028 0.843251
vt 0.613056 0.842679
vt 0.607526 0.843251
vt 0.607526 0.843251
vt 0.607565 0.842679
vt 0.602053 0.843251
vt 0.602053 0.843251
vt 0.602103 0.842679
vt 0.596612 0.843251
vt 0.596612 0.843251
vt 0.596673 0.842679
vt 0.591204 0.843251
vt 0.591204 0.843251
vt 0.591277 0.842679
vt 0.585831 0.843251
vt 0.585831 0.843251
vt 0.585915 0.842679
vt 0.580495 0.843251
vt 0.580495 0.843251
vt 0.580589 0.842679
vt 0.575198 0.843251
vt 0.575198 0.843251
vt 0.575302 0.842679
vt 0.569940 0.843251
vt 0.569940 0.843251
vt 0.570055 0.842679
vt 0.564723 0.843251
vt 0.564723 0.843251
vt 0.564849 0.842679
vt 0.559547 0.843251
vt 0.559547 0.843251
vt 0.559684 0.842679
vt 0.554412 0.843251
vt 0.554412 0.843251
vt 0.554561 0.842679
vt 0.549317 0.843251
vt 0.549317 0.843251
vt 0.549481 0.842679
vt 0.544265 0.843251
vt 0.544265 0.843251
vt 0.544454 0.842679
vt 0.539216 0.843251
vt 0.539216 0.843251
vt 0.539473 0.842679
vt 0.720893 0.862133
vt 0.697763 0.804804
vt 0.697763 0.788691
vt 0.703520 0.788691
vt 0.703520 0.804804
vt 0.709278 0.788691
vt 0.709278 0.804804
vt 0.715035 0.804804
vt 0.715035 0.788691
vt 0.720792 0.788691
vt 0.720792 0.804803
vt 0.686249 0.804804
vt 0.686249 0.788691
vt 0.692006 0.788691
vt 0.692006 0.804804
vt 0.680492 0.804804
vt 0.680491 0.788691
vt 0.674734 0.804804
vt 0.674734 0.788691
vt 0.668977 0.804804
vt 0.668977 0.788691
vt 0.663220 0.804804
vt 0.663220 0.788691
vt 0.657463 0.804804
vt 0.657462 0.788691
vt 0.651705 0.804804
vt 0.651705 0.788691
vt 0.645948 0.804804
vt 0.645948 0.788691
vt 0.640191 0.804804
vt 0.640191 0.788691
vt 0.634434 0.804804
vt 0.634434 0.788691
vt 0.628676 0.804804
vt 0.628676 0.788691
vt 0.622919 0.804804
vt 0.622919 0.788691
vt 0.617162 0.804804
vt 0.617162 0.788691
vt 0.703516 0.554074
vt 0.703516 0.537962
vt 0.709273 0.537962
vt 0.709273 0.554074
vt 0.715036 0.838141
vt 0.715035 0.817315
vt 0.720793 0.817314
vt 0.720793 0.838141
vt 0.605647 0.788691
vt 0.605649 0.554074
vt 0.611406 0.554074
vt 0.611405 0.788691
vt 0.605647 0.804804
vt 0.611404 0.804804
vt 0.599890 0.788691
vt 0.599893 0.554074
vt 0.599890 0.804804
vt 0.594133 0.788691
vt 0.594136 0.554074
vt 0.594133 0.804804
vt 0.588376 0.788691
vt 0.588379 0.554074
vt 0.588375 0.804804
vt 0.582618 0.788691
vt 0.582622 0.554074
vt 0.582618 0.804804
vt 0.576861 0.788691
vt 0.576865 0.554074
vt 0.576861 0.804804
vt 0.571104 0.788691
vt 0.571108 0.554074
vt 0.571104 0.804804
vt 0.565347 0.788691
vt 0.565351 0.554074
vt 0.565346 0.804804
vt 0.559590 0.788691
vt 0.559595 0.554074
vt 0.559589 0.804804
vt 0.553832 0.788691
vt 0.553838 0.554074
vt 0.553832 0.804803
vt 0.548075 0.788690
vt 0.548081 0.554074
vt 0.548075 0.804803
vt 0.542318 0.788690
vt 0.542324 0.554074
vt 0.542318 0.804803
vt 0.536561 0.788690
vt 0.536567 0.554074
vt 0.536560 0.804803
vt 0.715030 0.554073
vt 0.697759 0.554074
vt 0.617163 0.554074
vt 0.622920 0.554074
vt 0.628677 0.554074
vt 0.634434 0.554074
vt 0.640191 0.554074
vt 0.645947 0.554074
vt 0.651704 0.554074
vt 0.657461 0.554074
vt 0.663218 0.554074
vt 0.668975 0.554074
vt 0.674732 0.554074
vt 0.680489 0.554074
vt 0.686245 0.554074
vt 0.692002 0.554074
vt 0.720786 0.554074
vt 0.715029 0.537962
vt 0.720786 0.537962
vt 0.703521 0.811538
vt 0.709278 0.811538
vt 0.686245 0.537962
vt 0.692002 0.537962
vt 0.692006 0.811538
vt 0.697763 0.811538
vt 0.680488 0.537962
vt 0.686249 0.811538
vt 0.674732 0.537962
vt 0.680492 0.811538
vt 0.668975 0.537962
vt 0.674734 0.811538
vt 0.663218 0.537962
vt 0.668977 0.811538
vt 0.657461 0.537962
vt 0.663220 0.811538
vt 0.651704 0.537962
vt 0.657463 0.811539
vt 0.645947 0.537963
vt 0.651705 0.811539
vt 0.640190 0.537963
vt 0.645948 0.811539
vt 0.634434 0.537963
vt 0.640191 0.811539
vt 0.628677 0.537963
vt 0.634434 0.811539
vt 0.622920 0.537963
vt 0.628676 0.811539
vt 0.617163 0.537963
vt 0.622919 0.811539
vt 0.611406 0.537962
vt 0.617162 0.811539
vt 0.605649 0.537962
vt 0.611404 0.811539
vt 0.599893 0.537962
vt 0.605647 0.811538
vt 0.594136 0.537962
vt 0.599890 0.811538
vt 0.588379 0.537962
vt 0.594133 0.811538
vt 0.582622 0.537962
vt 0.588375 0.811538
vt 0.576865 0.537962
vt 0.582618 0.811538
vt 0.571108 0.537962
vt 0.576861 0.811538
vt 0.565352 0.537962
vt 0.571104 0.811538
vt 0.559595 0.537962
vt 0.565346 0.811538
vt 0.553838 0.537962
vt 0.559589 0.811538
vt 0.548081 0.537962
vt 0.553832 0.811538
vt 0.542324 0.537962
vt 0.548075 0.811537
vt 0.536568 0.537962
vt 0.542317 0.811537
vt 0.536560 0.811537
vt 0.697759 0.537962
vt 0.715035 0.811538
vt 0.720792 0.811538
vt 0.703516 0.531228
vt 0.709272 0.531228
vt 0.715029 0.531228
vt 0.720786 0.531228
vt 0.692002 0.531228
vt 0.697759 0.531228
vt 0.697763 0.817315
vt 0.703521 0.817315
vt 0.686245 0.531228
vt 0.692006 0.817315
vt 0.680488 0.531229
vt 0.686249 0.817315
vt 0.674731 0.531229
vt 0.680492 0.817315
vt 0.668975 0.531229
vt 0.674734 0.817315
vt 0.663218 0.531229
vt 0.668977 0.817315
vt 0.657461 0.531229
vt 0.663220 0.817315
vt 0.651704 0.531229
vt 0.657463 0.817315
vt 0.645947 0.531229
vt 0.651705 0.817315
vt 0.640190 0.531229
vt 0.645948 0.817315
vt 0.634434 0.531229
vt 0.640191 0.817315
vt 0.628677 0.531229
vt 0.634433 0.817315
vt 0.622920 0.531229
vt 0.628676 0.817315
vt 0.617163 0.531229
vt 0.622919 0.817315
vt 0.611406 0.531229
vt 0.617162 0.817315
vt 0.605650 0.531229
vt 0.611404 0.817315
vt 0.599893 0.531229
vt 0.605647 0.817315
vt 0.594136 0.531229
vt 0.599890 0.817315
vt 0.588379 0.531229
vt 0.594133 0.817315
vt 0.582622 0.531229
vt 0.588375 0.817315
vt 0.576865 0.531228
vt 0.582618 0.817315
vt 0.571109 0.531228
vt 0.576861 0.817315
vt 0.565352 0.531228
vt 0.571103 0.817315
vt 0.559595 0.531228
vt 0.565346 0.817315
vt 0.553838 0.531228
vt 0.559589 0.817315
vt 0.548081 0.531228
vt 0.553832 0.817314
vt 0.542324 0.531228
vt 0.548074 0.817314
vt 0.536568 0.531228
vt 0.542317 0.817314
vt 0.536560 0.817314
vt 0.709278 0.817315
vt 0.709278 0.838141
vt 0.703521 0.838141
vt 0.697764 0.838141
vt 0.692007 0.838141
vt 0.686249 0.838141
vt 0.680492 0.838142
vt 0.674735 0.838142
vt 0.668977 0.838142
vt 0.663220 0.838142
vt 0.657463 0.838142
vt 0.651705 0.838142
vt 0.645948 0.838142
vt 0.640191 0.838142
vt 0.634433 0.838142
vt 0.628676 0.838142
vt 0.622919 0.838142
vt 0.617162 0.838142
vt 0.611404 0.838142
vt 0.605647 0.838142
vt 0.599890 0.838142
vt 0.594132 0.838142
vt 0.588375 0.838141
vt 0.582618 0.838141
vt 0.576860 0.838141
vt 0.571103 0.838141
vt 0.565346 0.838141
vt 0.559588 0.838141
vt 0.553831 0.838141
vt 0.548074 0.838140
vt 0.542317 0.838140
vt 0.536559 0.838140
vt 0.956137 0.992091
vt 0.958921 0.973751
vt 0.964662 0.973909
vt 0.962127 0.992943
vt 0.866474 0.871962
vt 0.866810 0.876726
vt 0.862158 0.877113
vt 0.861795 0.871996
vt 0.867425 0.881485
vt 0.868271 0.886209
vt 0.863692 0.887070
vt 0.862806 0.882128
vt 0.869332 0.890889
vt 0.864798 0.891955
vt 0.870602 0.895516
vt 0.866119 0.896784
vt 0.872080 0.900081
vt 0.867656 0.901551
vt 0.873765 0.904575
vt 0.869409 0.906247
vt 0.875657 0.908990
vt 0.871378 0.910863
vt 0.877752 0.913314
vt 0.873562 0.915388
vt 0.880051 0.917539
vt 0.875959 0.919810
vt 0.882549 0.921653
vt 0.878565 0.924118
vt 0.885242 0.925647
vt 0.881377 0.928303
vt 0.888126 0.929511
vt 0.884389 0.932352
vt 0.891195 0.933235
vt 0.887596 0.936255
vt 0.894444 0.936810
vt 0.890991 0.940004
vt 0.897865 0.940228
vt 0.894567 0.943588
vt 0.901450 0.943480
vt 0.898315 0.946999
vt 0.905193 0.946559
vt 0.902227 0.950229
vt 0.909084 0.949458
vt 0.906294 0.953270
vt 0.913115 0.952170
vt 0.910507 0.956117
vt 0.917278 0.954691
vt 0.914857 0.958762
vt 0.921562 0.957013
vt 0.919333 0.961202
vt 0.925960 0.959134
vt 0.923927 0.963431
vt 0.930462 0.961047
vt 0.928630 0.965445
vt 0.935061 0.962749
vt 0.933433 0.967241
vt 0.939750 0.964234
vt 0.938331 0.968815
vt 0.944521 0.965493
vt 0.943322 0.970163
vt 0.949369 0.966514
vt 0.948411 0.971276
vt 0.954283 0.967268
vt 0.953618 0.972130
vt 0.959237 0.967699
vt 0.958987 0.972675
vt 0.964120 0.967710
vt 0.964617 0.972784
vt 0.790157 0.843831
vt 0.784930 0.862133
vt 0.779651 0.862133
vt 0.785064 0.843831
vt 0.843600 0.873836
vt 0.860776 0.872030
vt 0.861163 0.877215
vt 0.844211 0.879451
vt 0.843074 0.868288
vt 0.860792 0.866607
vt 0.861830 0.882280
vt 0.844990 0.885079
vt 0.862729 0.887267
vt 0.845980 0.890710
vt 0.863846 0.892194
vt 0.847204 0.896330
vt 0.865179 0.897065
vt 0.848675 0.901923
vt 0.866728 0.901874
vt 0.850403 0.907473
vt 0.868496 0.906613
vt 0.852391 0.912963
vt 0.870482 0.911271
vt 0.854641 0.918375
vt 0.872685 0.915837
vt 0.857153 0.923692
vt 0.875103 0.920301
vt 0.859924 0.928899
vt 0.877732 0.924650
vt 0.862950 0.933980
vt 0.880569 0.928874
vt 0.866225 0.938919
vt 0.883609 0.932962
vt 0.869743 0.943701
vt 0.886846 0.936903
vt 0.873495 0.948314
vt 0.890272 0.940688
vt 0.877472 0.952743
vt 0.893881 0.944307
vt 0.881664 0.956979
vt 0.897664 0.947751
vt 0.886060 0.961008
vt 0.901612 0.951012
vt 0.890649 0.964822
vt 0.905717 0.954083
vt 0.895418 0.968412
vt 0.909969 0.956957
vt 0.900354 0.971769
vt 0.914358 0.959628
vt 0.905444 0.974888
vt 0.918876 0.962092
vt 0.910675 0.977764
vt 0.923511 0.964343
vt 0.916033 0.980394
vt 0.928256 0.966377
vt 0.921504 0.982777
vt 0.933103 0.968193
vt 0.927078 0.984913
vt 0.938045 0.969785
vt 0.932742 0.986805
vt 0.943080 0.971152
vt 0.938487 0.988459
vt 0.948217 0.972286
vt 0.944307 0.989881
vt 0.953479 0.973168
vt 0.950193 0.991085
vt 0.866810 0.876726
vt 0.866474 0.871962
vt 0.940194 0.869412
vt 0.940088 0.870721
vt 0.905193 0.946559
vt 0.901450 0.943480
vt 0.948094 0.887595
vt 0.949052 0.888342
vt 0.870602 0.895516
vt 0.869332 0.890889
vt 0.940290 0.874443
vt 0.940516 0.875629
vt 0.867425 0.881485
vt 0.940071 0.871992
vt 0.909084 0.949458
vt 0.950050 0.889039
vt 0.872080 0.900081
vt 0.940816 0.876791
vt 0.913115 0.952170
vt 0.951085 0.889682
vt 0.873765 0.904575
vt 0.941186 0.877928
vt 0.917278 0.954691
vt 0.952156 0.890269
vt 0.875657 0.908990
vt 0.941623 0.879039
vt 0.921562 0.957013
vt 0.953261 0.890796
vt 0.877752 0.913314
vt 0.942121 0.880123
vt 0.925960 0.959134
vt 0.954398 0.891261
vt 0.880051 0.917539
vt 0.942681 0.881178
vt 0.930462 0.961047
vt 0.955567 0.891659
vt 0.882549 0.921653
vt 0.943298 0.882204
vt 0.935061 0.962749
vt 0.956768 0.891987
vt 0.885242 0.925647
vt 0.943972 0.883197
vt 0.939750 0.964234
vt 0.958000 0.892242
vt 0.888126 0.929511
vt 0.944699 0.884156
vt 0.944521 0.965493
vt 0.959264 0.892418
vt 0.891195 0.933235
vt 0.945477 0.885078
vt 0.957863 0.872141
vt 0.958445 0.872257
vt 0.958992 0.872484
vt 0.959485 0.872813
vt 0.959904 0.873232
vt 0.960234 0.873726
vt 0.960461 0.874273
vt 0.960576 0.874855
vt 0.960576 0.875448
vt 0.960461 0.876029
vt 0.960234 0.876577
vt 0.959904 0.877070
vt 0.959485 0.877489
vt 0.958992 0.877818
vt 0.958445 0.878045
vt 0.957863 0.878161
vt 0.957270 0.878161
vt 0.956689 0.878045
vt 0.956141 0.877818
vt 0.955648 0.877489
vt 0.955229 0.877070
vt 0.954900 0.876577
vt 0.954673 0.876029
vt 0.954557 0.875448
vt 0.954557 0.874855
vt 0.954673 0.874273
vt 0.954900 0.873726
vt 0.955229 0.873232
vt 0.955648 0.872813
vt 0.956141 0.872484
vt 0.956689 0.872257
vt 0.957270 0.872141
vt 0.949369 0.966514
vt 0.960561 0.892513
vt 0.894444 0.936810
vt 0.946304 0.885960
vt 0.964120 0.967710
vt 0.959237 0.967699
vt 0.963262 0.892455
vt 0.964662 0.892324
vt 0.954283 0.967268
vt 0.961893 0.892524
vt 0.897865 0.940228
vt 0.947177 0.886800
vt 0.868271 0.886209
vt 0.940140 0.873232
vt 0.792325 0.955626
vt 0.792325 0.950025
vt 0.793418 0.944532
vt 0.795561 0.939357
vt 0.798672 0.934701
vt 0.802633 0.930740
vt 0.807290 0.927629
vt 0.812464 0.925485
vt 0.817957 0.924393
vt 0.823558 0.924393
vt 0.829051 0.925485
vt 0.834225 0.927629
vt 0.838882 0.930740
vt 0.842842 0.934701
vt 0.845954 0.939358
vt 0.848097 0.944532
vt 0.849190 0.950025
vt 0.849190 0.955626
vt 0.848097 0.961119
vt 0.845954 0.966293
vt 0.842842 0.970950
vt 0.838882 0.974910
vt 0.834225 0.978022
vt 0.829051 0.980165
vt 0.823558 0.981258
vt 0.817957 0.981258
vt 0.812464 0.980165
vt 0.807289 0.978022
vt 0.802633 0.974910
vt 0.798672 0.970950
vt 0.795561 0.966293
vt 0.793418 0.961119
vt 0.949823 0.843831
vt 0.954762 0.862133
vt 0.948648 0.862133
vt 0.944079 0.843831
vt 0.942533 0.862133
vt 0.938343 0.843831
vt 0.936417 0.862133
vt 0.932612 0.843831
vt 0.930305 0.862133
vt 0.926884 0.843831
vt 0.924200 0.862133
vt 0.921162 0.843831
vt 0.918102 0.862133
vt 0.915446 0.843831
vt 0.912015 0.862133
vt 0.909738 0.843831
vt 0.905940 0.862133
vt 0.904041 0.843831
vt 0.899881 0.862133
vt 0.898356 0.843831
vt 0.893838 0.862133
vt 0.892686 0.843831
vt 0.887815 0.862133
vt 0.887032 0.843831
vt 0.881813 0.862133
vt 0.881397 0.843831
vt 0.875834 0.862133
vt 0.875782 0.843831
vt 0.869881 0.862133
vt 0.870190 0.843831
vt 0.863955 0.862133
vt 0.864622 0.843831
vt 0.858059 0.862133
vt 0.859080 0.843831
vt 0.852194 0.862133
vt 0.853566 0.843831
vt 0.846362 0.862133
vt 0.848082 0.843831
vt 0.840566 0.862133
vt 0.842630 0.843831
vt 0.834807 0.862133
vt 0.837211 0.843831
vt 0.829086 0.862133
vt 0.831828 0.843831
vt 0.823407 0.862133
vt 0.826481 0.843831
vt 0.817770 0.862133
vt 0.821173 0.843831
vt 0.812177 0.862133
vt 0.815905 0.843831
vt 0.806631 0.862133
vt 0.810677 0.843831
vt 0.801132 0.862133
vt 0.805491 0.843831
vt 0.795683 0.862133
vt 0.800344 0.843831
vt 0.790283 0.862133
vt 0.795234 0.843831
vt 0.955577 0.843831
vt 0.960869 0.862133
vt 0.961107 0.525452
vt 0.961107 0.504627
vt 0.966864 0.504627
vt 0.966864 0.525452
vt 0.955351 0.525452
vt 0.955350 0.504627
vt 0.949594 0.525452
vt 0.949594 0.504627
vt 0.943837 0.525452
vt 0.943837 0.504627
vt 0.938080 0.525452
vt 0.938080 0.504627
vt 0.932323 0.525452
vt 0.932323 0.504627
vt 0.926567 0.525452
vt 0.926566 0.504627
vt 0.920810 0.525452
vt 0.920810 0.504628
vt 0.915053 0.525452
vt 0.915053 0.504628
vt 0.909296 0.525452
vt 0.909296 0.504628
vt 0.903539 0.525452
vt 0.903539 0.504628
vt 0.897782 0.525452
vt 0.897782 0.504628
vt 0.892026 0.525452
vt 0.892026 0.504628
vt 0.886269 0.525452
vt 0.886269 0.504628
vt 0.880512 0.525452
vt 0.880512 0.504628
vt 0.874755 0.525452
vt 0.874755 0.504628
vt 0.868998 0.525452
vt 0.868998 0.504628
vt 0.863241 0.525452
vt 0.863242 0.504628
vt 0.857485 0.525452
vt 0.857485 0.504628
vt 0.851728 0.525452
vt 0.851728 0.504628
vt 0.845971 0.525452
vt 0.845971 0.504628
vt 0.840214 0.525452
vt 0.840214 0.504628
vt 0.834457 0.525452
vt 0.834458 0.504628
vt 0.828701 0.525452
vt 0.828701 0.504628
vt 0.822944 0.525452
vt 0.822944 0.504628
vt 0.817187 0.525452
vt 0.817187 0.504627
vt 0.811430 0.525452
vt 0.811430 0.504627
vt 0.805673 0.525452
vt 0.805674 0.504627
vt 0.799916 0.525452
vt 0.799917 0.504627
vt 0.794160 0.525452
vt 0.794160 0.504627
vt 0.788403 0.525452
vt 0.788403 0.504627
vt 0.782646 0.525452
vt 0.782646 0.504627
vt 0.940387 0.868042
vt 0.942817 0.868657
vt 0.942481 0.869805
vt 0.942481 0.869805
vt 0.942817 0.868657
vt 0.945168 0.869772
vt 0.944895 0.870517
vt 0.942286 0.870916
vt 0.942286 0.870916
vt 0.944741 0.871305
vt 0.942208 0.872006
vt 0.942208 0.872006
vt 0.944691 0.872117
vt 0.942232 0.873078
vt 0.942232 0.873078
vt 0.944733 0.872945
vt 0.942344 0.874137
vt 0.942344 0.874137
vt 0.944856 0.873783
vt 0.942536 0.875182
vt 0.942536 0.875182
vt 0.945053 0.874628
vt 0.942801 0.876213
vt 0.942801 0.876213
vt 0.945316 0.875476
vt 0.943131 0.877228
vt 0.943131 0.877228
vt 0.945641 0.876324
vt 0.943533 0.878220
vt 0.943533 0.878220
vt 0.945949 0.877180
vt 0.943984 0.879191
vt 0.943984 0.879191
vt 0.946371 0.877992
vt 0.944495 0.880139
vt 0.944495 0.880139
vt 0.946842 0.878793
vt 0.945061 0.881063
vt 0.945061 0.881063
vt 0.947359 0.879579
vt 0.945679 0.881959
vt 0.945679 0.881959
vt 0.947918 0.880348
vt 0.946346 0.882826
vt 0.946346 0.882826
vt 0.948516 0.881095
vt 0.947059 0.883660
vt 0.947059 0.883660
vt 0.949152 0.881818
vt 0.947815 0.884460
vt 0.947815 0.884460
vt 0.949822 0.882513
vt 0.948612 0.885223
vt 0.948612 0.885223
vt 0.950525 0.883178
vt 0.949447 0.885944
vt 0.949447 0.885944
vt 0.951256 0.883810
vt 0.950318 0.886623
vt 0.950318 0.886623
vt 0.952015 0.884405
vt 0.951223 0.887255
vt 0.951223 0.887255
vt 0.952798 0.884961
vt 0.952159 0.887838
vt 0.952159 0.887838
vt 0.953603 0.885475
vt 0.953125 0.888368
vt 0.953125 0.888368
vt 0.954427 0.885942
vt 0.954118 0.888841
vt 0.954118 0.888841
vt 0.955267 0.886361
vt 0.955136 0.889255
vt 0.955136 0.889255
vt 0.956121 0.886726
vt 0.956179 0.889604
vt 0.956179 0.889604
vt 0.956986 0.887033
vt 0.957244 0.889885
vt 0.957244 0.889885
vt 0.957858 0.887277
vt 0.958331 0.890091
vt 0.958331 0.890091
vt 0.958734 0.887454
vt 0.959439 0.890216
vt 0.959439 0.890216
vt 0.959611 0.887556
vt 0.960571 0.890254
vt 0.960571 0.890254
vt 0.960485 0.887576
vt 0.961729 0.890192
vt 0.961729 0.890192
vt 0.961351 0.887505
vt 0.962927 0.890016
vt 0.962927 0.890016
vt 0.962203 0.887332
vt 0.964191 0.889698
vt 0.964191 0.889698
vt 0.963030 0.887042
vt 0.866531 0.867254
vt 0.861324 0.866630
vt 0.861286 0.872012
vt 0.861286 0.872012
vt 0.861324 0.866630
vt 0.861848 0.866683
vt 0.861660 0.877164
vt 0.861660 0.877164
vt 0.862317 0.882203
vt 0.862317 0.882203
vt 0.863209 0.887168
vt 0.863209 0.887168
vt 0.864321 0.892075
vt 0.864321 0.892075
vt 0.865648 0.896924
vt 0.865648 0.896924
vt 0.867191 0.901712
vt 0.867191 0.901712
vt 0.868952 0.906430
vt 0.868952 0.906430
vt 0.870929 0.911067
vt 0.870929 0.911067
vt 0.873122 0.915613
vt 0.873122 0.915613
vt 0.875530 0.920056
vt 0.875530 0.920056
vt 0.878148 0.924385
vt 0.878148 0.924385
vt 0.880972 0.928589
vt 0.880972 0.928589
vt 0.883998 0.932657
vt 0.883998 0.932657
vt 0.887220 0.936580
vt 0.887220 0.936580
vt 0.890631 0.940346
vt 0.890631 0.940346
vt 0.894223 0.943948
vt 0.894223 0.943948
vt 0.897988 0.947375
vt 0.897988 0.947375
vt 0.901919 0.950621
vt 0.901919 0.950621
vt 0.906005 0.953677
vt 0.906005 0.953677
vt 0.910237 0.956537
vt 0.910237 0.956537
vt 0.914607 0.959196
vt 0.914607 0.959196
vt 0.919104 0.961647
vt 0.919104 0.961647
vt 0.923719 0.963887
vt 0.923719 0.963887
vt 0.928443 0.965912
vt 0.928443 0.965912
vt 0.933267 0.967718
vt 0.933267 0.967718
vt 0.938187 0.969301
vt 0.938187 0.969301
vt 0.943201 0.970659
vt 0.943201 0.970659
vt 0.948313 0.971781
vt 0.948313 0.971781
vt 0.953548 0.972650
vt 0.953548 0.972650
vt 0.958955 0.973215
vt 0.958955 0.973215
vt 0.964656 0.973348
vt 0.964656 0.973348
vt 0.866531 0.867254
vt 0.961379 0.843831
vt 0.955377 0.843251
vt 0.961134 0.843251
vt 0.961134 0.843251
vt 0.955377 0.843251
vt 0.955174 0.842679
vt 0.960853 0.842679
vt 0.949650 0.843251
vt 0.949650 0.843251
vt 0.949476 0.842679
vt 0.943924 0.843251
vt 0.943924 0.843251
vt 0.943768 0.842679
vt 0.938202 0.843251
vt 0.938202 0.843251
vt 0.938061 0.842679
vt 0.932483 0.843251
vt 0.932483 0.843251
vt 0.932355 0.842679
vt 0.926768 0.843251
vt 0.926768 0.843251
vt 0.926653 0.842679
vt 0.921058 0.843251
vt 0.921058 0.843251
vt 0.920955 0.842679
vt 0.915354 0.843251
vt 0.915354 0.843251
vt 0.915263 0.842679
vt 0.909659 0.843251
vt 0.909659 0.843251
vt 0.909580 0.842679
vt 0.903974 0.843251
vt 0.903974 0.843251
vt 0.903907 0.842679
vt 0.898301 0.843251
vt 0.898301 0.843251
vt 0.898247 0.842679
vt 0.892643 0.843251
vt 0.892643 0.843251
vt 0.892600 0.842679
vt 0.887001 0.843251
vt 0.887001 0.843251
vt 0.886971 0.842679
vt 0.881378 0.843251
vt 0.881378 0.843251
vt 0.881359 0.842679
vt 0.875774 0.843251
vt 0.875774 0.843251
vt 0.875768 0.842679
vt 0.870194 0.843251
vt 0.870194 0.843251
vt 0.870199 0.842679
vt 0.864637 0.843251
vt 0.864637 0.843251
vt 0.864654 0.842679
vt 0.859107 0.843251
vt 0.859107 0.843251
vt 0.859135 0.842679
vt 0.853604 0.843251
vt 0.853604 0.843251
vt 0.853643 0.842679
vt 0.848131 0.843251
vt 0.848131 0.843251
vt 0.848182 0.842679
vt 0.842690 0.843251
vt 0.842690 0.843251
vt 0.842752 0.842679
vt 0.837282 0.843251
vt 0.837282 0.843251
vt 0.837355 0.842679
vt 0.831909 0.843251
vt 0.831909 0.843251
vt 0.831993 0.842679
vt 0.826573 0.843251
vt 0.826573 0.843251
vt 0.826668 0.842679
vt 0.821276 0.843251
vt 0.821276 0.843251
vt 0.821381 0.842679
vt 0.816018 0.843251
vt 0.816018 0.843251
vt 0.816134 0.842679
vt 0.810801 0.843251
vt 0.810801 0.843251
vt 0.810927 0.842679
vt 0.805626 0.843251
vt 0.805626 0.843251
vt 0.805763 0.842679
vt 0.800491 0.843251
vt 0.800491 0.843251
vt 0.800640 0.842679
vt 0.795395 0.843251
vt 0.795395 0.843251
vt 0.795559 0.842679
vt 0.790343 0.843251
vt 0.790343 0.843251
vt 0.790532 0.842679
vt 0.785294 0.843251
vt 0.785294 0.843251
vt 0.785551 0.842679
vt 0.966971 0.862133
vt 0.943842 0.804804
vt 0.943841 0.788691
vt 0.949599 0.788691
vt 0.949599 0.804804
vt 0.955356 0.788691
vt 0.955356 0.804804
vt 0.961113 0.804804
vt 0.961113 0.788691
vt 0.966870 0.788691
vt 0.966870 0.804803
vt 0.932327 0.804804
vt 0.932327 0.788691
vt 0.938084 0.788691
vt 0.938084 0.804804
vt 0.926570 0.804804
vt 0.926570 0.788691
vt 0.920813 0.804804
vt 0.920812 0.788691
vt 0.915055 0.804804
vt 0.915055 0.788691
vt 0.909298 0.804804
vt 0.909298 0.788691
vt 0.903541 0.804804
vt 0.903541 0.788691
vt 0.897784 0.804804
vt 0.897783 0.788691
vt 0.892026 0.804804
vt 0.892026 0.788691
vt 0.886269 0.804804
vt 0.886269 0.788691
vt 0.880512 0.804804
vt 0.880512 0.788691
vt 0.874754 0.804804
vt 0.874755 0.788691
vt 0.868997 0.804804
vt 0.868997 0.788691
vt 0.863240 0.804804
vt 0.863240 0.788691
vt 0.949594 0.554074
vt 0.949594 0.537962
vt 0.955351 0.537962
vt 0.955351 0.554074
vt 0.961114 0.838141
vt 0.961114 0.817315
vt 0.966871 0.817314
vt 0.966871 0.838141
vt 0.851726 0.788691
vt 0.851728 0.554074
vt 0.857485 0.554074
vt 0.857483 0.788691
vt 0.851726 0.804804
vt 0.857483 0.804804
vt 0.845968 0.788691
vt 0.845971 0.554074
vt 0.845968 0.804804
vt 0.840211 0.788691
vt 0.840214 0.554074
vt 0.840211 0.804804
vt 0.834454 0.788691
vt 0.834457 0.554074
vt 0.834454 0.804804
vt 0.828697 0.788691
vt 0.828700 0.554074
vt 0.828697 0.804804
vt 0.822940 0.788691
vt 0.822943 0.554074
vt 0.822939 0.804804
vt 0.817182 0.788691
vt 0.817187 0.554074
vt 0.817182 0.804804
vt 0.811425 0.788691
vt 0.811430 0.554074
vt 0.811425 0.804804
vt 0.805668 0.788691
vt 0.805673 0.554074
vt 0.805668 0.804804
vt 0.799911 0.788691
vt 0.799916 0.554074
vt 0.799910 0.804803
vt 0.794153 0.788690
vt 0.794159 0.554074
vt 0.794153 0.804803
vt 0.788396 0.788690
vt 0.788402 0.554074
vt 0.788396 0.804803
vt 0.782639 0.788690
vt 0.782646 0.554074
vt 0.782639 0.804803
vt 0.961108 0.554073
vt 0.943837 0.554074
vt 0.863241 0.554074
vt 0.868998 0.554074
vt 0.874755 0.554074
vt 0.880512 0.554074
vt 0.886269 0.554074
vt 0.892026 0.554074
vt 0.897783 0.554074
vt 0.903539 0.554074
vt 0.909296 0.554074
vt 0.915053 0.554074
vt 0.920810 0.554074
vt 0.926567 0.554074
vt 0.932324 0.554074
vt 0.938081 0.554074
vt 0.966865 0.554074
vt 0.961108 0.537962
vt 0.966864 0.537962
vt 0.949599 0.811538
vt 0.955356 0.811538
vt 0.932324 0.537962
vt 0.938080 0.537962
vt 0.938084 0.811538
vt 0.943842 0.811538
vt 0.926567 0.537962
vt 0.932327 0.811538
vt 0.920810 0.537962
vt 0.926570 0.811538
vt 0.915053 0.537962
vt 0.920813 0.811538
vt 0.909296 0.537962
vt 0.915055 0.811538
vt 0.903539 0.537962
vt 0.909298 0.811538
vt 0.897783 0.537962
vt 0.903541 0.811539
vt 0.892026 0.537963
vt 0.897784 0.811539
vt 0.886269 0.537963
vt 0.892026 0.811539
vt 0.880512 0.537963
vt 0.886269 0.811539
vt 0.874755 0.537963
vt 0.880512 0.811539
vt 0.868998 0.537963
vt 0.874754 0.811539
vt 0.863241 0.537963
vt 0.868997 0.811539
vt 0.857485 0.537962
vt 0.863240 0.811539
vt 0.851728 0.537962
vt 0.857483 0.811539
vt 0.845971 0.537962
vt 0.851725 0.811538
vt 0.840214 0.537962
vt 0.845968 0.811538
vt 0.834457 0.537962
vt 0.840211 0.811538
vt 0.828700 0.537962
vt 0.834454 0.811538
vt 0.822944 0.537962
vt 0.828696 0.811538
vt 0.817187 0.537962
vt 0.822939 0.811538
vt 0.811430 0.537962
vt 0.817182 0.811538
vt 0.805673 0.537962
vt 0.811425 0.811538
vt 0.799916 0.537962
vt 0.805667 0.811538
vt 0.794159 0.537962
vt 0.799910 0.811538
vt 0.788403 0.537962
vt 0.794153 0.811537
vt 0.782646 0.537962
vt 0.788396 0.811537
vt 0.782638 0.811537
vt 0.943837 0.537962
vt 0.961113 0.811538
vt 0.966871 0.811538
vt 0.949594 0.531228
vt 0.955351 0.531228
vt 0.961108 0.531228
vt 0.966864 0.531228
vt 0.938080 0.531228
vt 0.943837 0.531228
vt 0.943842 0.817315
vt 0.949599 0.817315
vt 0.932323 0.531228
vt 0.938085 0.817315
vt 0.926567 0.531229
vt 0.932327 0.817315
vt 0.920810 0.531229
vt 0.926570 0.817315
vt 0.915053 0.531229
vt 0.920813 0.817315
vt 0.909296 0.531229
vt 0.915055 0.817315
vt 0.903539 0.531229
vt 0.909298 0.817315
vt 0.897783 0.531229
vt 0.903541 0.817315
vt 0.892026 0.531229
vt 0.897784 0.817315
vt 0.886269 0.531229
vt 0.892026 0.817315
vt 0.880512 0.531229
vt 0.886269 0.817315
vt 0.874755 0.531229
vt 0.880512 0.817315
vt 0.868998 0.531229
vt 0.874754 0.817315
vt 0.863241 0.531229
vt 0.868997 0.817315
vt 0.857485 0.531229
vt 0.863240 0.817315
vt 0.851728 0.531229
vt 0.857483 0.817315
vt 0.845971 0.531229
vt 0.851725 0.817315
vt 0.840214 0.531229
vt 0.845968 0.817315
vt 0.834457 0.531229
vt 0.840211 0.817315
vt 0.828700 0.531229
vt 0.834454 0.817315
vt 0.822944 0.531228
vt 0.828696 0.817315
vt 0.817187 0.531228
vt 0.822939 0.817315
vt 0.811430 0.531228
vt 0.817182 0.817315
vt 0.805673 0.531228
vt 0.811425 0.817315
vt 0.799916 0.531228
vt 0.805667 0.817315
vt 0.794160 0.531228
vt 0.799910 0.817314
vt 0.788403 0.531228
vt 0.794153 0.817314
vt 0.782646 0.531228
vt 0.788396 0.817314
vt 0.782638 0.817314
vt 0.955356 0.817315
vt 0.955357 0.838141
vt 0.949599 0.838141
vt 0.943842 0.838141
vt 0.938085 0.838141
vt 0.932328 0.838141
vt 0.926570 0.838142
vt 0.920813 0.838142
vt 0.915056 0.838142
vt 0.909298 0.838142
vt 0.903541 0.838142
vt 0.897784 0.838142
vt 0.892026 0.838142
vt 0.886269 0.838142
vt 0.880512 0.838142
vt 0.874754 0.838142
vt 0.868997 0.838142
vt 0.863240 0.838142
vt 0.857482 0.838142
vt 0.851725 0.838142
vt 0.845968 0.838142
vt 0.840211 0.838142
vt 0.834453 0.838141
vt 0.828696 0.838141
vt 0.822939 0.838141
vt 0.817181 0.838141
vt 0.811424 0.838141
vt 0.805667 0.838141
vt 0.799910 0.838141
vt 0.794152 0.838140
vt 0.788395 0.838140
vt 0.782638 0.838140
vn -0.1951 0.0000 -0.9808
vn -0.1914 0.1936 -0.9622
vn 0.0000 0.1936 -0.9810
vn 0.0000 0.0000 -1.0000
vn 0.0000 1.0000 0.0000
vn 0.0788 0.9786 -0.1902
vn 0.0402 0.9786 -0.2019
vn 0.1455 0.9786 -0.1456
vn 0.1144 0.9786 -0.1711
vn 0.1711 0.9786 -0.1144
vn 0.1902 0.9786 -0.0788
vn 0.2019 0.9786 -0.0401
vn 0.2058 0.9786 0.0000
vn 0.2019 0.9786 0.0402
vn 0.1902 0.9786 0.0788
vn 0.1711 0.9786 0.1144
vn 0.1455 0.9786 0.1456
vn 0.1144 0.9786 0.1711
vn 0.0788 0.9786 0.1902
vn 0.0402 0.9786 0.2019
vn 0.0000 0.9786 0.2058
vn -0.0402 0.9786 0.2019
vn -0.0788 0.9786 0.1902
vn -0.1144 0.9786 0.1711
vn -0.1455 0.9786 0.1455
vn -0.1711 0.9786 0.1144
vn -0.1902 0.9786 0.0788
vn -0.2019 0.9786 0.0401
vn -0.2058 0.9786 0.0000
vn -0.2019 0.9786 -0.0402
vn -0.1902 0.9786 -0.0788
vn -0.1711 0.9786 -0.1144
vn -0.1455 0.9786 -0.1455
vn -0.1144 0.9786 -0.1711
vn -0.0788 0.9786 -0.1902
vn -0.0402 0.9786 -0.2019
vn 0.0000 0.9786 -0.2058
vn -0.1914 -0.1936 -0.9622
vn 0.0000 -0.1936 -0.9810
vn 0.1951 0.0000 -0.9808
vn 0.1914 0.1936 -0.9622
vn 0.3754 0.1936 -0.9064
vn 0.3827 0.0000 -0.9239
vn 0.5450 0.1936 -0.8157
vn 0.5556 0.0000 -0.8314
vn 0.6937 0.1936 -0.6937
vn 0.7071 0.0000 -0.7071
vn 0.8157 0.1936 -0.5450
vn 0.8314 0.0000 -0.5556
vn 0.9064 0.1936 -0.3754
vn 0.9239 0.0000 -0.3827
vn 0.9622 0.1936 -0.1914
vn 0.9808 0.0000 -0.1951
vn 0.9810 0.1936 0.0000
vn 1.0000 0.0000 0.0000
vn 0.9622 0.1936 0.1914
vn 0.9808 0.0000 0.1951
vn 0.9064 0.1936 0.3754
vn 0.9239 0.0000 0.3827
vn 0.8157 0.1936 0.5450
vn 0.8314 0.0000 0.5556
vn 0.6937 0.1936 0.6937
vn 0.7071 0.0000 0.7071
vn 0.5450 0.1936 0.8157
vn 0.5556 0.0000 0.8314
vn 0.3754 0.1936 0.9064
vn 0.3827 0.0000 0.9239
vn 0.1914 0.1936 0.9622
vn 0.1951 0.0000 0.9808
vn 0.0000 0.1936 0.9810
vn 0.0000 0.0000 1.0000
vn -0.1914 0.1936 0.9622
vn -0.1951 0.0000 0.9808
vn -0.3754 0.1936 0.9064
vn -0.3827 0.0000 0.9239
vn -0.5450 0.1936 0.8157
vn -0.5556 0.0000 0.8314
vn -0.6937 0.1936 0.6937
vn -0.7071 0.0000 0.7071
vn -0.8157 0.1936 0.5450
vn -0.8314 0.0000 0.5556
vn -0.9064 0.1936 0.3754
vn -0.9239 0.0000 0.3827
vn -0.9622 0.1936 0.1914
vn -0.9808 0.0000 0.1951
vn -0.9810 0.1936 0.0000
vn -1.0000 0.0000 0.0000
vn -0.9622 0.1936 -0.1914
vn -0.9808 0.0000 -0.1951
vn -0.9064 0.1936 -0.3754
vn -0.9239 0.0000 -0.3827
vn -0.8157 0.1936 -0.5450
vn -0.8314 0.0000 -0.5556
vn -0.6937 0.1936 -0.6937
vn -0.7071 0.0000 -0.7071
vn -0.5450 0.1936 -0.8157
vn -0.5556 0.0000 -0.8314
vn -0.3754 0.1936 -0.9064
vn -0.3827 0.0000 -0.9239
vn 0.3711 0.2438 -0.8960
vn 0.1892 0.2438 -0.9512
vn 0.1783 0.4055 -0.8965
vn 0.3498 0.4055 -0.8445
vn -0.5388 0.2438 0.8064
vn -0.3711 0.2438 0.8960
vn -0.3498 0.4055 0.8445
vn -0.5078 0.4055 0.7600
vn 0.8960 0.2438 -0.3711
vn 0.8064 0.2438 -0.5388
vn 0.7600 0.4055 -0.5078
vn 0.8445 0.4055 -0.3498
vn 0.5388 0.2438 -0.8064
vn 0.5078 0.4055 -0.7600
vn -0.6858 0.2438 0.6858
vn -0.6464 0.4055 0.6464
vn 0.9512 0.2438 -0.1892
vn 0.8965 0.4055 -0.1783
vn -0.8064 0.2438 0.5388
vn -0.7600 0.4055 0.5078
vn 0.9698 0.2438 0.0000
vn 0.9141 0.4055 0.0000
vn -0.8960 0.2438 0.3711
vn -0.8445 0.4055 0.3498
vn 0.9512 0.2438 0.1892
vn 0.8965 0.4055 0.1783
vn -0.9512 0.2438 0.1892
vn -0.8965 0.4055 0.1783
vn 0.8960 0.2438 0.3711
vn 0.8445 0.4055 0.3498
vn -0.9698 0.2438 0.0000
vn -0.9141 0.4055 0.0000
vn 0.8064 0.2438 0.5388
vn 0.7600 0.4055 0.5078
vn -0.9512 0.2438 -0.1892
vn -0.8965 0.4055 -0.1783
vn 0.6858 0.2438 0.6858
vn 0.6464 0.4055 0.6464
vn -0.8960 0.2438 -0.3711
vn -0.8445 0.4055 -0.3498
vn 0.5388 0.2438 0.8064
vn 0.5078 0.4055 0.7600
vn -0.8064 0.2438 -0.5388
vn -0.7600 0.4055 -0.5078
vn 0.3711 0.2438 0.8960
vn 0.3498 0.4055 0.8445
vn -0.6858 0.2438 -0.6858
vn -0.6464 0.4055 -0.6464
vn 0.1892 0.2438 0.9512
vn 0.1783 0.4055 0.8965
vn 0.0359 0.9829 -0.1803
vn 0.0000 0.9829 -0.1838
vn -0.0359 0.9829 -0.1803
vn -0.0703 0.9829 -0.1698
vn -0.1021 0.9829 -0.1529
vn -0.1300 0.9829 -0.1300
vn -0.1529 0.9829 -0.1021
vn -0.1698 0.9829 -0.0703
vn -0.1803 0.9829 -0.0359
vn -0.1838 0.9829 0.0000
vn -0.1803 0.9829 0.0359
vn -0.1698 0.9829 0.0703
vn -0.1529 0.9829 0.1021
vn -0.1300 0.9829 0.1300
vn -0.1021 0.9829 0.1529
vn -0.0703 0.9829 0.1698
vn -0.0359 0.9829 0.1803
vn 0.0000 0.9829 0.1838
vn 0.0359 0.9829 0.1803
vn 0.0703 0.9829 0.1698
vn 0.1021 0.9829 0.1528
vn 0.1300 0.9829 0.1300
vn 0.1529 0.9829 0.1021
vn 0.1698 0.9829 0.0703
vn 0.1803 0.9829 0.0359
vn 0.1838 0.9829 0.0000
vn 0.1803 0.9829 -0.0359
vn 0.1698 0.9829 -0.0703
vn 0.1529 0.9829 -0.1021
vn 0.1300 0.9829 -0.1300
vn 0.1021 0.9829 -0.1529
vn 0.0703 0.9829 -0.1698
vn -0.5388 0.2438 -0.8064
vn -0.5078 0.4055 -0.7600
vn 0.0000 0.2438 0.9698
vn 0.0000 0.4055 0.9141
vn 0.0000 0.2438 -0.9698
vn -0.1892 0.2438 -0.9512
vn -0.1783 0.4055 -0.8965
vn 0.0000 0.4055 -0.9141
vn -0.3711 0.2438 -0.8960
vn -0.3498 0.4055 -0.8445
vn -0.1892 0.2438 0.9512
vn -0.1783 0.4055 0.8965
vn 0.6858 0.2438 -0.6858
vn 0.6464 0.4055 -0.6464
vn 0.0000 -0.9785 -0.2059
vn 0.0402 -0.9785 -0.2019
vn 0.0788 -0.9786 -0.1902
vn 0.1144 -0.9786 -0.1712
vn 0.1456 -0.9786 -0.1456
vn 0.1712 -0.9785 -0.1144
vn 0.1902 -0.9785 -0.0788
vn 0.2019 -0.9786 -0.0402
vn 0.2059 -0.9786 0.0000
vn 0.2019 -0.9786 0.0402
vn 0.1902 -0.9786 0.0788
vn 0.1712 -0.9786 0.1144
vn 0.1456 -0.9786 0.1456
vn 0.1144 -0.9785 0.1712
vn 0.0788 -0.9786 0.1902
vn 0.0402 -0.9786 0.2019
vn 0.0000 -0.9785 0.2059
vn -0.0402 -0.9786 0.2019
vn -0.0788 -0.9786 0.1902
vn -0.1144 -0.9785 0.1712
vn -0.1456 -0.9786 0.1456
vn -0.1712 -0.9785 0.1144
vn -0.1902 -0.9785 0.0788
vn -0.2019 -0.9786 0.0402
vn -0.2059 -0.9786 0.0000
vn -0.2019 -0.9786 -0.0402
vn -0.1902 -0.9785 -0.0788
vn -0.1712 -0.9785 -0.1144
vn -0.1456 -0.9785 -0.1456
vn -0.1144 -0.9785 -0.1712
vn -0.0788 -0.9786 -0.1902
vn -0.0402 -0.9786 -0.2019
vn 0.3754 -0.1936 -0.9064
vn 0.5450 -0.1936 -0.8157
vn 0.6937 -0.1936 -0.6937
vn 0.8157 -0.1936 -0.5450
vn 0.9064 -0.1936 -0.3754
vn 0.9622 -0.1936 -0.1914
vn 0.9810 -0.1936 0.0000
vn 0.9622 -0.1936 0.1914
vn 0.9064 -0.1936 0.3754
vn 0.8157 -0.1936 0.5450
vn 0.6937 -0.1936 0.6937
vn 0.5450 -0.1936 0.8157
vn 0.3754 -0.1936 0.9064
vn 0.1914 -0.1936 0.9622
vn 0.0000 -0.1936 0.9810
vn -0.1914 -0.1936 0.9622
vn -0.3754 -0.1936 0.9064
vn -0.5450 -0.1936 0.8157
vn -0.6937 -0.1936 0.6937
vn -0.8157 -0.1936 0.5450
vn -0.9064 -0.1936 0.3754
vn -0.9622 -0.1936 0.1914
vn -0.9810 -0.1936 0.0000
vn -0.9622 -0.1936 -0.1914
vn -0.9064 -0.1936 -0.3754
vn -0.8157 -0.1936 -0.5450
vn -0.6937 -0.1936 -0.6937
vn -0.5450 -0.1936 -0.8157
vn -0.3754 -0.1936 -0.9064
vn 0.1914 -0.1936 -0.9622
vn 0.0000 0.5625 -0.8267
vn 0.1613 0.5626 -0.8108
vn 0.0666 0.9398 -0.3349
vn 0.0000 0.9399 -0.3415
vn 0.3164 0.5626 -0.7638
vn 0.1307 0.9399 -0.3155
vn 0.4593 0.5625 -0.6874
vn 0.1897 0.9398 -0.2839
vn 0.5846 0.5625 -0.5846
vn 0.2415 0.9398 -0.2415
vn 0.6874 0.5625 -0.4593
vn 0.2839 0.9398 -0.1897
vn 0.7638 0.5625 -0.3164
vn 0.3155 0.9398 -0.1307
vn 0.8108 0.5625 -0.1613
vn 0.3349 0.9398 -0.0666
vn 0.8267 0.5625 0.0000
vn 0.3415 0.9398 0.0000
vn 0.8108 0.5625 0.1613
vn 0.3349 0.9398 0.0666
vn 0.7638 0.5626 0.3164
vn 0.3155 0.9398 0.1307
vn 0.6874 0.5625 0.4593
vn 0.2839 0.9398 0.1897
vn 0.5846 0.5625 0.5846
vn 0.2415 0.9398 0.2415
vn 0.4593 0.5626 0.6874
vn 0.1897 0.9398 0.2839
vn 0.3164 0.5626 0.7638
vn 0.1307 0.9398 0.3155
vn 0.1613 0.5626 0.8108
vn 0.0666 0.9398 0.3349
vn 0.0000 0.5625 0.8267
vn 0.0000 0.9398 0.3415
vn -0.1613 0.5625 0.8108
vn -0.0666 0.9399 0.3349
vn -0.3164 0.5625 0.7638
vn -0.1307 0.9399 0.3155
vn -0.4593 0.5625 0.6874
vn -0.1897 0.9398 0.2839
vn -0.5846 0.5625 0.5846
vn -0.2415 0.9398 0.2415
vn -0.6874 0.5626 0.4593
vn -0.2839 0.9398 0.1897
vn -0.7638 0.5625 0.3164
vn -0.3155 0.9398 0.1307
vn -0.8108 0.5625 0.1613
vn -0.3349 0.9398 0.0666
vn -0.8267 0.5625 0.0000
vn -0.3415 0.9398 0.0000
vn -0.8108 0.5625 -0.1613
vn -0.3349 0.9398 -0.0666
vn -0.7638 0.5625 -0.3164
vn -0.3155 0.9398 -0.1307
vn -0.6874 0.5625 -0.4593
vn -0.2839 0.9398 -0.1897
vn -0.5846 0.5625 -0.5846
vn -0.2415 0.9398 -0.2415
vn -0.4593 0.5625 -0.6874
vn -0.1897 0.9398 -0.2839
vn -0.3164 0.5626 -0.7638
vn -0.1307 0.9398 -0.3155
vn -0.1613 0.5625 -0.8108
vn -0.0666 0.9399 -0.3349
vn 0.0000 0.3842 -0.9232
vn 0.1801 0.3842 -0.9055
vn 0.0743 0.9245 -0.3738
vn 0.0000 0.9245 -0.3811
vn 0.3533 0.3842 -0.8529
vn 0.1458 0.9245 -0.3521
vn 0.5129 0.3842 -0.7676
vn 0.2117 0.9245 -0.3168
vn 0.6528 0.3842 -0.6528
vn 0.2694 0.9245 -0.2694
vn 0.7676 0.3842 -0.5129
vn 0.3168 0.9245 -0.2117
vn 0.8529 0.3842 -0.3533
vn 0.3521 0.9245 -0.1458
vn 0.9055 0.3842 -0.1801
vn 0.3738 0.9245 -0.0743
vn 0.9232 0.3842 0.0000
vn 0.3811 0.9245 0.0000
vn 0.9055 0.3842 0.1801
vn 0.3738 0.9245 0.0743
vn 0.8529 0.3842 0.3533
vn 0.3521 0.9245 0.1458
vn 0.7676 0.3842 0.5129
vn 0.3168 0.9245 0.2117
vn 0.6528 0.3842 0.6528
vn 0.2694 0.9245 0.2694
vn 0.5129 0.3842 0.7676
vn 0.2117 0.9245 0.3168
vn 0.3533 0.3842 0.8529
vn 0.1458 0.9245 0.3521
vn 0.1801 0.3842 0.9055
vn 0.0743 0.9245 0.3738
vn 0.0000 0.3842 0.9232
vn 0.0000 0.9245 0.3811
vn -0.1801 0.3842 0.9055
vn -0.0743 0.9245 0.3738
vn -0.3533 0.3842 0.8529
vn -0.1458 0.9245 0.3521
vn -0.5129 0.3842 0.7676
vn -0.2117 0.9245 0.3168
vn -0.6528 0.3842 0.6528
vn -0.2694 0.9245 0.2694
vn -0.7676 0.3842 0.5129
vn -0.3168 0.9245 0.2117
vn -0.8529 0.3842 0.3533
vn -0.3521 0.9245 0.1458
vn -0.9055 0.3842 0.1801
vn -0.3738 0.9245 0.0743
vn -0.9232 0.3842 0.0000
vn -0.3811 0.9245 0.0000
vn -0.9055 0.3842 -0.1801
vn -0.3738 0.9245 -0.0743
vn -0.8529 0.3842 -0.3533
vn -0.3521 0.9245 -0.1458
vn -0.7676 0.3842 -0.5129
vn -0.3168 0.9245 -0.2117
vn -0.6528 0.3842 -0.6528
vn -0.2694 0.9245 -0.2694
vn -0.5129 0.3842 -0.7676
vn -0.2117 0.9245 -0.3168
vn -0.3533 0.3842 -0.8529
vn -0.1458 0.9245 -0.3521
vn -0.1801 0.3842 -0.9055
vn -0.0743 0.9245 -0.3738
vn 0.1801 -0.3843 -0.9055
vn 0.0000 -0.3843 -0.9232
vn 0.0000 -0.9245 -0.3811
vn 0.0743 -0.9245 -0.3738
vn 0.3533 -0.3843 -0.8529
vn 0.1458 -0.9245 -0.3521
vn 0.5129 -0.3842 -0.7676
vn 0.2117 -0.9245 -0.3169
vn 0.6528 -0.3843 -0.6528
vn 0.2695 -0.9245 -0.2695
vn 0.7676 -0.3843 -0.5129
vn 0.3169 -0.9245 -0.2117
vn 0.8529 -0.3843 -0.3533
vn 0.3521 -0.9245 -0.1458
vn 0.9055 -0.3843 -0.1801
vn 0.3738 -0.9245 -0.0743
vn 0.9232 -0.3843 0.0000
vn 0.3811 -0.9245 0.0000
vn 0.9055 -0.3843 0.1801
vn 0.3738 -0.9245 0.0743
vn 0.8529 -0.3843 0.3533
vn 0.3521 -0.9245 0.1458
vn 0.7676 -0.3843 0.5129
vn 0.3169 -0.9245 0.2117
vn 0.6528 -0.3843 0.6528
vn 0.2695 -0.9245 0.2695
vn 0.5129 -0.3842 0.7676
vn 0.2117 -0.9245 0.3169
vn 0.3533 -0.3842 0.8529
vn 0.1458 -0.9245 0.3521
vn 0.1801 -0.3843 0.9055
vn 0.0743 -0.9245 0.3738
vn 0.0000 -0.3842 0.9232
vn 0.0000 -0.9245 0.3811
vn -0.1801 -0.3843 0.9055
vn -0.0743 -0.9245 0.3738
vn -0.3533 -0.3843 0.8529
vn -0.1458 -0.9245 0.3521
vn -0.5129 -0.3842 0.7676
vn -0.2117 -0.9245 0.3169
vn -0.6528 -0.3843 0.6528
vn -0.2695 -0.9245 0.2695
vn -0.7676 -0.3843 0.5129
vn -0.3169 -0.9245 0.2117
vn -0.8529 -0.3843 0.3533
vn -0.3521 -0.9245 0.1458
vn -0.9055 -0.3843 0.1801
vn -0.3738 -0.9245 0.0743
vn -0.9232 -0.3843 0.0000
vn -0.3811 -0.9245 0.0000
vn -0.9055 -0.3843 -0.1801
vn -0.3738 -0.9245 -0.0743
vn -0.8529 -0.3843 -0.3533
vn -0.3521 -0.9245 -0.1458
vn -0.7676 -0.3843 -0.5129
vn -0.3169 -0.9245 -0.2117
vn -0.6528 -0.3843 -0.6528
vn -0.2695 -0.9245 -0.2695
vn -0.5129 -0.3842 -0.7676
vn -0.2117 -0.9245 -0.3169
vn -0.3533 -0.3843 -0.8529
vn -0.1458 -0.9245 -0.3521
vn -0.1801 -0.3843 -0.9055
vn -0.0743 -0.9245 -0.3738
vn 0.1456 0.9786 -0.1455
vn 0.1456 0.9786 0.1455
vn -0.1455 0.9786 0.1456
vn -0.2019 0.9786 0.0402
vn -0.1455 0.9786 -0.1456
vn -0.1144 0.9786 -0.1712
vn -0.1021 0.9829 -0.1528
vn -0.1021 0.9829 0.1528
vn 0.1528 0.9829 -0.1021
vn 0.0000 -0.9786 -0.2059
vn 0.0402 -0.9786 -0.2019
vn 0.0788 -0.9785 -0.1902
vn 0.1144 -0.9785 -0.1712
vn 0.2059 -0.9785 0.0000
vn 0.2019 -0.9785 0.0402
vn 0.0000 -0.9786 0.2059
vn -0.1902 -0.9786 0.0788
vn -0.2019 -0.9785 -0.0402
vn -0.1456 -0.9786 -0.1456
vn 0.0000 0.9398 -0.3415
vn 0.4593 0.5626 -0.6874
vn 0.8267 0.5626 0.0000
vn 0.8108 0.5626 0.1613
vn 0.5846 0.5626 0.5846
vn 0.3164 0.5625 0.7638
vn 0.1307 0.9399 0.3155
vn 0.1613 0.5625 0.8108
vn -0.0666 0.9398 0.3349
vn -0.3164 0.5626 0.7638
vn -0.6874 0.5626 -0.4593
vn -0.5846 0.5626 -0.5846
vn -0.1897 0.9399 -0.2839
vn -0.1307 0.9399 -0.3155
vn -0.0666 0.9398 -0.3349
vn 0.3533 0.3843 -0.8529
vn 0.6528 0.3843 -0.6528
vn 0.7676 0.3843 -0.5129
vn 0.3737 0.9245 -0.0743
vn 0.9055 0.3843 0.1801
vn 0.3737 0.9245 0.0743
vn 0.8529 0.3843 0.3533
vn 0.7676 0.3843 0.5129
vn 0.6528 0.3843 0.6528
vn -0.9232 0.3843 0.0000
vn -0.6528 0.3843 -0.6528
vn 0.1801 -0.3842 -0.9055
vn 0.6528 -0.3842 0.6528
vn 0.1801 -0.3842 0.9055
vn 0.0000 -0.3843 0.9232
vn -0.3533 -0.3842 0.8529
vn -0.6528 -0.3842 0.6528
vn -0.7676 -0.3842 0.5129
vn -0.8529 -0.3842 0.3533
vn -0.5129 -0.3843 -0.7676
vn -0.3533 -0.3842 -0.8529
vn 0.1456 0.9786 -0.1456
vn 0.2019 0.9786 -0.0402
vn 0.1712 0.9786 0.1144
vn -0.1456 0.9786 0.1455
vn -0.2019 0.9786 -0.0401
vn -0.1456 0.9786 -0.1455
vn 0.9811 0.1936 0.0000
vn 0.0000 0.1936 0.9811
vn 0.1712 -0.9786 -0.1144
vn 0.2019 -0.9785 -0.0402
vn 0.0788 -0.9785 0.1902
vn -0.0788 -0.9785 0.1902
vn -0.1712 -0.9786 0.1144
vn -0.2059 -0.9785 0.0000
vn -0.0788 -0.9785 -0.1902
vn 0.3164 0.5625 -0.7638
vn 0.1307 0.9398 -0.3155
vn 0.5846 0.5626 -0.5846
vn 0.6874 0.5626 -0.4593
vn 0.7638 0.5626 -0.3164
vn 0.8108 0.5626 -0.1613
vn 0.2415 0.9399 0.2415
vn 0.1897 0.9399 0.2839
vn 0.0000 0.9399 0.3415
vn -0.1307 0.9398 0.3155
vn -0.5846 0.5626 0.5846
vn -0.8108 0.5626 -0.1613
vn -0.7638 0.5626 -0.3164
vn -0.2415 0.9399 -0.2415
vn 0.5129 0.3843 -0.7676
vn 0.8529 0.3843 -0.3533
vn 0.3169 0.9245 0.2117
vn 0.2695 0.9245 0.2694
vn -0.5129 0.3843 0.7676
vn -0.6528 0.3843 0.6528
vn -0.7676 0.3843 -0.5129
vn -0.5129 0.3843 -0.7676
vn 0.5129 -0.3843 -0.7676
vn 0.9232 -0.3842 0.0000
vn -0.1801 -0.3842 0.9055
vn -0.5129 -0.3843 0.7676
vn -0.1801 -0.3842 -0.9055
vn 0.0000 0.1936 -0.9811
vn -0.2059 0.9786 0.0000
vn -0.1712 0.9786 -0.1144
vn -0.1528 0.9829 -0.1021
vn 0.1021 0.9829 -0.1528
vn 0.1902 -0.9786 -0.0788
vn -0.2019 -0.9785 0.0402
vn -0.1902 -0.9786 -0.0788
vn -0.1712 -0.9786 -0.1144
vn 0.0000 0.5626 -0.8267
vn 0.3349 0.9399 -0.0666
vn 0.7638 0.5625 0.3164
vn 0.4593 0.5625 0.6874
vn -0.6874 0.5625 0.4593
vn -0.1613 0.5626 -0.8108
vn -0.7676 0.3843 0.5129
vn -0.9055 0.3843 -0.1801
vn -0.8529 0.3843 -0.3533
vn -0.0743 0.9245 -0.3737
vn 0.6528 -0.3842 -0.6528
vn 0.7676 -0.3842 -0.5129
vn 0.7676 -0.3842 0.5129
vn 0.3533 -0.3843 0.8529
vn -0.9232 -0.3842 0.0000
vn -0.7676 -0.3842 -0.5129
vn -0.6528 -0.3842 -0.6528
vn 0.1455 0.9786 -0.1455
vn 0.1455 0.9786 0.1455
vn -0.9811 0.1936 0.0000
vn -0.8157 0.1936 -0.5451
vn 0.1528 0.9829 0.1021
vn 0.1712 -0.9785 0.1144
vn 0.1456 -0.9785 0.1456
vn 0.1144 -0.9786 0.1712
vn -0.1144 -0.9786 0.1712
vn -0.1144 -0.9786 -0.1712
vn 0.0666 0.9399 -0.3349
vn 0.1897 0.9399 -0.2839
vn 0.2839 0.9399 -0.1897
vn 0.3155 0.9399 -0.1306
vn 0.3415 0.9399 0.0000
vn 0.3349 0.9399 0.0666
vn -0.1897 0.9399 0.2839
vn -0.2839 0.9399 0.1897
vn -0.3155 0.9399 0.1306
vn -0.3349 0.9399 0.0666
vn -0.3415 0.9399 0.0000
vn -0.3349 0.9399 -0.0666
vn -0.2839 0.9399 -0.1897
vn 0.9055 0.3843 -0.1801
vn -0.3533 0.3843 0.8529
vn -0.8529 0.3843 0.3533
vn 0.0000 -0.3842 -0.9232
vn 0.3168 -0.9245 -0.2117
vn 0.8529 -0.3842 -0.3533
vn 0.9055 -0.3842 0.1801
vn 0.8529 -0.3842 0.3533
vn 0.2059 0.9786 0.0000
vn 0.2019 0.9786 0.0401
vn -0.1456 0.9786 0.1456
vn 0.8157 0.1935 -0.5451
vn 0.9064 0.1935 -0.3754
vn 0.8157 0.1936 0.5451
vn -0.8157 0.1936 0.5451
vn -0.9064 0.1935 0.3754
vn 0.1711 -0.9786 -0.1144
vn 0.2058 -0.9786 0.0000
vn -0.2058 -0.9786 0.0000
vn 0.8157 -0.1935 -0.5451
vn 0.8157 -0.1936 0.5451
vn -0.9811 -0.1936 0.0000
vn 0.0666 0.9399 0.3349
vn 0.0000 0.5626 0.8267
vn -0.3155 0.9399 0.1307
vn -0.8267 0.5626 0.0000
vn -0.3155 0.9399 -0.1307
vn -0.3164 0.5625 -0.7638
vn 0.8530 0.3842 -0.3533
vn 0.3520 0.9245 -0.1458
vn 0.9232 0.3844 0.0000
vn 0.8530 0.3842 0.3533
vn 0.3520 0.9245 0.1458
vn 0.5129 0.3843 0.7676
vn 0.3533 0.3843 0.8529
vn -0.1801 0.3843 0.9055
vn -0.8530 0.3842 0.3533
vn -0.3520 0.9245 0.1458
vn -0.8530 0.3842 -0.3533
vn -0.3520 0.9245 -0.1458
vn -0.3533 0.3843 -0.8529
vn -0.1801 0.3843 -0.9055
vn 0.7677 -0.3841 -0.5129
vn 0.9055 -0.3842 -0.1801
vn 0.8530 -0.3842 0.3533
vn 0.5129 -0.3843 0.7676
vn -0.8530 -0.3842 0.3533
vn -0.9055 -0.3842 0.1801
vn -0.9055 -0.3842 -0.1801
vn -0.8529 -0.3842 -0.3533
vn -0.2694 -0.9245 -0.2694
vn 0.0401 0.9786 -0.2019
vn 0.2059 0.9785 0.0000
vn -0.1902 0.9785 0.0788
vn -0.0401 0.9786 -0.2019
vn -0.1528 0.9829 0.1021
vn 0.1456 -0.9785 -0.1456
vn 0.1613 0.5625 -0.8108
vn -0.4593 0.5626 0.6874
vn -0.2415 0.9399 0.2415
vn -0.4593 0.5626 -0.6874
vn 0.1458 0.9245 -0.3520
vn 0.9232 0.3843 0.0000
vn -0.9055 0.3843 0.1801
vn -0.3737 0.9245 -0.0743
vn 0.3533 -0.3842 -0.8529
vn -0.2117 -0.9245 -0.3168
vn 0.1144 0.9786 -0.1712
vn -0.1144 0.9786 0.1712
vn -0.1456 0.9786 -0.1456
vn -0.8157 0.1935 0.5451
vn -0.9064 0.1935 -0.3754
vn -0.8157 0.1935 -0.5451
vn 0.1455 -0.9786 -0.1455
vn 0.1711 -0.9786 0.1144
vn 0.1455 -0.9786 0.1455
vn -0.2019 -0.9786 0.0401
vn 0.5451 -0.1936 -0.8157
vn 0.9622 -0.1935 -0.1914
vn 0.9811 -0.1935 0.0000
vn 0.9622 -0.1935 0.1914
vn -0.8157 -0.1936 0.5451
vn -0.8157 -0.1935 -0.5451
vn 0.2415 0.9399 -0.2415
vn 0.3155 0.9399 -0.1307
vn -0.1613 0.5626 0.8108
vn -0.8108 0.5626 0.1613
vn 0.1801 0.3843 -0.9055
vn 0.2117 0.9245 -0.3169
vn 0.2694 0.9245 -0.2695
vn 0.1801 0.3843 0.9055
vn -0.2117 0.9245 0.3169
vn -0.2695 0.9245 0.2695
vn -0.2695 0.9245 -0.2694
vn 0.6528 -0.3842 -0.6529
vn 0.2694 -0.9245 -0.2694
vn 0.9055 -0.3840 -0.1801
vn 0.3737 -0.9245 -0.0743
vn 0.9233 -0.3840 0.0000
vn 0.9055 -0.3840 0.1801
vn 0.3737 -0.9245 0.0743
vn 0.3168 -0.9245 0.2117
vn 0.2694 -0.9245 0.2694
vn -0.8530 -0.3842 -0.3533
vn -0.7677 -0.3841 -0.5129
usemtl Kreyons
s 1
f 64/1/1 287/2/2 196/3/3 33/4/4
f 2/5/5 5123/6/5 199/7/6 193/8/7
f 5124/9/5 5125/10/5 205/11/8 202/12/9
f 5125/10/5 5126/13/5 208/14/10 205/11/8
f 5126/13/5 5127/15/5 211/16/11 208/14/10
f 5127/15/5 5128/17/5 214/18/12 211/16/11
f 5128/17/5 5129/19/5 217/20/13 214/18/12
f 5129/19/5 5130/21/5 220/22/14 217/20/13
f 5130/21/5 5131/23/5 223/24/15 220/22/14
f 5131/23/5 5132/25/5 226/26/16 223/24/15
f 5132/25/5 5133/27/5 229/28/17 226/26/16
f 5133/27/5 5134/29/5 232/30/18 229/28/17
f 5134/29/5 5135/31/5 235/32/19 232/30/18
f 5135/31/5 5136/33/5 238/34/20 235/32/19
f 5136/33/5 5137/35/5 241/36/21 238/34/20
f 5137/35/5 5138/37/5 244/38/22 241/36/21
f 5138/37/5 5139/39/5 247/40/23 244/38/22
f 5139/39/5 5140/41/5 250/42/24 247/40/23
f 5140/41/5 5141/43/5 253/44/25 250/42/24
f 5141/43/5 5142/45/5 256/46/26 253/44/25
f 5142/45/5 5143/47/5 259/48/27 256/46/26
f 5143/47/5 5144/49/5 262/50/28 259/48/27
f 5144/49/5 5145/51/5 265/52/29 262/50/28
f 5145/51/5 5146/53/5 268/54/30 265/52/29
f 5146/53/5 5147/55/5 271/56/31 268/54/30
f 5147/55/5 5148/57/5 274/58/32 271/56/31
f 5148/57/5 5149/59/5 277/60/33 274/58/32
f 5149/59/5 5150/61/5 280/62/34 277/60/33
f 5150/61/5 5151/63/5 283/64/35 280/62/34
f 5151/63/5 5152/65/5 286/66/36 283/64/35
f 5152/65/5 1/67/5 197/68/37 286/66/36
f 383/69/38 95/70/1 96/71/4 290/72/39
f 34/73/40 194/74/41 200/75/42 35/76/43
f 33/77/4 196/78/3 194/74/41 34/73/40
f 35/76/43 200/75/42 203/79/44 36/80/45
f 36/80/45 203/79/44 206/81/46 37/82/47
f 37/82/47 206/81/46 209/83/48 38/84/49
f 38/84/49 209/83/48 212/85/50 39/86/51
f 39/86/51 212/85/50 215/87/52 40/88/53
f 40/88/53 215/87/52 218/89/54 41/90/55
f 41/90/55 218/89/54 221/91/56 42/92/57
f 42/92/57 221/91/56 224/93/58 43/94/59
f 43/94/59 224/93/58 227/95/60 44/96/61
f 44/96/61 227/95/60 230/97/62 45/98/63
f 45/98/63 230/97/62 233/99/64 46/100/65
f 46/100/65 233/99/64 236/101/66 47/102/67
f 47/102/67 236/101/66 239/103/68 48/104/69
f 48/104/69 239/103/68 242/105/70 49/106/71
f 49/106/71 242/105/70 245/107/72 50/108/73
f 50/108/73 245/107/72 248/109/74 51/110/75
f 51/110/75 248/109/74 251/111/76 52/112/77
f 52/112/77 251/111/76 254/113/78 53/114/79
f 53/114/79 254/113/78 257/115/80 54/116/81
f 54/116/81 257/115/80 260/117/82 55/118/83
f 55/118/83 260/117/82 263/119/84 56/120/85
f 56/120/85 263/119/84 266/121/86 57/122/87
f 57/122/87 266/121/86 269/123/88 58/124/89
f 58/124/89 269/123/88 272/125/90 59/126/91
f 59/126/91 272/125/90 275/127/92 60/128/93
f 60/128/93 275/127/92 278/129/94 61/130/95
f 61/130/95 278/129/94 281/131/96 62/132/97
f 62/132/97 281/131/96 284/133/98 63/134/99
f 63/134/99 284/133/98 287/2/2 64/1/1
f 5123/6/5 5124/9/5 202/12/9 199/7/6
f 3/135/100 5121/136/101 98/137/102 104/138/103
f 20/139/104 19/140/105 152/141/106 155/142/107
f 7/143/108 6/144/109 113/145/110 116/146/111
f 4/147/112 3/135/100 104/138/103 107/148/113
f 21/149/114 20/139/104 155/142/107 158/150/115
f 8/151/116 7/143/108 116/146/111 119/152/117
f 22/153/118 21/149/114 158/150/115 161/154/119
f 9/155/120 8/151/116 119/152/117 122/156/121
f 23/157/122 22/153/118 161/154/119 164/158/123
f 10/159/124 9/155/120 122/156/121 125/160/125
f 24/161/126 23/157/122 164/158/123 167/162/127
f 11/163/128 10/159/124 125/160/125 128/164/129
f 25/165/130 24/161/126 167/162/127 170/166/131
f 12/167/132 11/163/128 128/164/129 131/168/133
f 26/169/134 25/165/130 170/166/131 173/170/135
f 13/171/136 12/167/132 131/168/133 134/172/137
f 27/173/138 26/169/134 173/170/135 176/174/139
f 14/175/140 13/171/136 134/172/137 137/176/141
f 28/177/142 27/173/138 176/174/139 179/178/143
f 15/179/144 14/175/140 137/176/141 140/180/145
f 29/181/146 28/177/142 179/178/143 182/182/147
f 16/183/148 15/179/144 140/180/145 143/184/149
f 97/185/150 101/186/151 190/187/152 187/188/153 184/189/154 181/190/155 178/191/156 175/192/157 172/193/158 169/194/159 166/195/160 163/196/161 160/197/162 157/198/163 154/199/164 151/200/165 148/201/166 145/202/167 142/203/168 139/204/169 136/205/170 133/206/171 130/207/172 127/208/173 124/209/174 121/210/175 118/211/176 115/212/177 112/213/178 109/214/179 106/215/180 103/216/181
f 30/217/182 29/181/146 182/182/147 185/218/183
f 17/219/184 16/183/148 143/184/149 146/220/185
f 5122/221/186 32/222/187 191/223/188 100/224/189
f 31/225/190 30/217/182 185/218/183 188/226/191
f 18/227/192 17/219/184 146/220/185 149/228/193
f 5/229/194 4/147/112 107/148/113 110/230/195
f 32/222/187 31/225/190 188/226/191 191/223/188
f 19/140/105 18/227/192 149/228/193 152/141/106
f 6/144/109 5/229/194 110/230/195 113/145/110
f 289/231/196 292/232/197 295/233/198 298/234/199 301/235/200 304/236/201 307/237/202 310/238/203 313/239/204 316/240/205 319/241/206 322/242/207 325/243/208 328/244/209 331/245/210 334/246/211 337/247/212 340/248/213 343/249/214 346/250/215 349/251/216 352/252/217 355/253/218 358/254/219 361/255/220 364/256/221 367/257/222 370/258/223 373/259/224 376/260/225 379/261/226 382/262/227
f 296/263/228 66/264/43 67/265/45 299/266/229
f 299/266/229 67/265/45 68/267/47 302/268/230
f 302/268/230 68/267/47 69/269/49 305/270/231
f 305/270/231 69/269/49 70/271/51 308/272/232
f 308/272/232 70/271/51 71/273/53 311/274/233
f 311/274/233 71/273/53 72/275/55 314/276/234
f 314/276/234 72/275/55 73/277/57 317/278/235
f 317/278/235 73/277/57 74/279/59 320/280/236
f 320/280/236 74/279/59 75/281/61 323/282/237
f 323/282/237 75/281/61 76/283/63 326/284/238
f 326/284/238 76/283/63 77/285/65 329/286/239
f 329/286/239 77/285/65 78/287/67 332/288/240
f 332/288/240 78/287/67 79/289/69 335/290/241
f 335/290/241 79/289/69 80/291/71 338/292/242
f 338/292/242 80/291/71 81/293/73 341/294/243
f 341/294/243 81/293/73 82/295/75 344/296/244
f 344/296/244 82/295/75 83/297/77 347/298/245
f 347/298/245 83/297/77 84/299/79 350/300/246
f 350/300/246 84/299/79 85/301/81 353/302/247
f 353/302/247 85/301/81 86/303/83 356/304/248
f 356/304/248 86/303/83 87/305/85 359/306/249
f 359/306/249 87/305/85 88/307/87 362/308/250
f 362/308/250 88/307/87 89/309/89 365/310/251
f 365/310/251 89/309/89 90/311/91 368/312/252
f 368/312/252 90/311/91 91/313/93 371/314/253
f 371/314/253 91/313/93 92/315/95 374/316/254
f 374/316/254 92/315/95 93/317/97 377/318/255
f 377/318/255 93/317/97 94/319/99 380/320/256
f 380/320/256 94/319/99 95/70/1 383/69/38
f 293/321/257 65/322/40 66/264/43 296/263/228
f 580/323/1 64/324/1 33/325/4 577/326/4
f 582/327/99 63/328/99 64/324/1 580/323/1
f 584/329/97 62/330/97 63/328/99 582/327/99
f 586/331/95 61/332/95 62/330/97 584/329/97
f 588/333/93 60/334/93 61/332/95 586/331/95
f 590/335/91 59/336/91 60/334/93 588/333/93
f 592/337/89 58/338/89 59/336/91 590/335/91
f 594/339/87 57/340/87 58/338/89 592/337/89
f 596/341/85 56/342/85 57/340/87 594/339/87
f 598/343/83 55/344/83 56/342/85 596/341/85
f 600/345/81 54/346/81 55/344/83 598/343/83
f 602/347/79 53/348/79 54/346/81 600/345/81
f 604/349/77 52/350/77 53/348/79 602/347/79
f 606/351/75 51/352/75 52/350/77 604/349/77
f 608/353/73 50/354/73 51/352/75 606/351/75
f 610/355/71 49/356/71 50/354/73 608/353/73
f 612/357/69 48/358/69 49/356/71 610/355/71
f 614/359/67 47/360/67 48/358/69 612/357/69
f 616/361/65 46/362/65 47/360/67 614/359/67
f 618/363/63 45/364/63 46/362/65 616/361/65
f 620/365/61 44/366/61 45/364/63 618/363/63
f 622/367/59 43/368/59 44/366/61 620/365/61
f 624/369/57 42/370/57 43/368/59 622/367/59
f 626/371/55 41/372/55 42/370/57 624/369/57
f 628/373/53 40/374/53 41/372/55 626/371/55
f 630/375/51 39/376/51 40/374/53 628/373/53
f 632/377/49 38/378/49 39/376/51 630/375/51
f 634/379/47 37/380/47 38/378/49 632/377/49
f 636/381/45 36/382/45 37/380/47 634/379/47
f 638/383/43 35/384/43 36/382/45 636/381/45
f 640/385/40 34/386/40 35/384/43 638/383/43
f 577/387/4 33/388/4 34/386/40 640/385/40
f 98/137/102 100/389/189 5153/390/258 5154/391/259
f 99/392/260 102/393/261 101/394/151 97/395/150
f 104/138/103 98/137/102 5154/391/259 5155/396/262
f 105/397/263 99/392/260 97/395/150 103/398/181
f 107/148/113 104/138/103 5155/396/262 5156/399/264
f 108/400/265 105/397/263 103/398/181 106/401/180
f 110/230/195 107/148/113 5156/399/264 5157/402/266
f 111/403/267 108/400/265 106/401/180 109/404/179
f 113/145/110 110/230/195 5157/402/266 5158/405/268
f 114/406/269 111/403/267 109/404/179 112/407/178
f 116/146/111 113/145/110 5158/405/268 5159/408/270
f 117/409/271 114/406/269 112/407/178 115/410/177
f 119/152/117 116/146/111 5159/408/270 5160/411/272
f 120/412/273 117/409/271 115/410/177 118/413/176
f 122/156/121 119/152/117 5160/411/272 5161/414/274
f 123/415/275 120/412/273 118/413/176 121/416/175
f 125/160/125 122/156/121 5161/414/274 5162/417/276
f 126/418/277 123/415/275 121/416/175 124/419/174
f 128/164/129 125/160/125 5162/417/276 5163/420/278
f 129/421/279 126/418/277 124/419/174 127/422/173
f 131/168/133 128/164/129 5163/420/278 5164/423/280
f 132/424/281 129/421/279 127/422/173 130/425/172
f 134/172/137 131/168/133 5164/423/280 5165/426/282
f 135/427/283 132/424/281 130/425/172 133/428/171
f 137/176/141 134/172/137 5165/426/282 5166/429/284
f 138/430/285 135/427/283 133/428/171 136/431/170
f 140/180/145 137/176/141 5166/429/284 5167/432/286
f 141/433/287 138/430/285 136/431/170 139/434/169
f 143/184/149 140/180/145 5167/432/286 5168/435/288
f 144/436/289 141/433/287 139/434/169 142/437/168
f 146/220/185 143/184/149 5168/435/288 5169/438/290
f 147/439/291 144/436/289 142/437/168 145/440/167
f 149/228/193 146/220/185 5169/438/290 5170/441/292
f 150/442/293 147/439/291 145/440/167 148/443/166
f 152/141/106 149/228/193 5170/441/292 5171/444/294
f 153/445/295 150/442/293 148/443/166 151/446/165
f 155/142/107 152/141/106 5171/444/294 5172/447/296
f 156/448/297 153/445/295 151/446/165 154/449/164
f 158/150/115 155/142/107 5172/447/296 5173/450/298
f 159/451/299 156/448/297 154/449/164 157/452/163
f 161/154/119 158/150/115 5173/450/298 5174/453/300
f 162/454/301 159/451/299 157/452/163 160/455/162
f 164/158/123 161/154/119 5174/453/300 5175/456/302
f 165/457/303 162/454/301 160/455/162 163/458/161
f 167/162/127 164/158/123 5175/456/302 5176/459/304
f 168/460/305 165/457/303 163/458/161 166/461/160
f 170/166/131 167/162/127 5176/459/304 5177/462/306
f 171/463/307 168/460/305 166/461/160 169/464/159
f 173/170/135 170/166/131 5177/462/306 5178/465/308
f 174/466/309 171/463/307 169/464/159 172/467/158
f 176/174/139 173/170/135 5178/465/308 5179/468/310
f 177/469/311 174/466/309 172/467/158 175/470/157
f 179/178/143 176/174/139 5179/468/310 5180/471/312
f 180/472/313 177/469/311 175/470/157 178/473/156
f 182/182/147 179/178/143 5180/471/312 5181/474/314
f 183/475/315 180/472/313 178/473/156 181/476/155
f 185/218/183 182/182/147 5181/474/314 5182/477/316
f 186/478/317 183/475/315 181/476/155 184/479/154
f 188/226/191 185/218/183 5182/477/316 5183/480/318
f 189/481/319 186/478/317 184/479/154 187/482/153
f 191/223/188 188/226/191 5183/480/318 5184/483/320
f 192/484/321 189/481/319 187/482/153 190/485/152
f 100/224/189 191/223/188 5184/483/320 5153/486/258
f 102/487/261 192/484/321 190/485/152 101/488/151
f 5121/136/101 5122/489/186 100/389/189 98/137/102
f 194/74/41 196/78/3 5185/490/322 5186/491/323
f 195/492/324 198/493/325 197/494/37 193/8/7
f 200/75/42 194/74/41 5186/491/323 5187/495/326
f 201/496/327 195/492/324 193/8/7 199/7/6
f 203/79/44 200/75/42 5187/495/326 5188/497/328
f 204/498/329 201/496/327 199/7/6 202/12/9
f 206/81/46 203/79/44 5188/497/328 5189/499/330
f 207/500/331 204/498/329 202/12/9 205/11/8
f 209/83/48 206/81/46 5189/499/330 5190/501/332
f 210/502/333 207/500/331 205/11/8 208/14/10
f 212/85/50 209/83/48 5190/501/332 5191/503/334
f 213/504/335 210/502/333 208/14/10 211/16/11
f 215/87/52 212/85/50 5191/503/334 5192/505/336
f 216/506/337 213/504/335 211/16/11 214/18/12
f 218/89/54 215/87/52 5192/505/336 5193/507/338
f 219/508/339 216/506/337 214/18/12 217/20/13
f 221/91/56 218/89/54 5193/507/338 5194/509/340
f 222/510/341 219/508/339 217/20/13 220/22/14
f 224/93/58 221/91/56 5194/509/340 5195/511/342
f 225/512/343 222/510/341 220/22/14 223/24/15
f 227/95/60 224/93/58 5195/511/342 5196/513/344
f 228/514/345 225/512/343 223/24/15 226/26/16
f 230/97/62 227/95/60 5196/513/344 5197/515/346
f 231/516/347 228/514/345 226/26/16 229/28/17
f 233/99/64 230/97/62 5197/515/346 5198/517/348
f 234/518/349 231/516/347 229/28/17 232/30/18
f 236/101/66 233/99/64 5198/517/348 5199/519/350
f 237/520/351 234/518/349 232/30/18 235/32/19
f 239/103/68 236/101/66 5199/519/350 5200/521/352
f 240/522/353 237/520/351 235/32/19 238/34/20
f 242/105/70 239/103/68 5200/521/352 5201/523/354
f 243/524/355 240/522/353 238/34/20 241/36/21
f 245/107/72 242/105/70 5201/523/354 5202/525/356
f 246/526/357 243/524/355 241/36/21 244/38/22
f 248/109/74 245/107/72 5202/525/356 5203/527/358
f 249/528/359 246/526/357 244/38/22 247/40/23
f 251/111/76 248/109/74 5203/527/358 5204/529/360
f 252/530/361 249/528/359 247/40/23 250/42/24
f 254/113/78 251/111/76 5204/529/360 5205/531/362
f 255/532/363 252/530/361 250/42/24 253/44/25
f 257/115/80 254/113/78 5205/531/362 5206/533/364
f 258/534/365 255/532/363 253/44/25 256/46/26
f 260/117/82 257/115/80 5206/533/364 5207/535/366
f 261/536/367 258/534/365 256/46/26 259/48/27
f 263/119/84 260/117/82 5207/535/366 5208/537/368
f 264/538/369 261/536/367 259/48/27 262/50/28
f 266/121/86 263/119/84 5208/537/368 5209/539/370
f 267/540/371 264/538/369 262/50/28 265/52/29
f 269/123/88 266/121/86 5209/539/370 5210/541/372
f 270/542/373 267/540/371 265/52/29 268/54/30
f 272/125/90 269/123/88 5210/541/372 5211/543/374
f 273/544/375 270/542/373 268/54/30 271/56/31
f 275/127/92 272/125/90 5211/543/374 5212/545/376
f 276/546/377 273/544/375 271/56/31 274/58/32
f 278/129/94 275/127/92 5212/545/376 5213/547/378
f 279/548/379 276/546/377 274/58/32 277/60/33
f 281/131/96 278/129/94 5213/547/378 5214/549/380
f 282/550/381 279/548/379 277/60/33 280/62/34
f 284/133/98 281/131/96 5214/549/380 5215/551/382
f 285/552/383 282/550/381 280/62/34 283/64/35
f 287/2/2 284/133/98 5215/551/382 5216/553/384
f 288/554/385 285/552/383 283/64/35 286/66/36
f 196/3/3 287/2/2 5216/553/384 5185/555/322
f 198/556/325 288/554/385 286/66/36 197/68/37
f 1/557/5 2/5/5 193/8/7 197/494/37
f 290/558/39 293/321/257 5217/559/386 5218/560/387
f 291/561/388 294/562/389 292/563/197 289/564/196
f 293/321/257 296/263/228 5219/565/390 5217/559/386
f 294/562/389 297/566/391 295/567/198 292/563/197
f 296/263/228 299/266/229 5220/568/392 5219/565/390
f 297/566/391 300/569/393 298/570/199 295/567/198
f 299/266/229 302/268/230 5221/571/394 5220/568/392
f 300/569/393 303/572/395 301/573/200 298/570/199
f 302/268/230 305/270/231 5222/574/396 5221/571/394
f 303/572/395 306/575/397 304/576/201 301/573/200
f 305/270/231 308/272/232 5223/577/398 5222/574/396
f 306/575/397 309/578/399 307/579/202 304/576/201
f 308/272/232 311/274/233 5224/580/400 5223/577/398
f 309/578/399 312/581/401 310/582/203 307/579/202
f 311/274/233 314/276/234 5225/583/402 5224/580/400
f 312/581/401 315/584/403 313/585/204 310/582/203
f 314/276/234 317/278/235 5226/586/404 5225/583/402
f 315/584/403 318/587/405 316/588/205 313/585/204
f 317/278/235 320/280/236 5227/589/406 5226/586/404
f 318/587/405 321/590/407 319/591/206 316/588/205
f 320/280/236 323/282/237 5228/592/408 5227/589/406
f 321/590/407 324/593/409 322/594/207 319/591/206
f 323/282/237 326/284/238 5229/595/410 5228/592/408
f 324/593/409 327/596/411 325/597/208 322/594/207
f 326/284/238 329/286/239 5230/598/412 5229/595/410
f 327/596/411 330/599/413 328/600/209 325/597/208
f 329/286/239 332/288/240 5231/601/414 5230/598/412
f 330/599/413 333/602/415 331/603/210 328/600/209
f 332/288/240 335/290/241 5232/604/416 5231/601/414
f 333/602/415 336/605/417 334/606/211 331/603/210
f 335/290/241 338/292/242 5233/607/418 5232/604/416
f 336/605/417 339/608/419 337/609/212 334/606/211
f 338/292/242 341/294/243 5234/610/420 5233/607/418
f 339/608/419 342/611/421 340/612/213 337/609/212
f 341/294/243 344/296/244 5235/613/422 5234/610/420
f 342/611/421 345/614/423 343/615/214 340/612/213
f 344/296/244 347/298/245 5236/616/424 5235/613/422
f 345/614/423 348/617/425 346/618/215 343/615/214
f 347/298/245 350/300/246 5237/619/426 5236/616/424
f 348/617/425 351/620/427 349/621/216 346/618/215
f 350/300/246 353/302/247 5238/622/428 5237/619/426
f 351/620/427 354/623/429 352/624/217 349/621/216
f 353/302/247 356/304/248 5239/625/430 5238/622/428
f 354/623/429 357/626/431 355/627/218 352/624/217
f 356/304/248 359/306/249 5240/628/432 5239/625/430
f 357/626/431 360/629/433 358/630/219 355/627/218
f 359/306/249 362/308/250 5241/631/434 5240/628/432
f 360/629/433 363/632/435 361/633/220 358/630/219
f 362/308/250 365/310/251 5242/634/436 5241/631/434
f 363/632/435 366/635/437 364/636/221 361/633/220
f 365/310/251 368/312/252 5243/637/438 5242/634/436
f 366/635/437 369/638/439 367/639/222 364/636/221
f 368/312/252 371/314/253 5244/640/440 5243/637/438
f 369/638/439 372/641/441 370/642/223 367/639/222
f 371/314/253 374/316/254 5245/643/442 5244/640/440
f 372/641/441 375/644/443 373/645/224 370/642/223
f 374/316/254 377/318/255 5246/646/444 5245/643/442
f 375/644/443 378/647/445 376/648/225 373/645/224
f 377/318/255 380/320/256 5247/649/446 5246/646/444
f 378/647/445 381/650/447 379/651/226 376/648/225
f 380/320/256 383/69/38 5248/652/448 5247/649/446
f 381/650/447 384/653/449 382/654/227 379/651/226
f 383/69/38 290/72/39 5218/655/387 5248/652/448
f 384/653/449 291/656/388 289/657/196 382/654/227
f 290/558/39 96/658/4 65/322/40 293/321/257
f 467/659/95 431/660/95 437/661/97 451/662/97
f 451/662/97 437/661/97 447/663/99 453/664/99
f 457/665/1 445/666/1 444/667/4 456/668/4
f 463/669/91 429/670/91 439/671/93 459/672/93
f 465/673/89 433/674/89 429/670/91 463/669/91
f 461/675/87 385/676/87 433/674/89 465/673/89
f 475/677/85 423/678/85 385/676/87 461/675/87
f 469/679/83 435/680/83 423/678/85 475/677/85
f 471/681/81 427/682/81 435/680/83 469/679/83
f 477/683/79 421/684/79 427/682/81 471/681/81
f 479/685/77 425/686/77 421/684/79 477/683/79
f 485/687/75 413/688/75 425/686/77 479/685/77
f 449/689/73 441/690/73 413/688/75 485/687/75
f 483/691/71 409/692/71 441/690/73 449/689/73
f 473/693/69 419/694/69 409/692/71 483/691/71
f 481/695/67 417/696/67 419/694/69 473/693/69
f 438/697/97 452/698/97 454/699/99 448/700/99
f 95/701/1 579/702/1 578/703/4 96/704/4
f 411/705/63 412/706/63 400/707/65 399/708/65
f 487/709/63 411/705/63 399/708/65 493/710/65
f 407/711/61 408/712/61 412/706/63 411/705/63
f 491/713/61 407/711/61 411/705/63 487/709/63
f 403/714/59 404/715/59 408/712/61 407/711/61
f 495/716/59 403/714/59 407/711/61 491/713/61
f 415/717/57 416/718/57 404/715/59 403/714/59
f 489/719/57 415/717/57 403/714/59 495/716/59
f 389/720/55 390/721/55 416/718/57 415/717/57
f 503/722/55 389/720/55 415/717/57 489/719/57
f 401/723/53 402/724/53 390/721/55 389/720/55
f 497/725/53 401/723/53 389/720/55 503/722/55
f 397/726/51 398/727/51 402/724/53 401/723/53
f 501/728/51 397/726/51 401/723/53 497/725/53
f 393/729/49 394/730/49 398/727/51 397/726/51
f 505/731/49 393/729/49 397/726/51 501/728/51
f 405/732/47 406/733/47 394/730/49 393/729/49
f 499/734/47 405/732/47 393/729/49 505/731/49
f 395/735/45 396/736/45 406/733/47 405/732/47
f 509/737/45 395/735/45 405/732/47 499/734/47
f 391/738/43 392/739/43 396/736/45 395/735/45
f 507/740/43 391/738/43 395/735/45 509/737/45
f 387/741/40 388/742/40 392/739/43 391/738/43
f 511/743/40 387/741/40 391/738/43 507/740/43
f 444/744/4 443/745/4 388/742/40 387/741/40
f 456/746/4 444/744/4 387/741/40 511/743/40
f 447/663/99 448/700/99 446/747/1 445/666/1
f 453/664/99 447/663/99 445/666/1 457/665/1
f 431/660/95 432/748/95 438/697/97 437/661/97
f 493/710/65 399/708/65 417/696/67 481/695/67
f 417/696/67 418/749/67 420/750/69 419/694/69
f 419/694/69 420/750/69 410/751/71 409/692/71
f 409/692/71 410/751/71 442/752/73 441/690/73
f 441/690/73 442/752/73 414/753/75 413/688/75
f 413/688/75 414/753/75 426/754/77 425/686/77
f 425/686/77 426/754/77 422/755/79 421/684/79
f 421/684/79 422/755/79 428/756/81 427/682/81
f 427/682/81 428/756/81 436/757/83 435/680/83
f 435/680/83 436/757/83 424/758/85 423/678/85
f 423/678/85 424/758/85 386/759/87 385/676/87
f 385/676/87 386/759/87 434/760/89 433/674/89
f 433/674/89 434/760/89 430/761/91 429/670/91
f 429/670/91 430/761/91 440/762/93 439/671/93
f 445/666/1 446/747/1 443/763/4 444/667/4
f 437/661/97 438/697/97 448/700/99 447/663/99
f 446/747/1 458/764/1 455/765/4 443/763/4
f 459/672/93 439/671/93 431/660/95 467/659/95
f 569/766/97 451/662/97 453/664/99 573/767/99
f 439/671/93 440/762/93 432/748/95 431/660/95
f 430/761/91 464/768/91 460/769/93 440/762/93
f 567/770/93 459/672/93 467/659/95 561/771/95
f 434/760/89 466/772/89 464/768/91 430/761/91
f 563/773/91 463/669/91 459/672/93 567/770/93
f 386/759/87 462/774/87 466/772/89 434/760/89
f 565/775/89 465/673/89 463/669/91 563/773/91
f 424/758/85 476/776/85 462/774/87 386/759/87
f 559/777/87 461/675/87 465/673/89 565/775/89
f 436/757/83 470/778/83 476/776/85 424/758/85
f 551/779/85 475/677/85 461/675/87 559/777/87
f 428/756/81 472/780/81 470/778/83 436/757/83
f 557/781/83 469/679/83 475/677/85 551/779/85
f 422/755/79 478/782/79 472/780/81 428/756/81
f 553/783/81 471/681/81 469/679/83 557/781/83
f 426/754/77 480/784/77 478/782/79 422/755/79
f 555/785/79 477/683/79 471/681/81 553/783/81
f 414/753/75 486/786/75 480/784/77 426/754/77
f 549/787/77 479/685/77 477/683/79 555/785/79
f 442/752/73 450/788/73 486/786/75 414/753/75
f 541/789/75 485/687/75 479/685/77 549/787/77
f 410/751/71 484/790/71 450/788/73 442/752/73
f 547/791/73 449/689/73 485/687/75 541/789/75
f 420/750/69 474/792/69 484/790/71 410/751/71
f 543/793/71 483/691/71 449/689/73 547/791/73
f 418/749/67 482/794/67 474/792/69 420/750/69
f 545/795/69 473/693/69 483/691/71 543/793/71
f 400/707/65 494/796/65 482/794/67 418/749/67
f 539/797/67 481/695/67 473/693/69 545/795/69
f 412/706/63 488/798/63 494/796/65 400/707/65
f 531/799/65 493/710/65 481/695/67 539/797/67
f 408/712/61 492/800/61 488/798/63 412/706/63
f 537/801/63 487/709/63 493/710/65 531/799/65
f 404/715/59 496/802/59 492/800/61 408/712/61
f 533/803/61 491/713/61 487/709/63 537/801/63
f 416/718/57 490/804/57 496/802/59 404/715/59
f 535/805/59 495/716/59 491/713/61 533/803/61
f 390/721/55 504/806/55 490/804/57 416/718/57
f 529/807/57 489/719/57 495/716/59 535/805/59
f 402/724/53 498/808/53 504/806/55 390/721/55
f 521/809/55 503/722/55 489/719/57 529/807/57
f 398/727/51 502/810/51 498/808/53 402/724/53
f 527/811/53 497/725/53 503/722/55 521/809/55
f 394/730/49 506/812/49 502/810/51 398/727/51
f 523/813/51 501/728/51 497/725/53 527/811/53
f 406/733/47 500/814/47 506/812/49 394/730/49
f 525/815/49 505/731/49 501/728/51 523/813/51
f 396/736/45 510/816/45 500/814/47 406/733/47
f 519/817/47 499/734/47 505/731/49 525/815/49
f 392/739/43 508/818/43 510/816/45 396/736/45
f 513/819/45 509/737/45 499/734/47 519/817/47
f 388/742/40 512/820/40 508/818/43 392/739/43
f 517/821/43 507/740/43 509/737/45 513/819/45
f 443/745/4 455/822/4 512/820/40 388/742/40
f 515/823/40 511/743/40 507/740/43 517/821/43
f 448/700/99 454/699/99 458/764/1 446/747/1
f 576/824/4 456/746/4 511/743/40 515/823/40
f 432/748/95 468/825/95 452/698/97 438/697/97
f 573/767/99 453/664/99 457/665/1 571/826/1
f 571/826/1 457/665/1 456/668/4 576/827/4
f 440/762/93 460/769/93 468/825/95 432/748/95
f 452/698/97 570/828/97 574/829/99 454/699/99
f 458/764/1 572/830/1 575/831/4 455/765/4
f 579/702/1 571/826/1 576/827/4 578/703/4
f 561/771/95 467/659/95 451/662/97 569/766/97
f 460/769/93 568/832/93 562/833/95 468/825/95
f 585/834/95 561/771/95 569/766/97 583/835/97
f 464/768/91 564/836/91 568/832/93 460/769/93
f 587/837/93 567/770/93 561/771/95 585/834/95
f 466/772/89 566/838/89 564/836/91 464/768/91
f 589/839/91 563/773/91 567/770/93 587/837/93
f 462/774/87 560/840/87 566/838/89 466/772/89
f 591/841/89 565/775/89 563/773/91 589/839/91
f 476/776/85 552/842/85 560/840/87 462/774/87
f 593/843/87 559/777/87 565/775/89 591/841/89
f 470/778/83 558/844/83 552/842/85 476/776/85
f 595/845/85 551/779/85 559/777/87 593/843/87
f 472/780/81 554/846/81 558/844/83 470/778/83
f 597/847/83 557/781/83 551/779/85 595/845/85
f 478/782/79 556/848/79 554/846/81 472/780/81
f 599/849/81 553/783/81 557/781/83 597/847/83
f 480/784/77 550/850/77 556/848/79 478/782/79
f 601/851/79 555/785/79 553/783/81 599/849/81
f 486/786/75 542/852/75 550/850/77 480/784/77
f 603/853/77 549/787/77 555/785/79 601/851/79
f 450/788/73 548/854/73 542/852/75 486/786/75
f 605/855/75 541/789/75 549/787/77 603/853/77
f 484/790/71 544/856/71 548/854/73 450/788/73
f 607/857/73 547/791/73 541/789/75 605/855/75
f 474/792/69 546/858/69 544/856/71 484/790/71
f 609/859/71 543/793/71 547/791/73 607/857/73
f 482/794/67 540/860/67 546/858/69 474/792/69
f 611/861/69 545/795/69 543/793/71 609/859/71
f 494/796/65 532/862/65 540/860/67 482/794/67
f 613/863/67 539/797/67 545/795/69 611/861/69
f 488/798/63 538/864/63 532/862/65 494/796/65
f 615/865/65 531/799/65 539/797/67 613/863/67
f 492/800/61 534/866/61 538/864/63 488/798/63
f 617/867/63 537/801/63 531/799/65 615/865/65
f 496/802/59 536/868/59 534/866/61 492/800/61
f 619/869/61 533/803/61 537/801/63 617/867/63
f 490/804/57 530/870/57 536/868/59 496/802/59
f 621/871/59 535/805/59 533/803/61 619/869/61
f 504/806/55 522/872/55 530/870/57 490/804/57
f 623/873/57 529/807/57 535/805/59 621/871/59
f 498/808/53 528/874/53 522/872/55 504/806/55
f 625/875/55 521/809/55 529/807/57 623/873/57
f 502/810/51 524/876/51 528/874/53 498/808/53
f 627/877/53 527/811/53 521/809/55 625/875/55
f 506/812/49 526/878/49 524/876/51 502/810/51
f 629/879/51 523/813/51 527/811/53 627/877/53
f 500/814/47 520/880/47 526/878/49 506/812/49
f 631/881/49 525/815/49 523/813/51 629/879/51
f 510/816/45 514/882/45 520/880/47 500/814/47
f 633/883/47 519/817/47 525/815/49 631/881/49
f 508/818/43 518/884/43 514/882/45 510/816/45
f 635/885/45 513/819/45 519/817/47 633/883/47
f 512/820/40 516/886/40 518/884/43 508/818/43
f 637/887/43 517/821/43 513/819/45 635/885/45
f 455/822/4 575/888/4 516/886/40 512/820/40
f 639/889/40 515/823/40 517/821/43 637/887/43
f 454/699/99 574/829/99 572/830/1 458/764/1
f 578/890/4 576/824/4 515/823/40 639/889/40
f 583/835/97 569/766/97 573/767/99 581/891/99
f 468/825/95 562/833/95 570/828/97 452/698/97
f 94/892/99 581/891/99 579/702/1 95/701/1
f 572/830/1 580/323/1 577/326/4 575/831/4
f 93/893/97 583/835/97 581/891/99 94/892/99
f 570/828/97 584/329/97 582/327/99 574/829/99
f 92/894/95 585/834/95 583/835/97 93/893/97
f 562/833/95 586/331/95 584/329/97 570/828/97
f 91/895/93 587/837/93 585/834/95 92/894/95
f 568/832/93 588/333/93 586/331/95 562/833/95
f 90/896/91 589/839/91 587/837/93 91/895/93
f 564/836/91 590/335/91 588/333/93 568/832/93
f 89/897/89 591/841/89 589/839/91 90/896/91
f 566/838/89 592/337/89 590/335/91 564/836/91
f 88/898/87 593/843/87 591/841/89 89/897/89
f 560/840/87 594/339/87 592/337/89 566/838/89
f 87/899/85 595/845/85 593/843/87 88/898/87
f 552/842/85 596/341/85 594/339/87 560/840/87
f 86/900/83 597/847/83 595/845/85 87/899/85
f 558/844/83 598/343/83 596/341/85 552/842/85
f 85/901/81 599/849/81 597/847/83 86/900/83
f 554/846/81 600/345/81 598/343/83 558/844/83
f 84/902/79 601/851/79 599/849/81 85/901/81
f 556/848/79 602/347/79 600/345/81 554/846/81
f 83/903/77 603/853/77 601/851/79 84/902/79
f 550/850/77 604/349/77 602/347/79 556/848/79
f 82/904/75 605/855/75 603/853/77 83/903/77
f 542/852/75 606/351/75 604/349/77 550/850/77
f 81/905/73 607/857/73 605/855/75 82/904/75
f 548/854/73 608/353/73 606/351/75 542/852/75
f 80/906/71 609/859/71 607/857/73 81/905/73
f 544/856/71 610/355/71 608/353/73 548/854/73
f 79/907/69 611/861/69 609/859/71 80/906/71
f 546/858/69 612/357/69 610/355/71 544/856/71
f 78/908/67 613/863/67 611/861/69 79/907/69
f 540/860/67 614/359/67 612/357/69 546/858/69
f 77/909/65 615/865/65 613/863/67 78/908/67
f 532/862/65 616/361/65 614/359/67 540/860/67
f 76/910/63 617/867/63 615/865/65 77/909/65
f 538/864/63 618/363/63 616/361/65 532/862/65
f 75/911/61 619/869/61 617/867/63 76/910/63
f 534/866/61 620/365/61 618/363/63 538/864/63
f 74/912/59 621/871/59 619/869/61 75/911/61
f 536/868/59 622/367/59 620/365/61 534/866/61
f 73/913/57 623/873/57 621/871/59 74/912/59
f 530/870/57 624/369/57 622/367/59 536/868/59
f 72/914/55 625/875/55 623/873/57 73/913/57
f 522/872/55 626/371/55 624/369/57 530/870/57
f 71/915/53 627/877/53 625/875/55 72/914/55
f 528/874/53 628/373/53 626/371/55 522/872/55
f 70/916/51 629/879/51 627/877/53 71/915/53
f 524/876/51 630/375/51 628/373/53 528/874/53
f 69/917/49 631/881/49 629/879/51 70/916/51
f 526/878/49 632/377/49 630/375/51 524/876/51
f 68/918/47 633/883/47 631/881/49 69/917/49
f 520/880/47 634/379/47 632/377/49 526/878/49
f 67/919/45 635/885/45 633/883/47 68/918/47
f 514/882/45 636/381/45 634/379/47 520/880/47
f 66/920/43 637/887/43 635/885/45 67/919/45
f 518/884/43 638/383/43 636/381/45 514/882/45
f 65/921/40 639/889/40 637/887/43 66/920/43
f 516/886/40 640/385/40 638/383/43 518/884/43
f 96/922/4 578/890/4 639/889/40 65/921/40
f 575/888/4 577/387/4 640/385/40 516/886/40
f 574/829/99 582/327/99 580/323/1 572/830/1
f 581/891/99 573/767/99 571/826/1 579/702/1
f 399/708/65 400/707/65 418/749/67 417/696/67
f 704/923/1 927/924/2 836/925/3 673/926/4
f 642/927/5 5251/928/5 839/929/6 833/930/7
f 5252/931/5 5253/932/5 845/933/450 842/934/9
f 5253/932/5 5254/935/5 848/936/10 845/933/450
f 5254/935/5 5255/937/5 851/938/11 848/936/10
f 5255/937/5 5256/939/5 854/940/12 851/938/11
f 5256/939/5 5257/941/5 857/942/13 854/940/12
f 5257/941/5 5258/943/5 860/944/14 857/942/13
f 5258/943/5 5259/945/5 863/946/15 860/944/14
f 5259/945/5 5260/947/5 866/948/16 863/946/15
f 5260/947/5 5261/949/5 869/950/451 866/948/16
f 5261/949/5 5262/951/5 872/952/18 869/950/451
f 5262/951/5 5263/953/5 875/954/19 872/952/18
f 5263/953/5 5264/955/5 878/956/20 875/954/19
f 5264/955/5 5265/957/5 881/958/21 878/956/20
f 5265/957/5 5266/959/5 884/960/22 881/958/21
f 5266/959/5 5267/961/5 887/962/23 884/960/22
f 5267/961/5 5268/963/5 890/964/24 887/962/23
f 5268/963/5 5269/965/5 893/966/452 890/964/24
f 5269/965/5 5270/967/5 896/968/26 893/966/452
f 5270/967/5 5271/969/5 899/970/27 896/968/26
f 5271/969/5 5272/971/5 902/972/453 899/970/27
f 5272/971/5 5273/973/5 905/974/29 902/972/453
f 5273/973/5 5274/975/5 908/976/30 905/974/29
f 5274/975/5 5275/977/5 911/978/31 908/976/30
f 5275/977/5 5276/979/5 914/980/32 911/978/31
f 5276/979/5 5277/981/5 917/982/454 914/980/32
f 5277/981/5 5278/983/5 920/984/455 917/982/454
f 5278/983/5 5279/985/5 923/986/35 920/984/455
f 5279/985/5 5280/987/5 926/988/36 923/986/35
f 5280/987/5 641/989/5 837/990/37 926/988/36
f 1023/991/38 735/992/1 736/993/4 930/994/39
f 674/995/40 834/996/41 840/997/42 675/998/43
f 673/999/4 836/1000/3 834/996/41 674/995/40
f 675/998/43 840/997/42 843/1001/44 676/1002/45
f 676/1002/45 843/1001/44 846/1003/46 677/1004/47
f 677/1004/47 846/1003/46 849/1005/48 678/1006/49
f 678/1006/49 849/1005/48 852/1007/50 679/1008/51
f 679/1008/51 852/1007/50 855/1009/52 680/1010/53
f 680/1010/53 855/1009/52 858/1011/54 681/1012/55
f 681/1012/55 858/1011/54 861/1013/56 682/1014/57
f 682/1014/57 861/1013/56 864/1015/58 683/1016/59
f 683/1016/59 864/1015/58 867/1017/60 684/1018/61
f 684/1018/61 867/1017/60 870/1019/62 685/1020/63
f 685/1020/63 870/1019/62 873/1021/64 686/1022/65
f 686/1022/65 873/1021/64 876/1023/66 687/1024/67
f 687/1024/67 876/1023/66 879/1025/68 688/1026/69
f 688/1026/69 879/1025/68 882/1027/70 689/1028/71
f 689/1028/71 882/1027/70 885/1029/72 690/1030/73
f 690/1030/73 885/1029/72 888/1031/74 691/1032/75
f 691/1032/75 888/1031/74 891/1033/76 692/1034/77
f 692/1034/77 891/1033/76 894/1035/78 693/1036/79
f 693/1036/79 894/1035/78 897/1037/80 694/1038/81
f 694/1038/81 897/1037/80 900/1039/82 695/1040/83
f 695/1040/83 900/1039/82 903/1041/84 696/1042/85
f 696/1042/85 903/1041/84 906/1043/86 697/1044/87
f 697/1044/87 906/1043/86 909/1045/88 698/1046/89
f 698/1046/89 909/1045/88 912/1047/90 699/1048/91
f 699/1048/91 912/1047/90 915/1049/92 700/1050/93
f 700/1050/93 915/1049/92 918/1051/94 701/1052/95
f 701/1052/95 918/1051/94 921/1053/96 702/1054/97
f 702/1054/97 921/1053/96 924/1055/98 703/1056/99
f 703/1056/99 924/1055/98 927/924/2 704/923/1
f 5251/928/5 5252/931/5 842/934/9 839/929/6
f 643/1057/100 5249/1058/101 738/1059/102 744/1060/103
f 660/1061/104 659/1062/105 792/1063/106 795/1064/107
f 647/1065/108 646/1066/109 753/1067/110 756/1068/111
f 644/1069/112 643/1057/100 744/1060/103 747/1070/113
f 661/1071/114 660/1061/104 795/1064/107 798/1072/115
f 648/1073/116 647/1065/108 756/1068/111 759/1074/117
f 662/1075/118 661/1071/114 798/1072/115 801/1076/119
f 649/1077/120 648/1073/116 759/1074/117 762/1078/121
f 663/1079/122 662/1075/118 801/1076/119 804/1080/123
f 650/1081/124 649/1077/120 762/1078/121 765/1082/125
f 664/1083/126 663/1079/122 804/1080/123 807/1084/127
f 651/1085/128 650/1081/124 765/1082/125 768/1086/129
f 665/1087/130 664/1083/126 807/1084/127 810/1088/131
f 652/1089/132 651/1085/128 768/1086/129 771/1090/133
f 666/1091/134 665/1087/130 810/1088/131 813/1092/135
f 653/1093/136 652/1089/132 771/1090/133 774/1094/137
f 667/1095/138 666/1091/134 813/1092/135 816/1096/139
f 654/1097/140 653/1093/136 774/1094/137 777/1098/141
f 668/1099/142 667/1095/138 816/1096/139 819/1100/143
f 655/1101/144 654/1097/140 777/1098/141 780/1102/145
f 669/1103/146 668/1099/142 819/1100/143 822/1104/147
f 656/1105/148 655/1101/144 780/1102/145 783/1106/149
f 737/1107/150 741/1108/151 830/1109/152 827/1110/153 824/1111/456 821/1112/155 818/1113/156 815/1114/157 812/1115/158 809/1116/159 806/1117/160 803/1118/161 800/1119/162 797/1120/163 794/1121/457 791/1122/165 788/1123/166 785/1124/167 782/1125/168 779/1126/169 776/1127/170 773/1128/171 770/1129/172 767/1130/173 764/1131/174 761/1132/175 758/1133/176 755/1134/177 752/1135/458 749/1136/179 746/1137/180 743/1138/181
f 670/1139/182 669/1103/146 822/1104/147 825/1140/183
f 657/1141/184 656/1105/148 783/1106/149 786/1142/185
f 5250/1143/186 672/1144/187 831/1145/188 740/1146/189
f 671/1147/190 670/1139/182 825/1140/183 828/1148/191
f 658/1149/192 657/1141/184 786/1142/185 789/1150/193
f 645/1151/194 644/1069/112 747/1070/113 750/1152/195
f 672/1144/187 671/1147/190 828/1148/191 831/1145/188
f 659/1062/105 658/1149/192 789/1150/193 792/1063/106
f 646/1066/109 645/1151/194 750/1152/195 753/1067/110
f 929/1153/459 932/1154/460 935/1155/461 938/1156/462 941/1157/200 944/1158/201 947/1159/202 950/1160/203 953/1161/463 956/1162/464 959/1163/206 962/1164/207 965/1165/208 968/1166/209 971/1167/210 974/1168/211 977/1169/465 980/1170/213 983/1171/214 986/1172/215 989/1173/216 992/1174/217 995/1175/466 998/1176/219 1001/1177/220 1004/1178/467 1007/1179/222 1010/1180/223 1013/1181/468 1016/1182/225 1019/1183/226 1022/1184/227
f 936/1185/228 706/1186/43 707/1187/45 939/1188/229
f 939/1188/229 707/1187/45 708/1189/47 942/1190/230
f 942/1190/230 708/1189/47 709/1191/49 945/1192/231
f 945/1192/231 709/1191/49 710/1193/51 948/1194/232
f 948/1194/232 710/1193/51 711/1195/53 951/1196/233
f 951/1196/233 711/1195/53 712/1197/55 954/1198/234
f 954/1198/234 712/1197/55 713/1199/57 957/1200/235
f 957/1200/235 713/1199/57 714/1201/59 960/1202/236
f 960/1202/236 714/1201/59 715/1203/61 963/1204/237
f 963/1204/237 715/1203/61 716/1205/63 966/1206/238
f 966/1206/238 716/1205/63 717/1207/65 969/1208/239
f 969/1208/239 717/1207/65 718/1209/67 972/1210/240
f 972/1210/240 718/1209/67 719/1211/69 975/1212/241
f 975/1212/241 719/1211/69 720/1213/71 978/1214/242
f 978/1214/242 720/1213/71 721/1215/73 981/1216/243
f 981/1216/243 721/1215/73 722/1217/75 984/1218/244
f 984/1218/244 722/1217/75 723/1219/77 987/1220/245
f 987/1220/245 723/1219/77 724/1221/79 990/1222/246
f 990/1222/246 724/1221/79 725/1223/81 993/1224/247
f 993/1224/247 725/1223/81 726/1225/83 996/1226/248
f 996/1226/248 726/1225/83 727/1227/85 999/1228/249
f 999/1228/249 727/1227/85 728/1229/87 1002/1230/250
f 1002/1230/250 728/1229/87 729/1231/89 1005/1232/251
f 1005/1232/251 729/1231/89 730/1233/91 1008/1234/252
f 1008/1234/252 730/1233/91 731/1235/93 1011/1236/253
f 1011/1236/253 731/1235/93 732/1237/95 1014/1238/254
f 1014/1238/254 732/1237/95 733/1239/97 1017/1240/255
f 1017/1240/255 733/1239/97 734/1241/99 1020/1242/256
f 1020/1242/256 734/1241/99 735/992/1 1023/991/38
f 933/1243/257 705/1244/40 706/1186/43 936/1185/228
f 1220/1245/1 704/1246/1 673/1247/4 1217/1248/4
f 1222/1249/99 703/1250/99 704/1246/1 1220/1245/1
f 1224/1251/97 702/1252/97 703/1250/99 1222/1249/99
f 1226/1253/95 701/1254/95 702/1252/97 1224/1251/97
f 1228/1255/93 700/1256/93 701/1254/95 1226/1253/95
f 1230/1257/91 699/1258/91 700/1256/93 1228/1255/93
f 1232/1259/89 698/1260/89 699/1258/91 1230/1257/91
f 1234/1261/87 697/1262/87 698/1260/89 1232/1259/89
f 1236/1263/85 696/1264/85 697/1262/87 1234/1261/87
f 1238/1265/83 695/1266/83 696/1264/85 1236/1263/85
f 1240/1267/81 694/1268/81 695/1266/83 1238/1265/83
f 1242/1269/79 693/1270/79 694/1268/81 1240/1267/81
f 1244/1271/77 692/1272/77 693/1270/79 1242/1269/79
f 1246/1273/75 691/1274/75 692/1272/77 1244/1271/77
f 1248/1275/73 690/1276/73 691/1274/75 1246/1273/75
f 1250/1277/71 689/1278/71 690/1276/73 1248/1275/73
f 1252/1279/69 688/1280/69 689/1278/71 1250/1277/71
f 1254/1281/67 687/1282/67 688/1280/69 1252/1279/69
f 1256/1283/65 686/1284/65 687/1282/67 1254/1281/67
f 1258/1285/63 685/1286/63 686/1284/65 1256/1283/65
f 1260/1287/61 684/1288/61 685/1286/63 1258/1285/63
f 1262/1289/59 683/1290/59 684/1288/61 1260/1287/61
f 1264/1291/57 682/1292/57 683/1290/59 1262/1289/59
f 1266/1293/55 681/1294/55 682/1292/57 1264/1291/57
f 1268/1295/53 680/1296/53 681/1294/55 1266/1293/55
f 1270/1297/51 679/1298/51 680/1296/53 1268/1295/53
f 1272/1299/49 678/1300/49 679/1298/51 1270/1297/51
f 1274/1301/47 677/1302/47 678/1300/49 1272/1299/49
f 1276/1303/45 676/1304/45 677/1302/47 1274/1301/47
f 1278/1305/43 675/1306/43 676/1304/45 1276/1303/45
f 1280/1307/40 674/1308/40 675/1306/43 1278/1305/43
f 1217/1309/4 673/1310/4 674/1308/40 1280/1307/40
f 738/1059/102 740/1311/189 5281/1312/258 5282/1313/259
f 739/1314/260 742/1315/469 741/1316/151 737/1317/150
f 744/1060/103 738/1059/102 5282/1313/259 5283/1318/262
f 745/1319/263 739/1314/260 737/1317/150 743/1320/181
f 747/1070/113 744/1060/103 5283/1318/262 5284/1321/470
f 748/1322/265 745/1319/263 743/1320/181 746/1323/180
f 750/1152/195 747/1070/113 5284/1321/470 5285/1324/266
f 751/1325/267 748/1322/265 746/1323/180 749/1326/179
f 753/1067/110 750/1152/195 5285/1324/266 5286/1327/268
f 754/1328/269 751/1325/267 749/1326/179 752/1329/458
f 756/1068/111 753/1067/110 5286/1327/268 5287/1330/270
f 757/1331/271 754/1328/269 752/1329/458 755/1332/177
f 759/1074/117 756/1068/111 5287/1330/270 5288/1333/272
f 760/1334/273 757/1331/271 755/1332/177 758/1335/176
f 762/1078/121 759/1074/117 5288/1333/272 5289/1336/471
f 763/1337/275 760/1334/273 758/1335/176 761/1338/175
f 765/1082/125 762/1078/121 5289/1336/471 5290/1339/472
f 766/1340/277 763/1337/275 761/1338/175 764/1341/174
f 768/1086/129 765/1082/125 5290/1339/472 5291/1342/278
f 769/1343/279 766/1340/277 764/1341/174 767/1344/173
f 771/1090/133 768/1086/129 5291/1342/278 5292/1345/280
f 772/1346/281 769/1343/279 767/1344/173 770/1347/172
f 774/1094/137 771/1090/133 5292/1345/280 5293/1348/473
f 775/1349/283 772/1346/281 770/1347/172 773/1350/171
f 777/1098/141 774/1094/137 5293/1348/473 5294/1351/284
f 778/1352/285 775/1349/283 773/1350/171 776/1353/170
f 780/1102/145 777/1098/141 5294/1351/284 5295/1354/474
f 781/1355/475 778/1352/285 776/1353/170 779/1356/169
f 783/1106/149 780/1102/145 5295/1354/474 5296/1357/476
f 784/1358/289 781/1355/475 779/1356/169 782/1359/168
f 786/1142/185 783/1106/149 5296/1357/476 5297/1360/290
f 787/1361/291 784/1358/289 782/1359/168 785/1362/167
f 789/1150/193 786/1142/185 5297/1360/290 5298/1363/292
f 790/1364/477 787/1361/291 785/1362/167 788/1365/166
f 792/1063/106 789/1150/193 5298/1363/292 5299/1366/478
f 793/1367/295 790/1364/477 788/1365/166 791/1368/165
f 795/1064/107 792/1063/106 5299/1366/478 5300/1369/296
f 796/1370/297 793/1367/295 791/1368/165 794/1371/457
f 798/1072/115 795/1064/107 5300/1369/296 5301/1372/298
f 799/1373/299 796/1370/297 794/1371/457 797/1374/163
f 801/1076/119 798/1072/115 5301/1372/298 5302/1375/300
f 802/1376/301 799/1373/299 797/1374/163 800/1377/162
f 804/1080/123 801/1076/119 5302/1375/300 5303/1378/302
f 805/1379/303 802/1376/301 800/1377/162 803/1380/161
f 807/1084/127 804/1080/123 5303/1378/302 5304/1381/304
f 808/1382/305 805/1379/303 803/1380/161 806/1383/160
f 810/1088/131 807/1084/127 5304/1381/304 5305/1384/306
f 811/1385/307 808/1382/305 806/1383/160 809/1386/159
f 813/1092/135 810/1088/131 5305/1384/306 5306/1387/308
f 814/1388/309 811/1385/307 809/1386/159 812/1389/158
f 816/1096/139 813/1092/135 5306/1387/308 5307/1390/310
f 817/1391/311 814/1388/309 812/1389/158 815/1392/157
f 819/1100/143 816/1096/139 5307/1390/310 5308/1393/479
f 820/1394/313 817/1391/311 815/1392/157 818/1395/156
f 822/1104/147 819/1100/143 5308/1393/479 5309/1396/480
f 823/1397/315 820/1394/313 818/1395/156 821/1398/155
f 825/1140/183 822/1104/147 5309/1396/480 5310/1399/316
f 826/1400/481 823/1397/315 821/1398/155 824/1401/456
f 828/1148/191 825/1140/183 5310/1399/316 5311/1402/318
f 829/1403/482 826/1400/481 824/1401/456 827/1404/153
f 831/1145/188 828/1148/191 5311/1402/318 5312/1405/320
f 832/1406/483 829/1403/482 827/1404/153 830/1407/152
f 740/1146/189 831/1145/188 5312/1405/320 5281/1408/258
f 742/1409/469 832/1406/483 830/1407/152 741/1410/151
f 5249/1058/101 5250/1411/186 740/1311/189 738/1059/102
f 834/996/41 836/1000/3 5313/1412/322 5314/1413/323
f 835/1414/324 838/1415/325 837/1416/37 833/930/7
f 840/997/42 834/996/41 5314/1413/323 5315/1417/484
f 841/1418/327 835/1414/324 833/930/7 839/929/6
f 843/1001/44 840/997/42 5315/1417/484 5316/1419/328
f 844/1420/329 841/1418/327 839/929/6 842/934/9
f 846/1003/46 843/1001/44 5316/1419/328 5317/1421/485
f 847/1422/331 844/1420/329 842/934/9 845/933/450
f 849/1005/48 846/1003/46 5317/1421/485 5318/1423/486
f 850/1424/333 847/1422/331 845/933/450 848/936/10
f 852/1007/50 849/1005/48 5318/1423/486 5319/1425/334
f 853/1426/335 850/1424/333 848/936/10 851/938/11
f 855/1009/52 852/1007/50 5319/1425/334 5320/1427/336
f 856/1428/487 853/1426/335 851/938/11 854/940/12
f 858/1011/54 855/1009/52 5320/1427/336 5321/1429/338
f 859/1430/339 856/1428/487 854/940/12 857/942/13
f 861/1013/56 858/1011/54 5321/1429/338 5322/1431/488
f 862/1432/489 859/1430/339 857/942/13 860/944/14
f 864/1015/58 861/1013/56 5322/1431/488 5323/1433/490
f 865/1434/343 862/1432/489 860/944/14 863/946/15
f 867/1017/60 864/1015/58 5323/1433/490 5324/1435/491
f 868/1436/345 865/1434/343 863/946/15 866/948/16
f 870/1019/62 867/1017/60 5324/1435/491 5325/1437/492
f 871/1438/347 868/1436/345 866/948/16 869/950/451
f 873/1021/64 870/1019/62 5325/1437/492 5326/1439/348
f 874/1440/349 871/1438/347 869/950/451 872/952/18
f 876/1023/66 873/1021/64 5326/1439/348 5327/1441/350
f 877/1442/351 874/1440/349 872/952/18 875/954/19
f 879/1025/68 876/1023/66 5327/1441/350 5328/1443/352
f 880/1444/353 877/1442/351 875/954/19 878/956/20
f 882/1027/70 879/1025/68 5328/1443/352 5329/1445/354
f 883/1446/355 880/1444/353 878/956/20 881/958/21
f 885/1029/72 882/1027/70 5329/1445/354 5330/1447/356
f 886/1448/357 883/1446/355 881/958/21 884/960/22
f 888/1031/74 885/1029/72 5330/1447/356 5331/1449/358
f 889/1450/359 886/1448/357 884/960/22 887/962/23
f 891/1033/76 888/1031/74 5331/1449/358 5332/1451/360
f 892/1452/361 889/1450/359 887/962/23 890/964/24
f 894/1035/78 891/1033/76 5332/1451/360 5333/1453/362
f 895/1454/363 892/1452/361 890/964/24 893/966/452
f 897/1037/80 894/1035/78 5333/1453/362 5334/1455/364
f 898/1456/365 895/1454/363 893/966/452 896/968/26
f 900/1039/82 897/1037/80 5334/1455/364 5335/1457/366
f 901/1458/367 898/1456/365 896/968/26 899/970/27
f 903/1041/84 900/1039/82 5335/1457/366 5336/1459/368
f 904/1460/369 901/1458/367 899/970/27 902/972/453
f 906/1043/86 903/1041/84 5336/1459/368 5337/1461/493
f 907/1462/371 904/1460/369 902/972/453 905/974/29
f 909/1045/88 906/1043/86 5337/1461/493 5338/1463/372
f 910/1464/373 907/1462/371 905/974/29 908/976/30
f 912/1047/90 909/1045/88 5338/1463/372 5339/1465/374
f 913/1466/375 910/1464/373 908/976/30 911/978/31
f 915/1049/92 912/1047/90 5339/1465/374 5340/1467/376
f 916/1468/377 913/1466/375 911/978/31 914/980/32
f 918/1051/94 915/1049/92 5340/1467/376 5341/1469/494
f 919/1470/379 916/1468/377 914/980/32 917/982/454
f 921/1053/96 918/1051/94 5341/1469/494 5342/1471/380
f 922/1472/381 919/1470/379 917/982/454 920/984/455
f 924/1055/98 921/1053/96 5342/1471/380 5343/1473/382
f 925/1474/383 922/1472/381 920/984/455 923/986/35
f 927/924/2 924/1055/98 5343/1473/382 5344/1475/384
f 928/1476/385 925/1474/383 923/986/35 926/988/36
f 836/925/3 927/924/2 5344/1475/384 5313/1477/322
f 838/1478/325 928/1476/385 926/988/36 837/990/37
f 641/1479/5 642/927/5 833/930/7 837/1416/37
f 930/1480/39 933/1243/257 5345/1481/495 5346/1482/387
f 931/1483/388 934/1484/389 932/1485/460 929/1486/459
f 933/1243/257 936/1185/228 5347/1487/390 5345/1481/495
f 934/1484/389 937/1488/391 935/1489/461 932/1485/460
f 936/1185/228 939/1188/229 5348/1490/392 5347/1487/390
f 937/1488/391 940/1491/393 938/1492/462 935/1489/461
f 939/1188/229 942/1190/230 5349/1493/394 5348/1490/392
f 940/1491/393 943/1494/395 941/1495/200 938/1492/462
f 942/1190/230 945/1192/231 5350/1496/396 5349/1493/394
f 943/1494/395 946/1497/397 944/1498/201 941/1495/200
f 945/1192/231 948/1194/232 5351/1499/398 5350/1496/396
f 946/1497/397 949/1500/399 947/1501/202 944/1498/201
f 948/1194/232 951/1196/233 5352/1502/400 5351/1499/398
f 949/1500/399 952/1503/401 950/1504/203 947/1501/202
f 951/1196/233 954/1198/234 5353/1505/402 5352/1502/400
f 952/1503/401 955/1506/403 953/1507/463 950/1504/203
f 954/1198/234 957/1200/235 5354/1508/404 5353/1505/402
f 955/1506/403 958/1509/405 956/1510/464 953/1507/463
f 957/1200/235 960/1202/236 5355/1511/406 5354/1508/404
f 958/1509/405 961/1512/407 959/1513/206 956/1510/464
f 960/1202/236 963/1204/237 5356/1514/408 5355/1511/406
f 961/1512/407 964/1515/409 962/1516/207 959/1513/206
f 963/1204/237 966/1206/238 5357/1517/496 5356/1514/408
f 964/1515/409 967/1518/411 965/1519/208 962/1516/207
f 966/1206/238 969/1208/239 5358/1520/412 5357/1517/496
f 967/1518/411 970/1521/413 968/1522/209 965/1519/208
f 969/1208/239 972/1210/240 5359/1523/414 5358/1520/412
f 970/1521/413 973/1524/415 971/1525/210 968/1522/209
f 972/1210/240 975/1212/241 5360/1526/497 5359/1523/414
f 973/1524/415 976/1527/417 974/1528/211 971/1525/210
f 975/1212/241 978/1214/242 5361/1529/498 5360/1526/497
f 976/1527/417 979/1530/419 977/1531/465 974/1528/211
f 978/1214/242 981/1216/243 5362/1532/420 5361/1529/498
f 979/1530/419 982/1533/421 980/1534/213 977/1531/465
f 981/1216/243 984/1218/244 5363/1535/499 5362/1532/420
f 982/1533/421 985/1536/423 983/1537/214 980/1534/213
f 984/1218/244 987/1220/245 5364/1538/424 5363/1535/499
f 985/1536/423 988/1539/425 986/1540/215 983/1537/214
f 987/1220/245 990/1222/246 5365/1541/500 5364/1538/424
f 988/1539/425 991/1542/427 989/1543/216 986/1540/215
f 990/1222/246 993/1224/247 5366/1544/501 5365/1541/500
f 991/1542/427 994/1545/429 992/1546/217 989/1543/216
f 993/1224/247 996/1226/248 5367/1547/502 5366/1544/501
f 994/1545/429 997/1548/431 995/1549/466 992/1546/217
f 996/1226/248 999/1228/249 5368/1550/432 5367/1547/502
f 997/1548/431 1000/1551/433 998/1552/219 995/1549/466
f 999/1228/249 1002/1230/250 5369/1553/434 5368/1550/432
f 1000/1551/433 1003/1554/435 1001/1555/220 998/1552/219
f 1002/1230/250 1005/1232/251 5370/1556/436 5369/1553/434
f 1003/1554/435 1006/1557/437 1004/1558/467 1001/1555/220
f 1005/1232/251 1008/1234/252 5371/1559/438 5370/1556/436
f 1006/1557/437 1009/1560/439 1007/1561/222 1004/1558/467
f 1008/1234/252 1011/1236/253 5372/1562/440 5371/1559/438
f 1009/1560/439 1012/1563/441 1010/1564/223 1007/1561/222
f 1011/1236/253 1014/1238/254 5373/1565/442 5372/1562/440
f 1012/1563/441 1015/1566/443 1013/1567/468 1010/1564/223
f 1014/1238/254 1017/1240/255 5374/1568/503 5373/1565/442
f 1015/1566/443 1018/1569/445 1016/1570/225 1013/1567/468
f 1017/1240/255 1020/1242/256 5375/1571/504 5374/1568/503
f 1018/1569/445 1021/1572/447 1019/1573/226 1016/1570/225
f 1020/1242/256 1023/991/38 5376/1574/448 5375/1571/504
f 1021/1572/447 1024/1575/449 1022/1576/227 1019/1573/226
f 1023/991/38 930/994/39 5346/1577/387 5376/1574/448
f 1024/1575/449 931/1578/388 929/1579/459 1022/1576/227
f 930/1480/39 736/1580/4 705/1244/40 933/1243/257
f 1107/1581/95 1071/1582/95 1077/1583/97 1091/1584/97
f 1091/1584/97 1077/1583/97 1087/1585/99 1093/1586/99
f 1097/1587/1 1085/1588/1 1084/1589/4 1096/1590/4
f 1103/1591/91 1069/1592/91 1079/1593/93 1099/1594/93
f 1105/1595/89 1073/1596/89 1069/1592/91 1103/1591/91
f 1101/1597/87 1025/1598/87 1073/1596/89 1105/1595/89
f 1115/1599/85 1063/1600/85 1025/1598/87 1101/1597/87
f 1109/1601/83 1075/1602/83 1063/1600/85 1115/1599/85
f 1111/1603/81 1067/1604/81 1075/1602/83 1109/1601/83
f 1117/1605/79 1061/1606/79 1067/1604/81 1111/1603/81
f 1119/1607/77 1065/1608/77 1061/1606/79 1117/1605/79
f 1125/1609/75 1053/1610/75 1065/1608/77 1119/1607/77
f 1089/1611/73 1081/1612/73 1053/1610/75 1125/1609/75
f 1123/1613/71 1049/1614/71 1081/1612/73 1089/1611/73
f 1113/1615/69 1059/1616/69 1049/1614/71 1123/1613/71
f 1121/1617/67 1057/1618/67 1059/1616/69 1113/1615/69
f 1078/1619/97 1092/1620/97 1094/1621/99 1088/1622/99
f 735/1623/1 1219/1624/1 1218/1625/4 736/1626/4
f 1051/1627/63 1052/1628/63 1040/1629/65 1039/1630/65
f 1127/1631/63 1051/1627/63 1039/1630/65 1133/1632/65
f 1047/1633/61 1048/1634/61 1052/1628/63 1051/1627/63
f 1131/1635/61 1047/1633/61 1051/1627/63 1127/1631/63
f 1043/1636/59 1044/1637/59 1048/1634/61 1047/1633/61
f 1135/1638/59 1043/1636/59 1047/1633/61 1131/1635/61
f 1055/1639/57 1056/1640/57 1044/1637/59 1043/1636/59
f 1129/1641/57 1055/1639/57 1043/1636/59 1135/1638/59
f 1029/1642/55 1030/1643/55 1056/1640/57 1055/1639/57
f 1143/1644/55 1029/1642/55 1055/1639/57 1129/1641/57
f 1041/1645/53 1042/1646/53 1030/1643/55 1029/1642/55
f 1137/1647/53 1041/1645/53 1029/1642/55 1143/1644/55
f 1037/1648/51 1038/1649/51 1042/1646/53 1041/1645/53
f 1141/1650/51 1037/1648/51 1041/1645/53 1137/1647/53
f 1033/1651/49 1034/1652/49 1038/1649/51 1037/1648/51
f 1145/1653/49 1033/1651/49 1037/1648/51 1141/1650/51
f 1045/1654/47 1046/1655/47 1034/1652/49 1033/1651/49
f 1139/1656/47 1045/1654/47 1033/1651/49 1145/1653/49
f 1035/1657/45 1036/1658/45 1046/1655/47 1045/1654/47
f 1149/1659/45 1035/1657/45 1045/1654/47 1139/1656/47
f 1031/1660/43 1032/1661/43 1036/1658/45 1035/1657/45
f 1147/1662/43 1031/1660/43 1035/1657/45 1149/1659/45
f 1027/1663/40 1028/1664/40 1032/1661/43 1031/1660/43
f 1151/1665/40 1027/1663/40 1031/1660/43 1147/1662/43
f 1084/1666/4 1083/1667/4 1028/1664/40 1027/1663/40
f 1096/1668/4 1084/1666/4 1027/1663/40 1151/1665/40
f 1087/1585/99 1088/1622/99 1086/1669/1 1085/1588/1
f 1093/1586/99 1087/1585/99 1085/1588/1 1097/1587/1
f 1071/1582/95 1072/1670/95 1078/1619/97 1077/1583/97
f 1133/1632/65 1039/1630/65 1057/1618/67 1121/1617/67
f 1057/1618/67 1058/1671/67 1060/1672/69 1059/1616/69
f 1059/1616/69 1060/1672/69 1050/1673/71 1049/1614/71
f 1049/1614/71 1050/1673/71 1082/1674/73 1081/1612/73
f 1081/1612/73 1082/1674/73 1054/1675/75 1053/1610/75
f 1053/1610/75 1054/1675/75 1066/1676/77 1065/1608/77
f 1065/1608/77 1066/1676/77 1062/1677/79 1061/1606/79
f 1061/1606/79 1062/1677/79 1068/1678/81 1067/1604/81
f 1067/1604/81 1068/1678/81 1076/1679/83 1075/1602/83
f 1075/1602/83 1076/1679/83 1064/1680/85 1063/1600/85
f 1063/1600/85 1064/1680/85 1026/1681/87 1025/1598/87
f 1025/1598/87 1026/1681/87 1074/1682/89 1073/1596/89
f 1073/1596/89 1074/1682/89 1070/1683/91 1069/1592/91
f 1069/1592/91 1070/1683/91 1080/1684/93 1079/1593/93
f 1085/1588/1 1086/1669/1 1083/1685/4 1084/1589/4
f 1077/1583/97 1078/1619/97 1088/1622/99 1087/1585/99
f 1086/1669/1 1098/1686/1 1095/1687/4 1083/1685/4
f 1099/1594/93 1079/1593/93 1071/1582/95 1107/1581/95
f 1209/1688/97 1091/1584/97 1093/1586/99 1213/1689/99
f 1079/1593/93 1080/1684/93 1072/1670/95 1071/1582/95
f 1070/1683/91 1104/1690/91 1100/1691/93 1080/1684/93
f 1207/1692/93 1099/1594/93 1107/1581/95 1201/1693/95
f 1074/1682/89 1106/1694/89 1104/1690/91 1070/1683/91
f 1203/1695/91 1103/1591/91 1099/1594/93 1207/1692/93
f 1026/1681/87 1102/1696/87 1106/1694/89 1074/1682/89
f 1205/1697/89 1105/1595/89 1103/1591/91 1203/1695/91
f 1064/1680/85 1116/1698/85 1102/1696/87 1026/1681/87
f 1199/1699/87 1101/1597/87 1105/1595/89 1205/1697/89
f 1076/1679/83 1110/1700/83 1116/1698/85 1064/1680/85
f 1191/1701/85 1115/1599/85 1101/1597/87 1199/1699/87
f 1068/1678/81 1112/1702/81 1110/1700/83 1076/1679/83
f 1197/1703/83 1109/1601/83 1115/1599/85 1191/1701/85
f 1062/1677/79 1118/1704/79 1112/1702/81 1068/1678/81
f 1193/1705/81 1111/1603/81 1109/1601/83 1197/1703/83
f 1066/1676/77 1120/1706/77 1118/1704/79 1062/1677/79
f 1195/1707/79 1117/1605/79 1111/1603/81 1193/1705/81
f 1054/1675/75 1126/1708/75 1120/1706/77 1066/1676/77
f 1189/1709/77 1119/1607/77 1117/1605/79 1195/1707/79
f 1082/1674/73 1090/1710/73 1126/1708/75 1054/1675/75
f 1181/1711/75 1125/1609/75 1119/1607/77 1189/1709/77
f 1050/1673/71 1124/1712/71 1090/1710/73 1082/1674/73
f 1187/1713/73 1089/1611/73 1125/1609/75 1181/1711/75
f 1060/1672/69 1114/1714/69 1124/1712/71 1050/1673/71
f 1183/1715/71 1123/1613/71 1089/1611/73 1187/1713/73
f 1058/1671/67 1122/1716/67 1114/1714/69 1060/1672/69
f 1185/1717/69 1113/1615/69 1123/1613/71 1183/1715/71
f 1040/1629/65 1134/1718/65 1122/1716/67 1058/1671/67
f 1179/1719/67 1121/1617/67 1113/1615/69 1185/1717/69
f 1052/1628/63 1128/1720/63 1134/1718/65 1040/1629/65
f 1171/1721/65 1133/1632/65 1121/1617/67 1179/1719/67
f 1048/1634/61 1132/1722/61 1128/1720/63 1052/1628/63
f 1177/1723/63 1127/1631/63 1133/1632/65 1171/1721/65
f 1044/1637/59 1136/1724/59 1132/1722/61 1048/1634/61
f 1173/1725/61 1131/1635/61 1127/1631/63 1177/1723/63
f 1056/1640/57 1130/1726/57 1136/1724/59 1044/1637/59
f 1175/1727/59 1135/1638/59 1131/1635/61 1173/1725/61
f 1030/1643/55 1144/1728/55 1130/1726/57 1056/1640/57
f 1169/1729/57 1129/1641/57 1135/1638/59 1175/1727/59
f 1042/1646/53 1138/1730/53 1144/1728/55 1030/1643/55
f 1161/1731/55 1143/1644/55 1129/1641/57 1169/1729/57
f 1038/1649/51 1142/1732/51 1138/1730/53 1042/1646/53
f 1167/1733/53 1137/1647/53 1143/1644/55 1161/1731/55
f 1034/1652/49 1146/1734/49 1142/1732/51 1038/1649/51
f 1163/1735/51 1141/1650/51 1137/1647/53 1167/1733/53
f 1046/1655/47 1140/1736/47 1146/1734/49 1034/1652/49
f 1165/1737/49 1145/1653/49 1141/1650/51 1163/1735/51
f 1036/1658/45 1150/1738/45 1140/1736/47 1046/1655/47
f 1159/1739/47 1139/1656/47 1145/1653/49 1165/1737/49
f 1032/1661/43 1148/1740/43 1150/1738/45 1036/1658/45
f 1153/1741/45 1149/1659/45 1139/1656/47 1159/1739/47
f 1028/1664/40 1152/1742/40 1148/1740/43 1032/1661/43
f 1157/1743/43 1147/1662/43 1149/1659/45 1153/1741/45
f 1083/1667/4 1095/1744/4 1152/1742/40 1028/1664/40
f 1155/1745/40 1151/1665/40 1147/1662/43 1157/1743/43
f 1088/1622/99 1094/1621/99 1098/1686/1 1086/1669/1
f 1216/1746/4 1096/1668/4 1151/1665/40 1155/1745/40
f 1072/1670/95 1108/1747/95 1092/1620/97 1078/1619/97
f 1213/1689/99 1093/1586/99 1097/1587/1 1211/1748/1
f 1211/1748/1 1097/1587/1 1096/1590/4 1216/1749/4
f 1080/1684/93 1100/1691/93 1108/1747/95 1072/1670/95
f 1092/1620/97 1210/1750/97 1214/1751/99 1094/1621/99
f 1098/1686/1 1212/1752/1 1215/1753/4 1095/1687/4
f 1219/1624/1 1211/1748/1 1216/1749/4 1218/1625/4
f 1201/1693/95 1107/1581/95 1091/1584/97 1209/1688/97
f 1100/1691/93 1208/1754/93 1202/1755/95 1108/1747/95
f 1225/1756/95 1201/1693/95 1209/1688/97 1223/1757/97
f 1104/1690/91 1204/1758/91 1208/1754/93 1100/1691/93
f 1227/1759/93 1207/1692/93 1201/1693/95 1225/1756/95
f 1106/1694/89 1206/1760/89 1204/1758/91 1104/1690/91
f 1229/1761/91 1203/1695/91 1207/1692/93 1227/1759/93
f 1102/1696/87 1200/1762/87 1206/1760/89 1106/1694/89
f 1231/1763/89 1205/1697/89 1203/1695/91 1229/1761/91
f 1116/1698/85 1192/1764/85 1200/1762/87 1102/1696/87
f 1233/1765/87 1199/1699/87 1205/1697/89 1231/1763/89
f 1110/1700/83 1198/1766/83 1192/1764/85 1116/1698/85
f 1235/1767/85 1191/1701/85 1199/1699/87 1233/1765/87
f 1112/1702/81 1194/1768/81 1198/1766/83 1110/1700/83
f 1237/1769/83 1197/1703/83 1191/1701/85 1235/1767/85
f 1118/1704/79 1196/1770/79 1194/1768/81 1112/1702/81
f 1239/1771/81 1193/1705/81 1197/1703/83 1237/1769/83
f 1120/1706/77 1190/1772/77 1196/1770/79 1118/1704/79
f 1241/1773/79 1195/1707/79 1193/1705/81 1239/1771/81
f 1126/1708/75 1182/1774/75 1190/1772/77 1120/1706/77
f 1243/1775/77 1189/1709/77 1195/1707/79 1241/1773/79
f 1090/1710/73 1188/1776/73 1182/1774/75 1126/1708/75
f 1245/1777/75 1181/1711/75 1189/1709/77 1243/1775/77
f 1124/1712/71 1184/1778/71 1188/1776/73 1090/1710/73
f 1247/1779/73 1187/1713/73 1181/1711/75 1245/1777/75
f 1114/1714/69 1186/1780/69 1184/1778/71 1124/1712/71
f 1249/1781/71 1183/1715/71 1187/1713/73 1247/1779/73
f 1122/1716/67 1180/1782/67 1186/1780/69 1114/1714/69
f 1251/1783/69 1185/1717/69 1183/1715/71 1249/1781/71
f 1134/1718/65 1172/1784/65 1180/1782/67 1122/1716/67
f 1253/1785/67 1179/1719/67 1185/1717/69 1251/1783/69
f 1128/1720/63 1178/1786/63 1172/1784/65 1134/1718/65
f 1255/1787/65 1171/1721/65 1179/1719/67 1253/1785/67
f 1132/1722/61 1174/1788/61 1178/1786/63 1128/1720/63
f 1257/1789/63 1177/1723/63 1171/1721/65 1255/1787/65
f 1136/1724/59 1176/1790/59 1174/1788/61 1132/1722/61
f 1259/1791/61 1173/1725/61 1177/1723/63 1257/1789/63
f 1130/1726/57 1170/1792/57 1176/1790/59 1136/1724/59
f 1261/1793/59 1175/1727/59 1173/1725/61 1259/1791/61
f 1144/1728/55 1162/1794/55 1170/1792/57 1130/1726/57
f 1263/1795/57 1169/1729/57 1175/1727/59 1261/1793/59
f 1138/1730/53 1168/1796/53 1162/1794/55 1144/1728/55
f 1265/1797/55 1161/1731/55 1169/1729/57 1263/1795/57
f 1142/1732/51 1164/1798/51 1168/1796/53 1138/1730/53
f 1267/1799/53 1167/1733/53 1161/1731/55 1265/1797/55
f 1146/1734/49 1166/1800/49 1164/1798/51 1142/1732/51
f 1269/1801/51 1163/1735/51 1167/1733/53 1267/1799/53
f 1140/1736/47 1160/1802/47 1166/1800/49 1146/1734/49
f 1271/1803/49 1165/1737/49 1163/1735/51 1269/1801/51
f 1150/1738/45 1154/1804/45 1160/1802/47 1140/1736/47
f 1273/1805/47 1159/1739/47 1165/1737/49 1271/1803/49
f 1148/1740/43 1158/1806/43 1154/1804/45 1150/1738/45
f 1275/1807/45 1153/1741/45 1159/1739/47 1273/1805/47
f 1152/1742/40 1156/1808/40 1158/1806/43 1148/1740/43
f 1277/1809/43 1157/1743/43 1153/1741/45 1275/1807/45
f 1095/1744/4 1215/1810/4 1156/1808/40 1152/1742/40
f 1279/1811/40 1155/1745/40 1157/1743/43 1277/1809/43
f 1094/1621/99 1214/1751/99 1212/1752/1 1098/1686/1
f 1218/1812/4 1216/1746/4 1155/1745/40 1279/1811/40
f 1223/1757/97 1209/1688/97 1213/1689/99 1221/1813/99
f 1108/1747/95 1202/1755/95 1210/1750/97 1092/1620/97
f 734/1814/99 1221/1813/99 1219/1624/1 735/1623/1
f 1212/1752/1 1220/1245/1 1217/1248/4 1215/1753/4
f 733/1815/97 1223/1757/97 1221/1813/99 734/1814/99
f 1210/1750/97 1224/1251/97 1222/1249/99 1214/1751/99
f 732/1816/95 1225/1756/95 1223/1757/97 733/1815/97
f 1202/1755/95 1226/1253/95 1224/1251/97 1210/1750/97
f 731/1817/93 1227/1759/93 1225/1756/95 732/1816/95
f 1208/1754/93 1228/1255/93 1226/1253/95 1202/1755/95
f 730/1818/91 1229/1761/91 1227/1759/93 731/1817/93
f 1204/1758/91 1230/1257/91 1228/1255/93 1208/1754/93
f 729/1819/89 1231/1763/89 1229/1761/91 730/1818/91
f 1206/1760/89 1232/1259/89 1230/1257/91 1204/1758/91
f 728/1820/87 1233/1765/87 1231/1763/89 729/1819/89
f 1200/1762/87 1234/1261/87 1232/1259/89 1206/1760/89
f 727/1821/85 1235/1767/85 1233/1765/87 728/1820/87
f 1192/1764/85 1236/1263/85 1234/1261/87 1200/1762/87
f 726/1822/83 1237/1769/83 1235/1767/85 727/1821/85
f 1198/1766/83 1238/1265/83 1236/1263/85 1192/1764/85
f 725/1823/81 1239/1771/81 1237/1769/83 726/1822/83
f 1194/1768/81 1240/1267/81 1238/1265/83 1198/1766/83
f 724/1824/79 1241/1773/79 1239/1771/81 725/1823/81
f 1196/1770/79 1242/1269/79 1240/1267/81 1194/1768/81
f 723/1825/77 1243/1775/77 1241/1773/79 724/1824/79
f 1190/1772/77 1244/1271/77 1242/1269/79 1196/1770/79
f 722/1826/75 1245/1777/75 1243/1775/77 723/1825/77
f 1182/1774/75 1246/1273/75 1244/1271/77 1190/1772/77
f 721/1827/73 1247/1779/73 1245/1777/75 722/1826/75
f 1188/1776/73 1248/1275/73 1246/1273/75 1182/1774/75
f 720/1828/71 1249/1781/71 1247/1779/73 721/1827/73
f 1184/1778/71 1250/1277/71 1248/1275/73 1188/1776/73
f 719/1829/69 1251/1783/69 1249/1781/71 720/1828/71
f 1186/1780/69 1252/1279/69 1250/1277/71 1184/1778/71
f 718/1830/67 1253/1785/67 1251/1783/69 719/1829/69
f 1180/1782/67 1254/1281/67 1252/1279/69 1186/1780/69
f 717/1831/65 1255/1787/65 1253/1785/67 718/1830/67
f 1172/1784/65 1256/1283/65 1254/1281/67 1180/1782/67
f 716/1832/63 1257/1789/63 1255/1787/65 717/1831/65
f 1178/1786/63 1258/1285/63 1256/1283/65 1172/1784/65
f 715/1833/61 1259/1791/61 1257/1789/63 716/1832/63
f 1174/1788/61 1260/1287/61 1258/1285/63 1178/1786/63
f 714/1834/59 1261/1793/59 1259/1791/61 715/1833/61
f 1176/1790/59 1262/1289/59 1260/1287/61 1174/1788/61
f 713/1835/57 1263/1795/57 1261/1793/59 714/1834/59
f 1170/1792/57 1264/1291/57 1262/1289/59 1176/1790/59
f 712/1836/55 1265/1797/55 1263/1795/57 713/1835/57
f 1162/1794/55 1266/1293/55 1264/1291/57 1170/1792/57
f 711/1837/53 1267/1799/53 1265/1797/55 712/1836/55
f 1168/1796/53 1268/1295/53 1266/1293/55 1162/1794/55
f 710/1838/51 1269/1801/51 1267/1799/53 711/1837/53
f 1164/1798/51 1270/1297/51 1268/1295/53 1168/1796/53
f 709/1839/49 1271/1803/49 1269/1801/51 710/1838/51
f 1166/1800/49 1272/1299/49 1270/1297/51 1164/1798/51
f 708/1840/47 1273/1805/47 1271/1803/49 709/1839/49
f 1160/1802/47 1274/1301/47 1272/1299/49 1166/1800/49
f 707/1841/45 1275/1807/45 1273/1805/47 708/1840/47
f 1154/1804/45 1276/1303/45 1274/1301/47 1160/1802/47
f 706/1842/43 1277/1809/43 1275/1807/45 707/1841/45
f 1158/1806/43 1278/1305/43 1276/1303/45 1154/1804/45
f 705/1843/40 1279/1811/40 1277/1809/43 706/1842/43
f 1156/1808/40 1280/1307/40 1278/1305/43 1158/1806/43
f 736/1844/4 1218/1812/4 1279/1811/40 705/1843/40
f 1215/1810/4 1217/1309/4 1280/1307/40 1156/1808/40
f 1214/1751/99 1222/1249/99 1220/1245/1 1212/1752/1
f 1221/1813/99 1213/1689/99 1211/1748/1 1219/1624/1
f 1039/1630/65 1040/1629/65 1058/1671/67 1057/1618/67
f 1344/1845/1 1567/1846/2 1476/1847/3 1313/1848/4
f 1282/1849/5 5379/1850/5 1479/1851/6 1473/1852/7
f 5380/1853/5 5381/1854/5 1485/1855/505 1482/1856/9
f 5381/1854/5 5382/1857/5 1488/1858/10 1485/1855/505
f 5382/1857/5 5383/1859/5 1491/1860/11 1488/1858/10
f 5383/1859/5 5384/1861/5 1494/1862/506 1491/1860/11
f 5384/1861/5 5385/1863/5 1497/1864/13 1494/1862/506
f 5385/1863/5 5386/1865/5 1500/1866/14 1497/1864/13
f 5386/1865/5 5387/1867/5 1503/1868/15 1500/1866/14
f 5387/1867/5 5388/1869/5 1506/1870/507 1503/1868/15
f 5388/1869/5 5389/1871/5 1509/1872/451 1506/1870/507
f 5389/1871/5 5390/1873/5 1512/1874/18 1509/1872/451
f 5390/1873/5 5391/1875/5 1515/1876/19 1512/1874/18
f 5391/1875/5 5392/1877/5 1518/1878/20 1515/1876/19
f 5392/1877/5 5393/1879/5 1521/1880/21 1518/1878/20
f 5393/1879/5 5394/1881/5 1524/1882/22 1521/1880/21
f 5394/1881/5 5395/1883/5 1527/1884/23 1524/1882/22
f 5395/1883/5 5396/1885/5 1530/1886/24 1527/1884/23
f 5396/1885/5 5397/1887/5 1533/1888/508 1530/1886/24
f 5397/1887/5 5398/1889/5 1536/1890/26 1533/1888/508
f 5398/1889/5 5399/1891/5 1539/1892/27 1536/1890/26
f 5399/1891/5 5400/1893/5 1542/1894/453 1539/1892/27
f 5400/1893/5 5401/1895/5 1545/1896/29 1542/1894/453
f 5401/1895/5 5402/1897/5 1548/1898/509 1545/1896/29
f 5402/1897/5 5403/1899/5 1551/1900/31 1548/1898/509
f 5403/1899/5 5404/1901/5 1554/1902/32 1551/1900/31
f 5404/1901/5 5405/1903/5 1557/1904/510 1554/1902/32
f 5405/1903/5 5406/1905/5 1560/1906/34 1557/1904/510
f 5406/1905/5 5407/1907/5 1563/1908/35 1560/1906/34
f 5407/1907/5 5408/1909/5 1566/1910/36 1563/1908/35
f 5408/1909/5 1281/1911/5 1477/1912/37 1566/1910/36
f 1663/1913/38 1375/1914/1 1376/1915/4 1570/1916/39
f 1314/1917/40 1474/1918/41 1480/1919/42 1315/1920/43
f 1313/1921/4 1476/1922/3 1474/1918/41 1314/1917/40
f 1315/1920/43 1480/1919/42 1483/1923/44 1316/1924/45
f 1316/1924/45 1483/1923/44 1486/1925/46 1317/1926/47
f 1317/1926/47 1486/1925/46 1489/1927/48 1318/1928/49
f 1318/1928/49 1489/1927/48 1492/1929/50 1319/1930/51
f 1319/1930/51 1492/1929/50 1495/1931/52 1320/1932/53
f 1320/1932/53 1495/1931/52 1498/1933/511 1321/1934/55
f 1321/1934/55 1498/1933/511 1501/1935/56 1322/1936/57
f 1322/1936/57 1501/1935/56 1504/1937/58 1323/1938/59
f 1323/1938/59 1504/1937/58 1507/1939/60 1324/1940/61
f 1324/1940/61 1507/1939/60 1510/1941/62 1325/1942/63
f 1325/1942/63 1510/1941/62 1513/1943/64 1326/1944/65
f 1326/1944/65 1513/1943/64 1516/1945/66 1327/1946/67
f 1327/1946/67 1516/1945/66 1519/1947/68 1328/1948/69
f 1328/1948/69 1519/1947/68 1522/1949/512 1329/1950/71
f 1329/1950/71 1522/1949/512 1525/1951/72 1330/1952/73
f 1330/1952/73 1525/1951/72 1528/1953/74 1331/1954/75
f 1331/1954/75 1528/1953/74 1531/1955/76 1332/1956/77
f 1332/1956/77 1531/1955/76 1534/1957/78 1333/1958/79
f 1333/1958/79 1534/1957/78 1537/1959/80 1334/1960/81
f 1334/1960/81 1537/1959/80 1540/1961/82 1335/1962/83
f 1335/1962/83 1540/1961/82 1543/1963/84 1336/1964/85
f 1336/1964/85 1543/1963/84 1546/1965/86 1337/1966/87
f 1337/1966/87 1546/1965/86 1549/1967/88 1338/1968/89
f 1338/1968/89 1549/1967/88 1552/1969/90 1339/1970/91
f 1339/1970/91 1552/1969/90 1555/1971/92 1340/1972/93
f 1340/1972/93 1555/1971/92 1558/1973/94 1341/1974/95
f 1341/1974/95 1558/1973/94 1561/1975/96 1342/1976/97
f 1342/1976/97 1561/1975/96 1564/1977/98 1343/1978/99
f 1343/1978/99 1564/1977/98 1567/1846/2 1344/1845/1
f 5379/1850/5 5380/1853/5 1482/1856/9 1479/1851/6
f 1283/1979/100 5377/1980/101 1378/1981/102 1384/1982/103
f 1300/1983/104 1299/1984/105 1432/1985/106 1435/1986/107
f 1287/1987/108 1286/1988/109 1393/1989/110 1396/1990/111
f 1284/1991/112 1283/1979/100 1384/1982/103 1387/1992/113
f 1301/1993/114 1300/1983/104 1435/1986/107 1438/1994/115
f 1288/1995/116 1287/1987/108 1396/1990/111 1399/1996/117
f 1302/1997/118 1301/1993/114 1438/1994/115 1441/1998/119
f 1289/1999/120 1288/1995/116 1399/1996/117 1402/2000/121
f 1303/2001/122 1302/1997/118 1441/1998/119 1444/2002/123
f 1290/2003/124 1289/1999/120 1402/2000/121 1405/2004/125
f 1304/2005/126 1303/2001/122 1444/2002/123 1447/2006/127
f 1291/2007/128 1290/2003/124 1405/2004/125 1408/2008/129
f 1305/2009/130 1304/2005/126 1447/2006/127 1450/2010/131
f 1292/2011/132 1291/2007/128 1408/2008/129 1411/2012/133
f 1306/2013/134 1305/2009/130 1450/2010/131 1453/2014/135
f 1293/2015/136 1292/2011/132 1411/2012/133 1414/2016/137
f 1307/2017/138 1306/2013/134 1453/2014/135 1456/2018/139
f 1294/2019/140 1293/2015/136 1414/2016/137 1417/2020/141
f 1308/2021/142 1307/2017/138 1456/2018/139 1459/2022/143
f 1295/2023/144 1294/2019/140 1417/2020/141 1420/2024/145
f 1309/2025/146 1308/2021/142 1459/2022/143 1462/2026/147
f 1296/2027/148 1295/2023/144 1420/2024/145 1423/2028/149
f 1377/2029/150 1381/2030/151 1470/2031/152 1467/2032/153 1464/2033/456 1461/2034/155 1458/2035/156 1455/2036/157 1452/2037/158 1449/2038/159 1446/2039/160 1443/2040/161 1440/2041/162 1437/2042/163 1434/2043/457 1431/2044/165 1428/2045/166 1425/2046/167 1422/2047/168 1419/2048/169 1416/2049/170 1413/2050/171 1410/2051/172 1407/2052/173 1404/2053/174 1401/2054/175 1398/2055/176 1395/2056/177 1392/2057/178 1389/2058/179 1386/2059/180 1383/2060/181
f 1310/2061/182 1309/2025/146 1462/2026/147 1465/2062/183
f 1297/2063/184 1296/2027/148 1423/2028/149 1426/2064/185
f 5378/2065/186 1312/2066/187 1471/2067/188 1380/2068/189
f 1311/2069/190 1310/2061/182 1465/2062/183 1468/2070/191
f 1298/2071/192 1297/2063/184 1426/2064/185 1429/2072/193
f 1285/2073/194 1284/1991/112 1387/1992/113 1390/2074/195
f 1312/2066/187 1311/2069/190 1468/2070/191 1471/2067/188
f 1299/1984/105 1298/2071/192 1429/2072/193 1432/1985/106
f 1286/1988/109 1285/2073/194 1390/2074/195 1393/1989/110
f 1569/2075/459 1572/2076/460 1575/2077/461 1578/2078/462 1581/2079/200 1584/2080/513 1587/2081/202 1590/2082/514 1593/2083/463 1596/2084/464 1599/2085/206 1602/2086/207 1605/2087/208 1608/2088/209 1611/2089/515 1614/2090/211 1617/2091/465 1620/2092/213 1623/2093/516 1626/2094/215 1629/2095/216 1632/2096/517 1635/2097/466 1638/2098/219 1641/2099/518 1644/2100/221 1647/2101/222 1650/2102/223 1653/2103/468 1656/2104/225 1659/2105/519 1662/2106/227
f 1576/2107/228 1346/2108/43 1347/2109/45 1579/2110/229
f 1579/2110/229 1347/2109/45 1348/2111/47 1582/2112/230
f 1582/2112/230 1348/2111/47 1349/2113/49 1585/2114/231
f 1585/2114/231 1349/2113/49 1350/2115/51 1588/2116/232
f 1588/2116/232 1350/2115/51 1351/2117/53 1591/2118/233
f 1591/2118/233 1351/2117/53 1352/2119/55 1594/2120/234
f 1594/2120/234 1352/2119/55 1353/2121/57 1597/2122/235
f 1597/2122/235 1353/2121/57 1354/2123/59 1600/2124/236
f 1600/2124/236 1354/2123/59 1355/2125/61 1603/2126/237
f 1603/2126/237 1355/2125/61 1356/2127/63 1606/2128/238
f 1606/2128/238 1356/2127/63 1357/2129/65 1609/2130/239
f 1609/2130/239 1357/2129/65 1358/2131/67 1612/2132/240
f 1612/2132/240 1358/2131/67 1359/2133/69 1615/2134/241
f 1615/2134/241 1359/2133/69 1360/2135/71 1618/2136/242
f 1618/2136/242 1360/2135/71 1361/2137/73 1621/2138/243
f 1621/2138/243 1361/2137/73 1362/2139/75 1624/2140/244
f 1624/2140/244 1362/2139/75 1363/2141/77 1627/2142/245
f 1627/2142/245 1363/2141/77 1364/2143/79 1630/2144/246
f 1630/2144/246 1364/2143/79 1365/2145/81 1633/2146/247
f 1633/2146/247 1365/2145/81 1366/2147/83 1636/2148/248
f 1636/2148/248 1366/2147/83 1367/2149/85 1639/2150/249
f 1639/2150/249 1367/2149/85 1368/2151/87 1642/2152/250
f 1642/2152/250 1368/2151/87 1369/2153/89 1645/2154/251
f 1645/2154/251 1369/2153/89 1370/2155/91 1648/2156/252
f 1648/2156/252 1370/2155/91 1371/2157/93 1651/2158/253
f 1651/2158/253 1371/2157/93 1372/2159/95 1654/2160/254
f 1654/2160/254 1372/2159/95 1373/2161/97 1657/2162/255
f 1657/2162/255 1373/2161/97 1374/2163/99 1660/2164/256
f 1660/2164/256 1374/2163/99 1375/1914/1 1663/1913/38
f 1573/2165/257 1345/2166/40 1346/2108/43 1576/2107/228
f 1860/2167/1 1344/2168/1 1313/2169/4 1857/2170/4
f 1862/2171/99 1343/2172/99 1344/2168/1 1860/2167/1
f 1864/2173/97 1342/2174/97 1343/2172/99 1862/2171/99
f 1866/2175/95 1341/2176/95 1342/2174/97 1864/2173/97
f 1868/2177/93 1340/2178/93 1341/2176/95 1866/2175/95
f 1870/2179/91 1339/2180/91 1340/2178/93 1868/2177/93
f 1872/2181/89 1338/2182/89 1339/2180/91 1870/2179/91
f 1874/2183/87 1337/2184/87 1338/2182/89 1872/2181/89
f 1876/2185/85 1336/2186/85 1337/2184/87 1874/2183/87
f 1878/2187/83 1335/2188/83 1336/2186/85 1876/2185/85
f 1880/2189/81 1334/2190/81 1335/2188/83 1878/2187/83
f 1882/2191/79 1333/2192/79 1334/2190/81 1880/2189/81
f 1884/2193/77 1332/2194/77 1333/2192/79 1882/2191/79
f 1886/2195/75 1331/2196/75 1332/2194/77 1884/2193/77
f 1888/2197/73 1330/2198/73 1331/2196/75 1886/2195/75
f 1890/2199/71 1329/2200/71 1330/2198/73 1888/2197/73
f 1892/2201/69 1328/2202/69 1329/2200/71 1890/2199/71
f 1894/2203/67 1327/2204/67 1328/2202/69 1892/2201/69
f 1896/2205/65 1326/2206/65 1327/2204/67 1894/2203/67
f 1898/2207/63 1325/2208/63 1326/2206/65 1896/2205/65
f 1900/2209/61 1324/2210/61 1325/2208/63 1898/2207/63
f 1902/2211/59 1323/2212/59 1324/2210/61 1900/2209/61
f 1904/2213/57 1322/2214/57 1323/2212/59 1902/2211/59
f 1906/2215/55 1321/2216/55 1322/2214/57 1904/2213/57
f 1908/2217/53 1320/2218/53 1321/2216/55 1906/2215/55
f 1910/2219/51 1319/2220/51 1320/2218/53 1908/2217/53
f 1912/2221/49 1318/2222/49 1319/2220/51 1910/2219/51
f 1914/2223/47 1317/2224/47 1318/2222/49 1912/2221/49
f 1916/2225/45 1316/2226/45 1317/2224/47 1914/2223/47
f 1918/2227/43 1315/2228/43 1316/2226/45 1916/2225/45
f 1920/2229/40 1314/2230/40 1315/2228/43 1918/2227/43
f 1857/2231/4 1313/2232/4 1314/2230/40 1920/2229/40
f 1378/1981/102 1380/2233/189 5409/2234/258 5410/2235/259
f 1379/2236/260 1382/2237/261 1381/2238/151 1377/2239/150
f 1384/1982/103 1378/1981/102 5410/2235/259 5411/2240/520
f 1385/2241/521 1379/2236/260 1377/2239/150 1383/2242/181
f 1387/1992/113 1384/1982/103 5411/2240/520 5412/2243/264
f 1388/2244/265 1385/2241/521 1383/2242/181 1386/2245/180
f 1390/2074/195 1387/1992/113 5412/2243/264 5413/2246/522
f 1391/2247/267 1388/2244/265 1386/2245/180 1389/2248/179
f 1393/1989/110 1390/2074/195 5413/2246/522 5414/2249/523
f 1394/2250/269 1391/2247/267 1389/2248/179 1392/2251/178
f 1396/1990/111 1393/1989/110 5414/2249/523 5415/2252/524
f 1397/2253/271 1394/2250/269 1392/2251/178 1395/2254/177
f 1399/1996/117 1396/1990/111 5415/2252/524 5416/2255/525
f 1400/2256/273 1397/2253/271 1395/2254/177 1398/2257/176
f 1402/2000/121 1399/1996/117 5416/2255/525 5417/2258/471
f 1403/2259/275 1400/2256/273 1398/2257/176 1401/2260/175
f 1405/2004/125 1402/2000/121 5417/2258/471 5418/2261/472
f 1406/2262/277 1403/2259/275 1401/2260/175 1404/2263/174
f 1408/2008/129 1405/2004/125 5418/2261/472 5419/2264/278
f 1409/2265/279 1406/2262/277 1404/2263/174 1407/2266/173
f 1411/2012/133 1408/2008/129 5419/2264/278 5420/2267/280
f 1412/2268/281 1409/2265/279 1407/2266/173 1410/2269/172
f 1414/2016/137 1411/2012/133 5420/2267/280 5421/2270/282
f 1415/2271/526 1412/2268/281 1410/2269/172 1413/2272/171
f 1417/2020/141 1414/2016/137 5421/2270/282 5422/2273/284
f 1418/2274/527 1415/2271/526 1413/2272/171 1416/2275/170
f 1420/2024/145 1417/2020/141 5422/2273/284 5423/2276/286
f 1421/2277/287 1418/2274/527 1416/2275/170 1419/2278/169
f 1423/2028/149 1420/2024/145 5423/2276/286 5424/2279/288
f 1424/2280/289 1421/2277/287 1419/2278/169 1422/2281/168
f 1426/2064/185 1423/2028/149 5424/2279/288 5425/2282/290
f 1427/2283/528 1424/2280/289 1422/2281/168 1425/2284/167
f 1429/2072/193 1426/2064/185 5425/2282/290 5426/2285/292
f 1430/2286/477 1427/2283/528 1425/2284/167 1428/2287/166
f 1432/1985/106 1429/2072/193 5426/2285/292 5427/2288/294
f 1433/2289/529 1430/2286/477 1428/2287/166 1431/2290/165
f 1435/1986/107 1432/1985/106 5427/2288/294 5428/2291/296
f 1436/2292/297 1433/2289/529 1431/2290/165 1434/2293/457
f 1438/1994/115 1435/1986/107 5428/2291/296 5429/2294/530
f 1439/2295/299 1436/2292/297 1434/2293/457 1437/2296/163
f 1441/1998/119 1438/1994/115 5429/2294/530 5430/2297/300
f 1442/2298/301 1439/2295/299 1437/2296/163 1440/2299/162
f 1444/2002/123 1441/1998/119 5430/2297/300 5431/2300/302
f 1445/2301/303 1442/2298/301 1440/2299/162 1443/2302/161
f 1447/2006/127 1444/2002/123 5431/2300/302 5432/2303/304
f 1448/2304/305 1445/2301/303 1443/2302/161 1446/2305/160
f 1450/2010/131 1447/2006/127 5432/2303/304 5433/2306/306
f 1451/2307/307 1448/2304/305 1446/2305/160 1449/2308/159
f 1453/2014/135 1450/2010/131 5433/2306/306 5434/2309/531
f 1454/2310/309 1451/2307/307 1449/2308/159 1452/2311/158
f 1456/2018/139 1453/2014/135 5434/2309/531 5435/2312/532
f 1457/2313/311 1454/2310/309 1452/2311/158 1455/2314/157
f 1459/2022/143 1456/2018/139 5435/2312/532 5436/2315/479
f 1460/2316/313 1457/2313/311 1455/2314/157 1458/2317/156
f 1462/2026/147 1459/2022/143 5436/2315/479 5437/2318/480
f 1463/2319/533 1460/2316/313 1458/2317/156 1461/2320/155
f 1465/2062/183 1462/2026/147 5437/2318/480 5438/2321/316
f 1466/2322/481 1463/2319/533 1461/2320/155 1464/2323/456
f 1468/2070/191 1465/2062/183 5438/2321/316 5439/2324/318
f 1469/2325/319 1466/2322/481 1464/2323/456 1467/2326/153
f 1471/2067/188 1468/2070/191 5439/2324/318 5440/2327/320
f 1472/2328/483 1469/2325/319 1467/2326/153 1470/2329/152
f 1380/2068/189 1471/2067/188 5440/2327/320 5409/2330/258
f 1382/2331/261 1472/2328/483 1470/2329/152 1381/2332/151
f 5377/1980/101 5378/2333/186 1380/2233/189 1378/1981/102
f 1474/1918/41 1476/1922/3 5441/2334/322 5442/2335/323
f 1475/2336/324 1478/2337/325 1477/2338/37 1473/1852/7
f 1480/1919/42 1474/1918/41 5442/2335/323 5443/2339/484
f 1481/2340/327 1475/2336/324 1473/1852/7 1479/1851/6
f 1483/1923/44 1480/1919/42 5443/2339/484 5444/2341/534
f 1484/2342/329 1481/2340/327 1479/1851/6 1482/1856/9
f 1486/1925/46 1483/1923/44 5444/2341/534 5445/2343/485
f 1487/2344/331 1484/2342/329 1482/1856/9 1485/1855/505
f 1489/1927/48 1486/1925/46 5445/2343/485 5446/2345/486
f 1490/2346/333 1487/2344/331 1485/1855/505 1488/1858/10
f 1492/1929/50 1489/1927/48 5446/2345/486 5447/2347/535
f 1493/2348/335 1490/2346/333 1488/1858/10 1491/1860/11
f 1495/1931/52 1492/1929/50 5447/2347/535 5448/2349/336
f 1496/2350/337 1493/2348/335 1491/1860/11 1494/1862/506
f 1498/1933/511 1495/1931/52 5448/2349/336 5449/2351/338
f 1499/2352/339 1496/2350/337 1494/1862/506 1497/1864/13
f 1501/1935/56 1498/1933/511 5449/2351/338 5450/2353/340
f 1502/2354/341 1499/2352/339 1497/1864/13 1500/1866/14
f 1504/1937/58 1501/1935/56 5450/2353/340 5451/2355/490
f 1505/2356/343 1502/2354/341 1500/1866/14 1503/1868/15
f 1507/1939/60 1504/1937/58 5451/2355/490 5452/2357/491
f 1508/2358/536 1505/2356/343 1503/1868/15 1506/1870/507
f 1510/1941/62 1507/1939/60 5452/2357/491 5453/2359/492
f 1511/2360/537 1508/2358/536 1506/1870/507 1509/1872/451
f 1513/1943/64 1510/1941/62 5453/2359/492 5454/2361/348
f 1514/2362/349 1511/2360/537 1509/1872/451 1512/1874/18
f 1516/1945/66 1513/1943/64 5454/2361/348 5455/2363/350
f 1517/2364/351 1514/2362/349 1512/1874/18 1515/1876/19
f 1519/1947/68 1516/1945/66 5455/2363/350 5456/2365/352
f 1520/2366/353 1517/2364/351 1515/1876/19 1518/1878/20
f 1522/1949/512 1519/1947/68 5456/2365/352 5457/2367/354
f 1523/2368/355 1520/2366/353 1518/1878/20 1521/1880/21
f 1525/1951/72 1522/1949/512 5457/2367/354 5458/2369/356
f 1526/2370/357 1523/2368/355 1521/1880/21 1524/1882/22
f 1528/1953/74 1525/1951/72 5458/2369/356 5459/2371/358
f 1529/2372/359 1526/2370/357 1524/1882/22 1527/1884/23
f 1531/1955/76 1528/1953/74 5459/2371/358 5460/2373/538
f 1532/2374/361 1529/2372/359 1527/1884/23 1530/1886/24
f 1534/1957/78 1531/1955/76 5460/2373/538 5461/2375/539
f 1535/2376/363 1532/2374/361 1530/1886/24 1533/1888/508
f 1537/1959/80 1534/1957/78 5461/2375/539 5462/2377/364
f 1538/2378/365 1535/2376/363 1533/1888/508 1536/1890/26
f 1540/1961/82 1537/1959/80 5462/2377/364 5463/2379/366
f 1541/2380/367 1538/2378/365 1536/1890/26 1539/1892/27
f 1543/1963/84 1540/1961/82 5463/2379/366 5464/2381/368
f 1544/2382/369 1541/2380/367 1539/1892/27 1542/1894/453
f 1546/1965/86 1543/1963/84 5464/2381/368 5465/2383/493
f 1547/2384/371 1544/2382/369 1542/1894/453 1545/1896/29
f 1549/1967/88 1546/1965/86 5465/2383/493 5466/2385/372
f 1550/2386/373 1547/2384/371 1545/1896/29 1548/1898/509
f 1552/1969/90 1549/1967/88 5466/2385/372 5467/2387/374
f 1553/2388/375 1550/2386/373 1548/1898/509 1551/1900/31
f 1555/1971/92 1552/1969/90 5467/2387/374 5468/2389/540
f 1556/2390/377 1553/2388/375 1551/1900/31 1554/1902/32
f 1558/1973/94 1555/1971/92 5468/2389/540 5469/2391/494
f 1559/2392/379 1556/2390/377 1554/1902/32 1557/1904/510
f 1561/1975/96 1558/1973/94 5469/2391/494 5470/2393/541
f 1562/2394/381 1559/2392/379 1557/1904/510 1560/1906/34
f 1564/1977/98 1561/1975/96 5470/2393/541 5471/2395/382
f 1565/2396/383 1562/2394/381 1560/1906/34 1563/1908/35
f 1567/1846/2 1564/1977/98 5471/2395/382 5472/2397/384
f 1568/2398/385 1565/2396/383 1563/1908/35 1566/1910/36
f 1476/1847/3 1567/1846/2 5472/2397/384 5441/2399/322
f 1478/2400/325 1568/2398/385 1566/1910/36 1477/1912/37
f 1281/2401/5 1282/1849/5 1473/1852/7 1477/2338/37
f 1570/2402/39 1573/2165/257 5473/2403/495 5474/2404/387
f 1571/2405/388 1574/2406/389 1572/2407/460 1569/2408/459
f 1573/2165/257 1576/2107/228 5475/2409/390 5473/2403/495
f 1574/2406/389 1577/2410/391 1575/2411/461 1572/2407/460
f 1576/2107/228 1579/2110/229 5476/2412/542 5475/2409/390
f 1577/2410/391 1580/2413/393 1578/2414/462 1575/2411/461
f 1579/2110/229 1582/2112/230 5477/2415/394 5476/2412/542
f 1580/2413/393 1583/2416/395 1581/2417/200 1578/2414/462
f 1582/2112/230 1585/2114/231 5478/2418/396 5477/2415/394
f 1583/2416/395 1586/2419/397 1584/2420/513 1581/2417/200
f 1585/2114/231 1588/2116/232 5479/2421/398 5478/2418/396
f 1586/2419/397 1589/2422/399 1587/2423/202 1584/2420/513
f 1588/2116/232 1591/2118/233 5480/2424/400 5479/2421/398
f 1589/2422/399 1592/2425/401 1590/2426/514 1587/2423/202
f 1591/2118/233 1594/2120/234 5481/2427/543 5480/2424/400
f 1592/2425/401 1595/2428/403 1593/2429/463 1590/2426/514
f 1594/2120/234 1597/2122/235 5482/2430/404 5481/2427/543
f 1595/2428/403 1598/2431/405 1596/2432/464 1593/2429/463
f 1597/2122/235 1600/2124/236 5483/2433/406 5482/2430/404
f 1598/2431/405 1601/2434/407 1599/2435/206 1596/2432/464
f 1600/2124/236 1603/2126/237 5484/2436/408 5483/2433/406
f 1601/2434/407 1604/2437/409 1602/2438/207 1599/2435/206
f 1603/2126/237 1606/2128/238 5485/2439/496 5484/2436/408
f 1604/2437/409 1607/2440/411 1605/2441/208 1602/2438/207
f 1606/2128/238 1609/2130/239 5486/2442/412 5485/2439/496
f 1607/2440/411 1610/2443/413 1608/2444/209 1605/2441/208
f 1609/2130/239 1612/2132/240 5487/2445/414 5486/2442/412
f 1610/2443/413 1613/2446/415 1611/2447/515 1608/2444/209
f 1612/2132/240 1615/2134/241 5488/2448/497 5487/2445/414
f 1613/2446/415 1616/2449/417 1614/2450/211 1611/2447/515
f 1615/2134/241 1618/2136/242 5489/2451/498 5488/2448/497
f 1616/2449/417 1619/2452/419 1617/2453/465 1614/2450/211
f 1618/2136/242 1621/2138/243 5490/2454/544 5489/2451/498
f 1619/2452/419 1622/2455/421 1620/2456/213 1617/2453/465
f 1621/2138/243 1624/2140/244 5491/2457/499 5490/2454/544
f 1622/2455/421 1625/2458/423 1623/2459/516 1620/2456/213
f 1624/2140/244 1627/2142/245 5492/2460/545 5491/2457/499
f 1625/2458/423 1628/2461/425 1626/2462/215 1623/2459/516
f 1627/2142/245 1630/2144/246 5493/2463/426 5492/2460/545
f 1628/2461/425 1631/2464/427 1629/2465/216 1626/2462/215
f 1630/2144/246 1633/2146/247 5494/2466/501 5493/2463/426
f 1631/2464/427 1634/2467/429 1632/2468/517 1629/2465/216
f 1633/2146/247 1636/2148/248 5495/2469/502 5494/2466/501
f 1634/2467/429 1637/2470/431 1635/2471/466 1632/2468/517
f 1636/2148/248 1639/2150/249 5496/2472/432 5495/2469/502
f 1637/2470/431 1640/2473/433 1638/2474/219 1635/2471/466
f 1639/2150/249 1642/2152/250 5497/2475/434 5496/2472/432
f 1640/2473/433 1643/2476/435 1641/2477/518 1638/2474/219
f 1642/2152/250 1645/2154/251 5498/2478/436 5497/2475/434
f 1643/2476/435 1646/2479/437 1644/2480/221 1641/2477/518
f 1645/2154/251 1648/2156/252 5499/2481/438 5498/2478/436
f 1646/2479/437 1649/2482/439 1647/2483/222 1644/2480/221
f 1648/2156/252 1651/2158/253 5500/2484/440 5499/2481/438
f 1649/2482/439 1652/2485/441 1650/2486/223 1647/2483/222
f 1651/2158/253 1654/2160/254 5501/2487/442 5500/2484/440
f 1652/2485/441 1655/2488/443 1653/2489/468 1650/2486/223
f 1654/2160/254 1657/2162/255 5502/2490/503 5501/2487/442
f 1655/2488/443 1658/2491/445 1656/2492/225 1653/2489/468
f 1657/2162/255 1660/2164/256 5503/2493/504 5502/2490/503
f 1658/2491/445 1661/2494/447 1659/2495/519 1656/2492/225
f 1660/2164/256 1663/1913/38 5504/2496/546 5503/2493/504
f 1661/2494/447 1664/2497/449 1662/2498/227 1659/2495/519
f 1663/1913/38 1570/1916/39 5474/2499/387 5504/2496/546
f 1664/2497/449 1571/2500/388 1569/2501/459 1662/2498/227
f 1570/2402/39 1376/2502/4 1345/2166/40 1573/2165/257
f 1747/2503/95 1711/2504/95 1717/2505/97 1731/2506/97
f 1731/2506/97 1717/2505/97 1727/2507/99 1733/2508/99
f 1737/2509/1 1725/2510/1 1724/2511/4 1736/2512/4
f 1743/2513/91 1709/2514/91 1719/2515/93 1739/2516/93
f 1745/2517/89 1713/2518/89 1709/2514/91 1743/2513/91
f 1741/2519/87 1665/2520/87 1713/2518/89 1745/2517/89
f 1755/2521/85 1703/2522/85 1665/2520/87 1741/2519/87
f 1749/2523/83 1715/2524/83 1703/2522/85 1755/2521/85
f 1751/2525/81 1707/2526/81 1715/2524/83 1749/2523/83
f 1757/2527/79 1701/2528/79 1707/2526/81 1751/2525/81
f 1759/2529/77 1705/2530/77 1701/2528/79 1757/2527/79
f 1765/2531/75 1693/2532/75 1705/2530/77 1759/2529/77
f 1729/2533/73 1721/2534/73 1693/2532/75 1765/2531/75
f 1763/2535/71 1689/2536/71 1721/2534/73 1729/2533/73
f 1753/2537/69 1699/2538/69 1689/2536/71 1763/2535/71
f 1761/2539/67 1697/2540/67 1699/2538/69 1753/2537/69
f 1718/2541/97 1732/2542/97 1734/2543/99 1728/2544/99
f 1375/2545/1 1859/2546/1 1858/2547/4 1376/2548/4
f 1691/2549/63 1692/2550/63 1680/2551/65 1679/2552/65
f 1767/2553/63 1691/2549/63 1679/2552/65 1773/2554/65
f 1687/2555/61 1688/2556/61 1692/2550/63 1691/2549/63
f 1771/2557/61 1687/2555/61 1691/2549/63 1767/2553/63
f 1683/2558/59 1684/2559/59 1688/2556/61 1687/2555/61
f 1775/2560/59 1683/2558/59 1687/2555/61 1771/2557/61
f 1695/2561/57 1696/2562/57 1684/2559/59 1683/2558/59
f 1769/2563/57 1695/2561/57 1683/2558/59 1775/2560/59
f 1669/2564/55 1670/2565/55 1696/2562/57 1695/2561/57
f 1783/2566/55 1669/2564/55 1695/2561/57 1769/2563/57
f 1681/2567/53 1682/2568/53 1670/2565/55 1669/2564/55
f 1777/2569/53 1681/2567/53 1669/2564/55 1783/2566/55
f 1677/2570/51 1678/2571/51 1682/2568/53 1681/2567/53
f 1781/2572/51 1677/2570/51 1681/2567/53 1777/2569/53
f 1673/2573/49 1674/2574/49 1678/2571/51 1677/2570/51
f 1785/2575/49 1673/2573/49 1677/2570/51 1781/2572/51
f 1685/2576/47 1686/2577/47 1674/2574/49 1673/2573/49
f 1779/2578/47 1685/2576/47 1673/2573/49 1785/2575/49
f 1675/2579/45 1676/2580/45 1686/2577/47 1685/2576/47
f 1789/2581/45 1675/2579/45 1685/2576/47 1779/2578/47
f 1671/2582/43 1672/2583/43 1676/2580/45 1675/2579/45
f 1787/2584/43 1671/2582/43 1675/2579/45 1789/2581/45
f 1667/2585/40 1668/2586/40 1672/2583/43 1671/2582/43
f 1791/2587/40 1667/2585/40 1671/2582/43 1787/2584/43
f 1724/2588/4 1723/2589/4 1668/2586/40 1667/2585/40
f 1736/2590/4 1724/2588/4 1667/2585/40 1791/2587/40
f 1727/2507/99 1728/2544/99 1726/2591/1 1725/2510/1
f 1733/2508/99 1727/2507/99 1725/2510/1 1737/2509/1
f 1711/2504/95 1712/2592/95 1718/2541/97 1717/2505/97
f 1773/2554/65 1679/2552/65 1697/2540/67 1761/2539/67
f 1697/2540/67 1698/2593/67 1700/2594/69 1699/2538/69
f 1699/2538/69 1700/2594/69 1690/2595/71 1689/2536/71
f 1689/2536/71 1690/2595/71 1722/2596/73 1721/2534/73
f 1721/2534/73 1722/2596/73 1694/2597/75 1693/2532/75
f 1693/2532/75 1694/2597/75 1706/2598/77 1705/2530/77
f 1705/2530/77 1706/2598/77 1702/2599/79 1701/2528/79
f 1701/2528/79 1702/2599/79 1708/2600/81 1707/2526/81
f 1707/2526/81 1708/2600/81 1716/2601/83 1715/2524/83
f 1715/2524/83 1716/2601/83 1704/2602/85 1703/2522/85
f 1703/2522/85 1704/2602/85 1666/2603/87 1665/2520/87
f 1665/2520/87 1666/2603/87 1714/2604/89 1713/2518/89
f 1713/2518/89 1714/2604/89 1710/2605/91 1709/2514/91
f 1709/2514/91 1710/2605/91 1720/2606/93 1719/2515/93
f 1725/2510/1 1726/2591/1 1723/2607/4 1724/2511/4
f 1717/2505/97 1718/2541/97 1728/2544/99 1727/2507/99
f 1726/2591/1 1738/2608/1 1735/2609/4 1723/2607/4
f 1739/2516/93 1719/2515/93 1711/2504/95 1747/2503/95
f 1849/2610/97 1731/2506/97 1733/2508/99 1853/2611/99
f 1719/2515/93 1720/2606/93 1712/2592/95 1711/2504/95
f 1710/2605/91 1744/2612/91 1740/2613/93 1720/2606/93
f 1847/2614/93 1739/2516/93 1747/2503/95 1841/2615/95
f 1714/2604/89 1746/2616/89 1744/2612/91 1710/2605/91
f 1843/2617/91 1743/2513/91 1739/2516/93 1847/2614/93
f 1666/2603/87 1742/2618/87 1746/2616/89 1714/2604/89
f 1845/2619/89 1745/2517/89 1743/2513/91 1843/2617/91
f 1704/2602/85 1756/2620/85 1742/2618/87 1666/2603/87
f 1839/2621/87 1741/2519/87 1745/2517/89 1845/2619/89
f 1716/2601/83 1750/2622/83 1756/2620/85 1704/2602/85
f 1831/2623/85 1755/2521/85 1741/2519/87 1839/2621/87
f 1708/2600/81 1752/2624/81 1750/2622/83 1716/2601/83
f 1837/2625/83 1749/2523/83 1755/2521/85 1831/2623/85
f 1702/2599/79 1758/2626/79 1752/2624/81 1708/2600/81
f 1833/2627/81 1751/2525/81 1749/2523/83 1837/2625/83
f 1706/2598/77 1760/2628/77 1758/2626/79 1702/2599/79
f 1835/2629/79 1757/2527/79 1751/2525/81 1833/2627/81
f 1694/2597/75 1766/2630/75 1760/2628/77 1706/2598/77
f 1829/2631/77 1759/2529/77 1757/2527/79 1835/2629/79
f 1722/2596/73 1730/2632/73 1766/2630/75 1694/2597/75
f 1821/2633/75 1765/2531/75 1759/2529/77 1829/2631/77
f 1690/2595/71 1764/2634/71 1730/2632/73 1722/2596/73
f 1827/2635/73 1729/2533/73 1765/2531/75 1821/2633/75
f 1700/2594/69 1754/2636/69 1764/2634/71 1690/2595/71
f 1823/2637/71 1763/2535/71 1729/2533/73 1827/2635/73
f 1698/2593/67 1762/2638/67 1754/2636/69 1700/2594/69
f 1825/2639/69 1753/2537/69 1763/2535/71 1823/2637/71
f 1680/2551/65 1774/2640/65 1762/2638/67 1698/2593/67
f 1819/2641/67 1761/2539/67 1753/2537/69 1825/2639/69
f 1692/2550/63 1768/2642/63 1774/2640/65 1680/2551/65
f 1811/2643/65 1773/2554/65 1761/2539/67 1819/2641/67
f 1688/2556/61 1772/2644/61 1768/2642/63 1692/2550/63
f 1817/2645/63 1767/2553/63 1773/2554/65 1811/2643/65
f 1684/2559/59 1776/2646/59 1772/2644/61 1688/2556/61
f 1813/2647/61 1771/2557/61 1767/2553/63 1817/2645/63
f 1696/2562/57 1770/2648/57 1776/2646/59 1684/2559/59
f 1815/2649/59 1775/2560/59 1771/2557/61 1813/2647/61
f 1670/2565/55 1784/2650/55 1770/2648/57 1696/2562/57
f 1809/2651/57 1769/2563/57 1775/2560/59 1815/2649/59
f 1682/2568/53 1778/2652/53 1784/2650/55 1670/2565/55
f 1801/2653/55 1783/2566/55 1769/2563/57 1809/2651/57
f 1678/2571/51 1782/2654/51 1778/2652/53 1682/2568/53
f 1807/2655/53 1777/2569/53 1783/2566/55 1801/2653/55
f 1674/2574/49 1786/2656/49 1782/2654/51 1678/2571/51
f 1803/2657/51 1781/2572/51 1777/2569/53 1807/2655/53
f 1686/2577/47 1780/2658/47 1786/2656/49 1674/2574/49
f 1805/2659/49 1785/2575/49 1781/2572/51 1803/2657/51
f 1676/2580/45 1790/2660/45 1780/2658/47 1686/2577/47
f 1799/2661/47 1779/2578/47 1785/2575/49 1805/2659/49
f 1672/2583/43 1788/2662/43 1790/2660/45 1676/2580/45
f 1793/2663/45 1789/2581/45 1779/2578/47 1799/2661/47
f 1668/2586/40 1792/2664/40 1788/2662/43 1672/2583/43
f 1797/2665/43 1787/2584/43 1789/2581/45 1793/2663/45
f 1723/2589/4 1735/2666/4 1792/2664/40 1668/2586/40
f 1795/2667/40 1791/2587/40 1787/2584/43 1797/2665/43
f 1728/2544/99 1734/2543/99 1738/2608/1 1726/2591/1
f 1856/2668/4 1736/2590/4 1791/2587/40 1795/2667/40
f 1712/2592/95 1748/2669/95 1732/2542/97 1718/2541/97
f 1853/2611/99 1733/2508/99 1737/2509/1 1851/2670/1
f 1851/2670/1 1737/2509/1 1736/2512/4 1856/2671/4
f 1720/2606/93 1740/2613/93 1748/2669/95 1712/2592/95
f 1732/2542/97 1850/2672/97 1854/2673/99 1734/2543/99
f 1738/2608/1 1852/2674/1 1855/2675/4 1735/2609/4
f 1859/2546/1 1851/2670/1 1856/2671/4 1858/2547/4
f 1841/2615/95 1747/2503/95 1731/2506/97 1849/2610/97
f 1740/2613/93 1848/2676/93 1842/2677/95 1748/2669/95
f 1865/2678/95 1841/2615/95 1849/2610/97 1863/2679/97
f 1744/2612/91 1844/2680/91 1848/2676/93 1740/2613/93
f 1867/2681/93 1847/2614/93 1841/2615/95 1865/2678/95
f 1746/2616/89 1846/2682/89 1844/2680/91 1744/2612/91
f 1869/2683/91 1843/2617/91 1847/2614/93 1867/2681/93
f 1742/2618/87 1840/2684/87 1846/2682/89 1746/2616/89
f 1871/2685/89 1845/2619/89 1843/2617/91 1869/2683/91
f 1756/2620/85 1832/2686/85 1840/2684/87 1742/2618/87
f 1873/2687/87 1839/2621/87 1845/2619/89 1871/2685/89
f 1750/2622/83 1838/2688/83 1832/2686/85 1756/2620/85
f 1875/2689/85 1831/2623/85 1839/2621/87 1873/2687/87
f 1752/2624/81 1834/2690/81 1838/2688/83 1750/2622/83
f 1877/2691/83 1837/2625/83 1831/2623/85 1875/2689/85
f 1758/2626/79 1836/2692/79 1834/2690/81 1752/2624/81
f 1879/2693/81 1833/2627/81 1837/2625/83 1877/2691/83
f 1760/2628/77 1830/2694/77 1836/2692/79 1758/2626/79
f 1881/2695/79 1835/2629/79 1833/2627/81 1879/2693/81
f 1766/2630/75 1822/2696/75 1830/2694/77 1760/2628/77
f 1883/2697/77 1829/2631/77 1835/2629/79 1881/2695/79
f 1730/2632/73 1828/2698/73 1822/2696/75 1766/2630/75
f 1885/2699/75 1821/2633/75 1829/2631/77 1883/2697/77
f 1764/2634/71 1824/2700/71 1828/2698/73 1730/2632/73
f 1887/2701/73 1827/2635/73 1821/2633/75 1885/2699/75
f 1754/2636/69 1826/2702/69 1824/2700/71 1764/2634/71
f 1889/2703/71 1823/2637/71 1827/2635/73 1887/2701/73
f 1762/2638/67 1820/2704/67 1826/2702/69 1754/2636/69
f 1891/2705/69 1825/2639/69 1823/2637/71 1889/2703/71
f 1774/2640/65 1812/2706/65 1820/2704/67 1762/2638/67
f 1893/2707/67 1819/2641/67 1825/2639/69 1891/2705/69
f 1768/2642/63 1818/2708/63 1812/2706/65 1774/2640/65
f 1895/2709/65 1811/2643/65 1819/2641/67 1893/2707/67
f 1772/2644/61 1814/2710/61 1818/2708/63 1768/2642/63
f 1897/2711/63 1817/2645/63 1811/2643/65 1895/2709/65
f 1776/2646/59 1816/2712/59 1814/2710/61 1772/2644/61
f 1899/2713/61 1813/2647/61 1817/2645/63 1897/2711/63
f 1770/2648/57 1810/2714/57 1816/2712/59 1776/2646/59
f 1901/2715/59 1815/2649/59 1813/2647/61 1899/2713/61
f 1784/2650/55 1802/2716/55 1810/2714/57 1770/2648/57
f 1903/2717/57 1809/2651/57 1815/2649/59 1901/2715/59
f 1778/2652/53 1808/2718/53 1802/2716/55 1784/2650/55
f 1905/2719/55 1801/2653/55 1809/2651/57 1903/2717/57
f 1782/2654/51 1804/2720/51 1808/2718/53 1778/2652/53
f 1907/2721/53 1807/2655/53 1801/2653/55 1905/2719/55
f 1786/2656/49 1806/2722/49 1804/2720/51 1782/2654/51
f 1909/2723/51 1803/2657/51 1807/2655/53 1907/2721/53
f 1780/2658/47 1800/2724/47 1806/2722/49 1786/2656/49
f 1911/2725/49 1805/2659/49 1803/2657/51 1909/2723/51
f 1790/2660/45 1794/2726/45 1800/2724/47 1780/2658/47
f 1913/2727/47 1799/2661/47 1805/2659/49 1911/2725/49
f 1788/2662/43 1798/2728/43 1794/2726/45 1790/2660/45
f 1915/2729/45 1793/2663/45 1799/2661/47 1913/2727/47
f 1792/2664/40 1796/2730/40 1798/2728/43 1788/2662/43
f 1917/2731/43 1797/2665/43 1793/2663/45 1915/2729/45
f 1735/2666/4 1855/2732/4 1796/2730/40 1792/2664/40
f 1919/2733/40 1795/2667/40 1797/2665/43 1917/2731/43
f 1734/2543/99 1854/2673/99 1852/2674/1 1738/2608/1
f 1858/2734/4 1856/2668/4 1795/2667/40 1919/2733/40
f 1863/2679/97 1849/2610/97 1853/2611/99 1861/2735/99
f 1748/2669/95 1842/2677/95 1850/2672/97 1732/2542/97
f 1374/2736/99 1861/2735/99 1859/2546/1 1375/2545/1
f 1852/2674/1 1860/2167/1 1857/2170/4 1855/2675/4
f 1373/2737/97 1863/2679/97 1861/2735/99 1374/2736/99
f 1850/2672/97 1864/2173/97 1862/2171/99 1854/2673/99
f 1372/2738/95 1865/2678/95 1863/2679/97 1373/2737/97
f 1842/2677/95 1866/2175/95 1864/2173/97 1850/2672/97
f 1371/2739/93 1867/2681/93 1865/2678/95 1372/2738/95
f 1848/2676/93 1868/2177/93 1866/2175/95 1842/2677/95
f 1370/2740/91 1869/2683/91 1867/2681/93 1371/2739/93
f 1844/2680/91 1870/2179/91 1868/2177/93 1848/2676/93
f 1369/2741/89 1871/2685/89 1869/2683/91 1370/2740/91
f 1846/2682/89 1872/2181/89 1870/2179/91 1844/2680/91
f 1368/2742/87 1873/2687/87 1871/2685/89 1369/2741/89
f 1840/2684/87 1874/2183/87 1872/2181/89 1846/2682/89
f 1367/2743/85 1875/2689/85 1873/2687/87 1368/2742/87
f 1832/2686/85 1876/2185/85 1874/2183/87 1840/2684/87
f 1366/2744/83 1877/2691/83 1875/2689/85 1367/2743/85
f 1838/2688/83 1878/2187/83 1876/2185/85 1832/2686/85
f 1365/2745/81 1879/2693/81 1877/2691/83 1366/2744/83
f 1834/2690/81 1880/2189/81 1878/2187/83 1838/2688/83
f 1364/2746/79 1881/2695/79 1879/2693/81 1365/2745/81
f 1836/2692/79 1882/2191/79 1880/2189/81 1834/2690/81
f 1363/2747/77 1883/2697/77 1881/2695/79 1364/2746/79
f 1830/2694/77 1884/2193/77 1882/2191/79 1836/2692/79
f 1362/2748/75 1885/2699/75 1883/2697/77 1363/2747/77
f 1822/2696/75 1886/2195/75 1884/2193/77 1830/2694/77
f 1361/2749/73 1887/2701/73 1885/2699/75 1362/2748/75
f 1828/2698/73 1888/2197/73 1886/2195/75 1822/2696/75
f 1360/2750/71 1889/2703/71 1887/2701/73 1361/2749/73
f 1824/2700/71 1890/2199/71 1888/2197/73 1828/2698/73
f 1359/2751/69 1891/2705/69 1889/2703/71 1360/2750/71
f 1826/2702/69 1892/2201/69 1890/2199/71 1824/2700/71
f 1358/2752/67 1893/2707/67 1891/2705/69 1359/2751/69
f 1820/2704/67 1894/2203/67 1892/2201/69 1826/2702/69
f 1357/2753/65 1895/2709/65 1893/2707/67 1358/2752/67
f 1812/2706/65 1896/2205/65 1894/2203/67 1820/2704/67
f 1356/2754/63 1897/2711/63 1895/2709/65 1357/2753/65
f 1818/2708/63 1898/2207/63 1896/2205/65 1812/2706/65
f 1355/2755/61 1899/2713/61 1897/2711/63 1356/2754/63
f 1814/2710/61 1900/2209/61 1898/2207/63 1818/2708/63
f 1354/2756/59 1901/2715/59 1899/2713/61 1355/2755/61
f 1816/2712/59 1902/2211/59 1900/2209/61 1814/2710/61
f 1353/2757/57 1903/2717/57 1901/2715/59 1354/2756/59
f 1810/2714/57 1904/2213/57 1902/2211/59 1816/2712/59
f 1352/2758/55 1905/2719/55 1903/2717/57 1353/2757/57
f 1802/2716/55 1906/2215/55 1904/2213/57 1810/2714/57
f 1351/2759/53 1907/2721/53 1905/2719/55 1352/2758/55
f 1808/2718/53 1908/2217/53 1906/2215/55 1802/2716/55
f 1350/2760/51 1909/2723/51 1907/2721/53 1351/2759/53
f 1804/2720/51 1910/2219/51 1908/2217/53 1808/2718/53
f 1349/2761/49 1911/2725/49 1909/2723/51 1350/2760/51
f 1806/2722/49 1912/2221/49 1910/2219/51 1804/2720/51
f 1348/2762/47 1913/2727/47 1911/2725/49 1349/2761/49
f 1800/2724/47 1914/2223/47 1912/2221/49 1806/2722/49
f 1347/2763/45 1915/2729/45 1913/2727/47 1348/2762/47
f 1794/2726/45 1916/2225/45 1914/2223/47 1800/2724/47
f 1346/2764/43 1917/2731/43 1915/2729/45 1347/2763/45
f 1798/2728/43 1918/2227/43 1916/2225/45 1794/2726/45
f 1345/2765/40 1919/2733/40 1917/2731/43 1346/2764/43
f 1796/2730/40 1920/2229/40 1918/2227/43 1798/2728/43
f 1376/2766/4 1858/2734/4 1919/2733/40 1345/2765/40
f 1855/2732/4 1857/2231/4 1920/2229/40 1796/2730/40
f 1854/2673/99 1862/2171/99 1860/2167/1 1852/2674/1
f 1861/2735/99 1853/2611/99 1851/2670/1 1859/2546/1
f 1679/2552/65 1680/2551/65 1698/2593/67 1697/2540/67
f 1984/2767/1 2207/2768/2 2116/2769/547 1953/2770/4
f 1922/2771/5 5507/2772/5 2119/2773/6 2113/2774/7
f 5508/2775/5 5509/2776/5 2125/2777/450 2122/2778/9
f 5509/2776/5 5510/2779/5 2128/2780/10 2125/2777/450
f 5510/2779/5 5511/2781/5 2131/2782/11 2128/2780/10
f 5511/2781/5 5512/2783/5 2134/2784/506 2131/2782/11
f 5512/2783/5 5513/2785/5 2137/2786/13 2134/2784/506
f 5513/2785/5 5514/2787/5 2140/2788/14 2137/2786/13
f 5514/2787/5 5515/2789/5 2143/2790/15 2140/2788/14
f 5515/2789/5 5516/2791/5 2146/2792/16 2143/2790/15
f 5516/2791/5 5517/2793/5 2149/2794/451 2146/2792/16
f 5517/2793/5 5518/2795/5 2152/2796/18 2149/2794/451
f 5518/2795/5 5519/2797/5 2155/2798/19 2152/2796/18
f 5519/2797/5 5520/2799/5 2158/2800/20 2155/2798/19
f 5520/2799/5 5521/2801/5 2161/2802/21 2158/2800/20
f 5521/2801/5 5522/2803/5 2164/2804/22 2161/2802/21
f 5522/2803/5 5523/2805/5 2167/2806/23 2164/2804/22
f 5523/2805/5 5524/2807/5 2170/2808/24 2167/2806/23
f 5524/2807/5 5525/2809/5 2173/2810/508 2170/2808/24
f 5525/2809/5 5526/2811/5 2176/2812/26 2173/2810/508
f 5526/2811/5 5527/2813/5 2179/2814/27 2176/2812/26
f 5527/2813/5 5528/2815/5 2182/2816/453 2179/2814/27
f 5528/2815/5 5529/2817/5 2185/2818/548 2182/2816/453
f 5529/2817/5 5530/2819/5 2188/2820/30 2185/2818/548
f 5530/2819/5 5531/2821/5 2191/2822/31 2188/2820/30
f 5531/2821/5 5532/2823/5 2194/2824/549 2191/2822/31
f 5532/2823/5 5533/2825/5 2197/2826/510 2194/2824/549
f 5533/2825/5 5534/2827/5 2200/2828/34 2197/2826/510
f 5534/2827/5 5535/2829/5 2203/2830/35 2200/2828/34
f 5535/2829/5 5536/2831/5 2206/2832/36 2203/2830/35
f 5536/2831/5 1921/2833/5 2117/2834/37 2206/2832/36
f 2303/2835/38 2015/2836/1 2016/2837/4 2210/2838/39
f 1954/2839/40 2114/2840/41 2120/2841/42 1955/2842/43
f 1953/2843/4 2116/2844/547 2114/2840/41 1954/2839/40
f 1955/2842/43 2120/2841/42 2123/2845/44 1956/2846/45
f 1956/2846/45 2123/2845/44 2126/2847/46 1957/2848/47
f 1957/2848/47 2126/2847/46 2129/2849/48 1958/2850/49
f 1958/2850/49 2129/2849/48 2132/2851/50 1959/2852/51
f 1959/2852/51 2132/2851/50 2135/2853/52 1960/2854/53
f 1960/2854/53 2135/2853/52 2138/2855/511 1961/2856/55
f 1961/2856/55 2138/2855/511 2141/2857/56 1962/2858/57
f 1962/2858/57 2141/2857/56 2144/2859/58 1963/2860/59
f 1963/2860/59 2144/2859/58 2147/2861/60 1964/2862/61
f 1964/2862/61 2147/2861/60 2150/2863/62 1965/2864/63
f 1965/2864/63 2150/2863/62 2153/2865/64 1966/2866/65
f 1966/2866/65 2153/2865/64 2156/2867/66 1967/2868/67
f 1967/2868/67 2156/2867/66 2159/2869/68 1968/2870/69
f 1968/2870/69 2159/2869/68 2162/2871/512 1969/2872/71
f 1969/2872/71 2162/2871/512 2165/2873/72 1970/2874/73
f 1970/2874/73 2165/2873/72 2168/2875/74 1971/2876/75
f 1971/2876/75 2168/2875/74 2171/2877/76 1972/2878/77
f 1972/2878/77 2171/2877/76 2174/2879/78 1973/2880/79
f 1973/2880/79 2174/2879/78 2177/2881/80 1974/2882/81
f 1974/2882/81 2177/2881/80 2180/2883/82 1975/2884/83
f 1975/2884/83 2180/2883/82 2183/2885/84 1976/2886/85
f 1976/2886/85 2183/2885/84 2186/2887/86 1977/2888/87
f 1977/2888/87 2186/2887/86 2189/2889/88 1978/2890/89
f 1978/2890/89 2189/2889/88 2192/2891/90 1979/2892/91
f 1979/2892/91 2192/2891/90 2195/2893/92 1980/2894/93
f 1980/2894/93 2195/2893/92 2198/2895/94 1981/2896/95
f 1981/2896/95 2198/2895/94 2201/2897/96 1982/2898/97
f 1982/2898/97 2201/2897/96 2204/2899/98 1983/2900/99
f 1983/2900/99 2204/2899/98 2207/2768/2 1984/2767/1
f 5507/2772/5 5508/2775/5 2122/2778/9 2119/2773/6
f 1923/2901/100 5505/2902/101 2018/2903/102 2024/2904/103
f 1940/2905/104 1939/2906/105 2072/2907/106 2075/2908/107
f 1927/2909/108 1926/2910/109 2033/2911/110 2036/2912/111
f 1924/2913/112 1923/2901/100 2024/2904/103 2027/2914/113
f 1941/2915/114 1940/2905/104 2075/2908/107 2078/2916/115
f 1928/2917/116 1927/2909/108 2036/2912/111 2039/2918/117
f 1942/2919/118 1941/2915/114 2078/2916/115 2081/2920/119
f 1929/2921/120 1928/2917/116 2039/2918/117 2042/2922/121
f 1943/2923/122 1942/2919/118 2081/2920/119 2084/2924/123
f 1930/2925/124 1929/2921/120 2042/2922/121 2045/2926/125
f 1944/2927/126 1943/2923/122 2084/2924/123 2087/2928/127
f 1931/2929/128 1930/2925/124 2045/2926/125 2048/2930/129
f 1945/2931/130 1944/2927/126 2087/2928/127 2090/2932/131
f 1932/2933/132 1931/2929/128 2048/2930/129 2051/2934/133
f 1946/2935/134 1945/2931/130 2090/2932/131 2093/2936/135
f 1933/2937/136 1932/2933/132 2051/2934/133 2054/2938/137
f 1947/2939/138 1946/2935/134 2093/2936/135 2096/2940/139
f 1934/2941/140 1933/2937/136 2054/2938/137 2057/2942/141
f 1948/2943/142 1947/2939/138 2096/2940/139 2099/2944/143
f 1935/2945/144 1934/2941/140 2057/2942/141 2060/2946/145
f 1949/2947/146 1948/2943/142 2099/2944/143 2102/2948/147
f 1936/2949/148 1935/2945/144 2060/2946/145 2063/2950/149
f 2017/2951/150 2021/2952/151 2110/2953/152 2107/2954/153 2104/2955/456 2101/2956/155 2098/2957/550 2095/2958/157 2092/2959/158 2089/2960/159 2086/2961/160 2083/2962/161 2080/2963/162 2077/2964/163 2074/2965/164 2071/2966/165 2068/2967/166 2065/2968/167 2062/2969/168 2059/2970/169 2056/2971/170 2053/2972/171 2050/2973/172 2047/2974/173 2044/2975/174 2041/2976/175 2038/2977/176 2035/2978/177 2032/2979/178 2029/2980/179 2026/2981/551 2023/2982/181
f 1950/2983/182 1949/2947/146 2102/2948/147 2105/2984/183
f 1937/2985/184 1936/2949/148 2063/2950/149 2066/2986/185
f 5506/2987/186 1952/2988/187 2111/2989/188 2020/2990/189
f 1951/2991/190 1950/2983/182 2105/2984/183 2108/2992/191
f 1938/2993/192 1937/2985/184 2066/2986/185 2069/2994/193
f 1925/2995/194 1924/2913/112 2027/2914/113 2030/2996/195
f 1952/2988/187 1951/2991/190 2108/2992/191 2111/2989/188
f 1939/2906/105 1938/2993/192 2069/2994/193 2072/2907/106
f 1926/2910/109 1925/2995/194 2030/2996/195 2033/2911/110
f 2209/2997/459 2212/2998/460 2215/2999/198 2218/3000/462 2221/3001/200 2224/3002/201 2227/3003/552 2230/3004/514 2233/3005/463 2236/3006/464 2239/3007/206 2242/3008/207 2245/3009/208 2248/3010/209 2251/3011/210 2254/3012/211 2257/3013/465 2260/3014/213 2263/3015/516 2266/3016/215 2269/3017/216 2272/3018/217 2275/3019/218 2278/3020/553 2281/3021/518 2284/3022/467 2287/3023/554 2290/3024/555 2293/3025/468 2296/3026/225 2299/3027/226 2302/3028/227
f 2216/3029/228 1986/3030/43 1987/3031/45 2219/3032/229
f 2219/3032/229 1987/3031/45 1988/3033/47 2222/3034/230
f 2222/3034/230 1988/3033/47 1989/3035/49 2225/3036/231
f 2225/3036/231 1989/3035/49 1990/3037/51 2228/3038/232
f 2228/3038/232 1990/3037/51 1991/3039/53 2231/3040/233
f 2231/3040/233 1991/3039/53 1992/3041/55 2234/3042/234
f 2234/3042/234 1992/3041/55 1993/3043/57 2237/3044/235
f 2237/3044/235 1993/3043/57 1994/3045/59 2240/3046/236
f 2240/3046/236 1994/3045/59 1995/3047/61 2243/3048/237
f 2243/3048/237 1995/3047/61 1996/3049/63 2246/3050/238
f 2246/3050/238 1996/3049/63 1997/3051/65 2249/3052/239
f 2249/3052/239 1997/3051/65 1998/3053/67 2252/3054/240
f 2252/3054/240 1998/3053/67 1999/3055/69 2255/3056/241
f 2255/3056/241 1999/3055/69 2000/3057/71 2258/3058/242
f 2258/3058/242 2000/3057/71 2001/3059/73 2261/3060/243
f 2261/3060/243 2001/3059/73 2002/3061/75 2264/3062/244
f 2264/3062/244 2002/3061/75 2003/3063/77 2267/3064/245
f 2267/3064/245 2003/3063/77 2004/3065/79 2270/3066/246
f 2270/3066/246 2004/3065/79 2005/3067/81 2273/3068/247
f 2273/3068/247 2005/3067/81 2006/3069/83 2276/3070/248
f 2276/3070/248 2006/3069/83 2007/3071/85 2279/3072/249
f 2279/3072/249 2007/3071/85 2008/3073/87 2282/3074/250
f 2282/3074/250 2008/3073/87 2009/3075/89 2285/3076/251
f 2285/3076/251 2009/3075/89 2010/3077/91 2288/3078/252
f 2288/3078/252 2010/3077/91 2011/3079/93 2291/3080/253
f 2291/3080/253 2011/3079/93 2012/3081/95 2294/3082/254
f 2294/3082/254 2012/3081/95 2013/3083/97 2297/3084/255
f 2297/3084/255 2013/3083/97 2014/3085/99 2300/3086/256
f 2300/3086/256 2014/3085/99 2015/2836/1 2303/2835/38
f 2213/3087/257 1985/3088/40 1986/3030/43 2216/3029/228
f 2500/3089/1 1984/3090/1 1953/3091/4 2497/3092/4
f 2502/3093/99 1983/3094/99 1984/3090/1 2500/3089/1
f 2504/3095/97 1982/3096/97 1983/3094/99 2502/3093/99
f 2506/3097/95 1981/3098/95 1982/3096/97 2504/3095/97
f 2508/3099/93 1980/3100/93 1981/3098/95 2506/3097/95
f 2510/3101/91 1979/3102/91 1980/3100/93 2508/3099/93
f 2512/3103/89 1978/3104/89 1979/3102/91 2510/3101/91
f 2514/3105/87 1977/3106/87 1978/3104/89 2512/3103/89
f 2516/3107/85 1976/3108/85 1977/3106/87 2514/3105/87
f 2518/3109/83 1975/3110/83 1976/3108/85 2516/3107/85
f 2520/3111/81 1974/3112/81 1975/3110/83 2518/3109/83
f 2522/3113/79 1973/3114/79 1974/3112/81 2520/3111/81
f 2524/3115/77 1972/3116/77 1973/3114/79 2522/3113/79
f 2526/3117/75 1971/3118/75 1972/3116/77 2524/3115/77
f 2528/3119/73 1970/3120/73 1971/3118/75 2526/3117/75
f 2530/3121/71 1969/3122/71 1970/3120/73 2528/3119/73
f 2532/3123/69 1968/3124/69 1969/3122/71 2530/3121/71
f 2534/3125/67 1967/3126/67 1968/3124/69 2532/3123/69
f 2536/3127/65 1966/3128/65 1967/3126/67 2534/3125/67
f 2538/3129/63 1965/3130/63 1966/3128/65 2536/3127/65
f 2540/3131/61 1964/3132/61 1965/3130/63 2538/3129/63
f 2542/3133/59 1963/3134/59 1964/3132/61 2540/3131/61
f 2544/3135/57 1962/3136/57 1963/3134/59 2542/3133/59
f 2546/3137/55 1961/3138/55 1962/3136/57 2544/3135/57
f 2548/3139/53 1960/3140/53 1961/3138/55 2546/3137/55
f 2550/3141/51 1959/3142/51 1960/3140/53 2548/3139/53
f 2552/3143/49 1958/3144/49 1959/3142/51 2550/3141/51
f 2554/3145/47 1957/3146/47 1958/3144/49 2552/3143/49
f 2556/3147/45 1956/3148/45 1957/3146/47 2554/3145/47
f 2558/3149/43 1955/3150/43 1956/3148/45 2556/3147/45
f 2560/3151/40 1954/3152/40 1955/3150/43 2558/3149/43
f 2497/3153/4 1953/3154/4 1954/3152/40 2560/3151/40
f 2018/2903/102 2020/3155/189 5537/3156/556 5538/3157/259
f 2019/3158/260 2022/3159/469 2021/3160/151 2017/3161/150
f 2024/2904/103 2018/2903/102 5538/3157/259 5539/3162/520
f 2025/3163/263 2019/3158/260 2017/3161/150 2023/3164/181
f 2027/2914/113 2024/2904/103 5539/3162/520 5540/3165/264
f 2028/3166/265 2025/3163/263 2023/3164/181 2026/3167/551
f 2030/2996/195 2027/2914/113 5540/3165/264 5541/3168/266
f 2031/3169/267 2028/3166/265 2026/3167/551 2029/3170/179
f 2033/2911/110 2030/2996/195 5541/3168/266 5542/3171/523
f 2034/3172/269 2031/3169/267 2029/3170/179 2032/3173/178
f 2036/2912/111 2033/2911/110 5542/3171/523 5543/3174/524
f 2037/3175/271 2034/3172/269 2032/3173/178 2035/3176/177
f 2039/2918/117 2036/2912/111 5543/3174/524 5544/3177/525
f 2040/3178/557 2037/3175/271 2035/3176/177 2038/3179/176
f 2042/2922/121 2039/2918/117 5544/3177/525 5545/3180/471
f 2043/3181/275 2040/3178/557 2038/3179/176 2041/3182/175
f 2045/2926/125 2042/2922/121 5545/3180/471 5546/3183/472
f 2046/3184/277 2043/3181/275 2041/3182/175 2044/3185/174
f 2048/2930/129 2045/2926/125 5546/3183/472 5547/3186/558
f 2049/3187/279 2046/3184/277 2044/3185/174 2047/3188/173
f 2051/2934/133 2048/2930/129 5547/3186/558 5548/3189/280
f 2052/3190/281 2049/3187/279 2047/3188/173 2050/3191/172
f 2054/2938/137 2051/2934/133 5548/3189/280 5549/3192/473
f 2055/3193/526 2052/3190/281 2050/3191/172 2053/3194/171
f 2057/2942/141 2054/2938/137 5549/3192/473 5550/3195/559
f 2058/3196/527 2055/3193/526 2053/3194/171 2056/3197/170
f 2060/2946/145 2057/2942/141 5550/3195/559 5551/3198/474
f 2061/3199/287 2058/3196/527 2056/3197/170 2059/3200/169
f 2063/2950/149 2060/2946/145 5551/3198/474 5552/3201/476
f 2064/3202/289 2061/3199/287 2059/3200/169 2062/3203/168
f 2066/2986/185 2063/2950/149 5552/3201/476 5553/3204/290
f 2067/3205/291 2064/3202/289 2062/3203/168 2065/3206/167
f 2069/2994/193 2066/2986/185 5553/3204/290 5554/3207/292
f 2070/3208/477 2067/3205/291 2065/3206/167 2068/3209/166
f 2072/2907/106 2069/2994/193 5554/3207/292 5555/3210/294
f 2073/3211/529 2070/3208/477 2068/3209/166 2071/3212/165
f 2075/2908/107 2072/2907/106 5555/3210/294 5556/3213/296
f 2076/3214/297 2073/3211/529 2071/3212/165 2074/3215/164
f 2078/2916/115 2075/2908/107 5556/3213/296 5557/3216/298
f 2079/3217/299 2076/3214/297 2074/3215/164 2077/3218/163
f 2081/2920/119 2078/2916/115 5557/3216/298 5558/3219/560
f 2082/3220/301 2079/3217/299 2077/3218/163 2080/3221/162
f 2084/2924/123 2081/2920/119 5558/3219/560 5559/3222/302
f 2085/3223/303 2082/3220/301 2080/3221/162 2083/3224/161
f 2087/2928/127 2084/2924/123 5559/3222/302 5560/3225/304
f 2088/3226/305 2085/3223/303 2083/3224/161 2086/3227/160
f 2090/2932/131 2087/2928/127 5560/3225/304 5561/3228/306
f 2091/3229/307 2088/3226/305 2086/3227/160 2089/3230/159
f 2093/2936/135 2090/2932/131 5561/3228/306 5562/3231/308
f 2094/3232/309 2091/3229/307 2089/3230/159 2092/3233/158
f 2096/2940/139 2093/2936/135 5562/3231/308 5563/3234/532
f 2097/3235/311 2094/3232/309 2092/3233/158 2095/3236/157
f 2099/2944/143 2096/2940/139 5563/3234/532 5564/3237/479
f 2100/3238/313 2097/3235/311 2095/3236/157 2098/3239/550
f 2102/2948/147 2099/2944/143 5564/3237/479 5565/3240/314
f 2103/3241/315 2100/3238/313 2098/3239/550 2101/3242/155
f 2105/2984/183 2102/2948/147 5565/3240/314 5566/3243/316
f 2106/3244/481 2103/3241/315 2101/3242/155 2104/3245/456
f 2108/2992/191 2105/2984/183 5566/3243/316 5567/3246/318
f 2109/3247/319 2106/3244/481 2104/3245/456 2107/3248/153
f 2111/2989/188 2108/2992/191 5567/3246/318 5568/3249/561
f 2112/3250/483 2109/3247/319 2107/3248/153 2110/3251/152
f 2020/2990/189 2111/2989/188 5568/3249/561 5537/3252/556
f 2022/3253/469 2112/3250/483 2110/3251/152 2021/3254/151
f 5505/2902/101 5506/3255/186 2020/3155/189 2018/2903/102
f 2114/2840/41 2116/2844/547 5569/3256/322 5570/3257/323
f 2115/3258/324 2118/3259/325 2117/3260/37 2113/2774/7
f 2120/2841/42 2114/2840/41 5570/3257/323 5571/3261/326
f 2121/3262/327 2115/3258/324 2113/2774/7 2119/2773/6
f 2123/2845/44 2120/2841/42 5571/3261/326 5572/3263/328
f 2124/3264/329 2121/3262/327 2119/2773/6 2122/2778/9
f 2126/2847/46 2123/2845/44 5572/3263/328 5573/3265/485
f 2127/3266/331 2124/3264/329 2122/2778/9 2125/2777/450
f 2129/2849/48 2126/2847/46 5573/3265/485 5574/3267/486
f 2130/3268/333 2127/3266/331 2125/2777/450 2128/2780/10
f 2132/2851/50 2129/2849/48 5574/3267/486 5575/3269/535
f 2133/3270/335 2130/3268/333 2128/2780/10 2131/2782/11
f 2135/2853/52 2132/2851/50 5575/3269/535 5576/3271/336
f 2136/3272/337 2133/3270/335 2131/2782/11 2134/2784/506
f 2138/2855/511 2135/2853/52 5576/3271/336 5577/3273/338
f 2139/3274/339 2136/3272/337 2134/2784/506 2137/2786/13
f 2141/2857/56 2138/2855/511 5577/3273/338 5578/3275/340
f 2142/3276/341 2139/3274/339 2137/2786/13 2140/2788/14
f 2144/2859/58 2141/2857/56 5578/3275/340 5579/3277/342
f 2145/3278/343 2142/3276/341 2140/2788/14 2143/2790/15
f 2147/2861/60 2144/2859/58 5579/3277/342 5580/3279/491
f 2148/3280/345 2145/3278/343 2143/2790/15 2146/2792/16
f 2150/2863/62 2147/2861/60 5580/3279/491 5581/3281/492
f 2151/3282/347 2148/3280/345 2146/2792/16 2149/2794/451
f 2153/2865/64 2150/2863/62 5581/3281/492 5582/3283/348
f 2154/3284/349 2151/3282/347 2149/2794/451 2152/2796/18
f 2156/2867/66 2153/2865/64 5582/3283/348 5583/3285/350
f 2157/3286/351 2154/3284/349 2152/2796/18 2155/2798/19
f 2159/2869/68 2156/2867/66 5583/3285/350 5584/3287/352
f 2160/3288/353 2157/3286/351 2155/2798/19 2158/2800/20
f 2162/2871/512 2159/2869/68 5584/3287/352 5585/3289/354
f 2163/3290/355 2160/3288/353 2158/2800/20 2161/2802/21
f 2165/2873/72 2162/2871/512 5585/3289/354 5586/3291/356
f 2166/3292/357 2163/3290/355 2161/2802/21 2164/2804/22
f 2168/2875/74 2165/2873/72 5586/3291/356 5587/3293/358
f 2169/3294/359 2166/3292/357 2164/2804/22 2167/2806/23
f 2171/2877/76 2168/2875/74 5587/3293/358 5588/3295/538
f 2172/3296/361 2169/3294/359 2167/2806/23 2170/2808/24
f 2174/2879/78 2171/2877/76 5588/3295/538 5589/3297/539
f 2175/3298/363 2172/3296/361 2170/2808/24 2173/2810/508
f 2177/2881/80 2174/2879/78 5589/3297/539 5590/3299/562
f 2178/3300/365 2175/3298/363 2173/2810/508 2176/2812/26
f 2180/2883/82 2177/2881/80 5590/3299/562 5591/3301/366
f 2181/3302/367 2178/3300/365 2176/2812/26 2179/2814/27
f 2183/2885/84 2180/2883/82 5591/3301/366 5592/3303/368
f 2184/3304/369 2181/3302/367 2179/2814/27 2182/2816/453
f 2186/2887/86 2183/2885/84 5592/3303/368 5593/3305/370
f 2187/3306/371 2184/3304/369 2182/2816/453 2185/2818/548
f 2189/2889/88 2186/2887/86 5593/3305/370 5594/3307/563
f 2190/3308/373 2187/3306/371 2185/2818/548 2188/2820/30
f 2192/2891/90 2189/2889/88 5594/3307/563 5595/3309/564
f 2193/3310/375 2190/3308/373 2188/2820/30 2191/2822/31
f 2195/2893/92 2192/2891/90 5595/3309/564 5596/3311/540
f 2196/3312/377 2193/3310/375 2191/2822/31 2194/2824/549
f 2198/2895/94 2195/2893/92 5596/3311/540 5597/3313/494
f 2199/3314/379 2196/3312/377 2194/2824/549 2197/2826/510
f 2201/2897/96 2198/2895/94 5597/3313/494 5598/3315/541
f 2202/3316/381 2199/3314/379 2197/2826/510 2200/2828/34
f 2204/2899/98 2201/2897/96 5598/3315/541 5599/3317/382
f 2205/3318/383 2202/3316/381 2200/2828/34 2203/2830/35
f 2207/2768/2 2204/2899/98 5599/3317/382 5600/3319/384
f 2208/3320/565 2205/3318/383 2203/2830/35 2206/2832/36
f 2116/2769/547 2207/2768/2 5600/3319/384 5569/3321/322
f 2118/3322/325 2208/3320/565 2206/2832/36 2117/2834/37
f 1921/3323/5 1922/2771/5 2113/2774/7 2117/3260/37
f 2210/3324/39 2213/3087/257 5601/3325/386 5602/3326/387
f 2211/3327/388 2214/3328/389 2212/3329/460 2209/3330/459
f 2213/3087/257 2216/3029/228 5603/3331/390 5601/3325/386
f 2214/3328/389 2217/3332/391 2215/3333/198 2212/3329/460
f 2216/3029/228 2219/3032/229 5604/3334/392 5603/3331/390
f 2217/3332/391 2220/3335/393 2218/3336/462 2215/3333/198
f 2219/3032/229 2222/3034/230 5605/3337/566 5604/3334/392
f 2220/3335/393 2223/3338/395 2221/3339/200 2218/3336/462
f 2222/3034/230 2225/3036/231 5606/3340/567 5605/3337/566
f 2223/3338/395 2226/3341/397 2224/3342/201 2221/3339/200
f 2225/3036/231 2228/3038/232 5607/3343/398 5606/3340/567
f 2226/3341/397 2229/3344/399 2227/3345/552 2224/3342/201
f 2228/3038/232 2231/3040/233 5608/3346/400 5607/3343/398
f 2229/3344/399 2232/3347/401 2230/3348/514 2227/3345/552
f 2231/3040/233 2234/3042/234 5609/3349/402 5608/3346/400
f 2232/3347/401 2235/3350/403 2233/3351/463 2230/3348/514
f 2234/3042/234 2237/3044/235 5610/3352/404 5609/3349/402
f 2235/3350/403 2238/3353/405 2236/3354/464 2233/3351/463
f 2237/3044/235 2240/3046/236 5611/3355/406 5610/3352/404
f 2238/3353/405 2241/3356/407 2239/3357/206 2236/3354/464
f 2240/3046/236 2243/3048/237 5612/3358/568 5611/3355/406
f 2241/3356/407 2244/3359/409 2242/3360/207 2239/3357/206
f 2243/3048/237 2246/3050/238 5613/3361/496 5612/3358/568
f 2244/3359/409 2247/3362/411 2245/3363/208 2242/3360/207
f 2246/3050/238 2249/3052/239 5614/3364/412 5613/3361/496
f 2247/3362/411 2250/3365/413 2248/3366/209 2245/3363/208
f 2249/3052/239 2252/3054/240 5615/3367/569 5614/3364/412
f 2250/3365/413 2253/3368/415 2251/3369/210 2248/3366/209
f 2252/3054/240 2255/3056/241 5616/3370/416 5615/3367/569
f 2253/3368/415 2256/3371/417 2254/3372/211 2251/3369/210
f 2255/3056/241 2258/3058/242 5617/3373/498 5616/3370/416
f 2256/3371/417 2259/3374/419 2257/3375/465 2254/3372/211
f 2258/3058/242 2261/3060/243 5618/3376/420 5617/3373/498
f 2259/3374/419 2262/3377/421 2260/3378/213 2257/3375/465
f 2261/3060/243 2264/3062/244 5619/3379/422 5618/3376/420
f 2262/3377/421 2265/3380/423 2263/3381/516 2260/3378/213
f 2264/3062/244 2267/3064/245 5620/3382/545 5619/3379/422
f 2265/3380/423 2268/3383/425 2266/3384/215 2263/3381/516
f 2267/3064/245 2270/3066/246 5621/3385/426 5620/3382/545
f 2268/3383/425 2271/3386/427 2269/3387/216 2266/3384/215
f 2270/3066/246 2273/3068/247 5622/3388/428 5621/3385/426
f 2271/3386/427 2274/3389/429 2272/3390/217 2269/3387/216
f 2273/3068/247 2276/3070/248 5623/3391/430 5622/3388/428
f 2274/3389/429 2277/3392/431 2275/3393/218 2272/3390/217
f 2276/3070/248 2279/3072/249 5624/3394/432 5623/3391/430
f 2277/3392/431 2280/3395/433 2278/3396/553 2275/3393/218
f 2279/3072/249 2282/3074/250 5625/3397/570 5624/3394/432
f 2280/3395/433 2283/3398/435 2281/3399/518 2278/3396/553
f 2282/3074/250 2285/3076/251 5626/3400/436 5625/3397/570
f 2283/3398/435 2286/3401/437 2284/3402/467 2281/3399/518
f 2285/3076/251 2288/3078/252 5627/3403/438 5626/3400/436
f 2286/3401/437 2289/3404/439 2287/3405/554 2284/3402/467
f 2288/3078/252 2291/3080/253 5628/3406/571 5627/3403/438
f 2289/3404/439 2292/3407/441 2290/3408/555 2287/3405/554
f 2291/3080/253 2294/3082/254 5629/3409/572 5628/3406/571
f 2292/3407/441 2295/3410/443 2293/3411/468 2290/3408/555
f 2294/3082/254 2297/3084/255 5630/3412/444 5629/3409/572
f 2295/3410/443 2298/3413/445 2296/3414/225 2293/3411/468
f 2297/3084/255 2300/3086/256 5631/3415/446 5630/3412/444
f 2298/3413/445 2301/3416/447 2299/3417/226 2296/3414/225
f 2300/3086/256 2303/2835/38 5632/3418/448 5631/3415/446
f 2301/3416/447 2304/3419/449 2302/3420/227 2299/3417/226
f 2303/2835/38 2210/2838/39 5602/3421/387 5632/3418/448
f 2304/3419/449 2211/3422/388 2209/3423/459 2302/3420/227
f 2210/3324/39 2016/3424/4 1985/3088/40 2213/3087/257
f 2387/3425/95 2351/3426/95 2357/3427/97 2371/3428/97
f 2371/3428/97 2357/3427/97 2367/3429/99 2373/3430/99
f 2377/3431/1 2365/3432/1 2364/3433/4 2376/3434/4
f 2383/3435/91 2349/3436/91 2359/3437/93 2379/3438/93
f 2385/3439/89 2353/3440/89 2349/3436/91 2383/3435/91
f 2381/3441/87 2305/3442/87 2353/3440/89 2385/3439/89
f 2395/3443/85 2343/3444/85 2305/3442/87 2381/3441/87
f 2389/3445/83 2355/3446/83 2343/3444/85 2395/3443/85
f 2391/3447/81 2347/3448/81 2355/3446/83 2389/3445/83
f 2397/3449/79 2341/3450/79 2347/3448/81 2391/3447/81
f 2399/3451/77 2345/3452/77 2341/3450/79 2397/3449/79
f 2405/3453/75 2333/3454/75 2345/3452/77 2399/3451/77
f 2369/3455/73 2361/3456/73 2333/3454/75 2405/3453/75
f 2403/3457/71 2329/3458/71 2361/3456/73 2369/3455/73
f 2393/3459/69 2339/3460/69 2329/3458/71 2403/3457/71
f 2401/3461/67 2337/3462/67 2339/3460/69 2393/3459/69
f 2358/3463/97 2372/3464/97 2374/3465/99 2368/3466/99
f 2015/3467/1 2499/3468/1 2498/3469/4 2016/3470/4
f 2331/3471/63 2332/3472/63 2320/3473/65 2319/3474/65
f 2407/3475/63 2331/3471/63 2319/3474/65 2413/3476/65
f 2327/3477/61 2328/3478/61 2332/3472/63 2331/3471/63
f 2411/3479/61 2327/3477/61 2331/3471/63 2407/3475/63
f 2323/3480/59 2324/3481/59 2328/3478/61 2327/3477/61
f 2415/3482/59 2323/3480/59 2327/3477/61 2411/3479/61
f 2335/3483/57 2336/3484/57 2324/3481/59 2323/3480/59
f 2409/3485/57 2335/3483/57 2323/3480/59 2415/3482/59
f 2309/3486/55 2310/3487/55 2336/3484/57 2335/3483/57
f 2423/3488/55 2309/3486/55 2335/3483/57 2409/3485/57
f 2321/3489/53 2322/3490/53 2310/3487/55 2309/3486/55
f 2417/3491/53 2321/3489/53 2309/3486/55 2423/3488/55
f 2317/3492/51 2318/3493/51 2322/3490/53 2321/3489/53
f 2421/3494/51 2317/3492/51 2321/3489/53 2417/3491/53
f 2313/3495/49 2314/3496/49 2318/3493/51 2317/3492/51
f 2425/3497/49 2313/3495/49 2317/3492/51 2421/3494/51
f 2325/3498/47 2326/3499/47 2314/3496/49 2313/3495/49
f 2419/3500/47 2325/3498/47 2313/3495/49 2425/3497/49
f 2315/3501/45 2316/3502/45 2326/3499/47 2325/3498/47
f 2429/3503/45 2315/3501/45 2325/3498/47 2419/3500/47
f 2311/3504/43 2312/3505/43 2316/3502/45 2315/3501/45
f 2427/3506/43 2311/3504/43 2315/3501/45 2429/3503/45
f 2307/3507/40 2308/3508/40 2312/3505/43 2311/3504/43
f 2431/3509/40 2307/3507/40 2311/3504/43 2427/3506/43
f 2364/3510/4 2363/3511/4 2308/3508/40 2307/3507/40
f 2376/3512/4 2364/3510/4 2307/3507/40 2431/3509/40
f 2367/3429/99 2368/3466/99 2366/3513/1 2365/3432/1
f 2373/3430/99 2367/3429/99 2365/3432/1 2377/3431/1
f 2351/3426/95 2352/3514/95 2358/3463/97 2357/3427/97
f 2413/3476/65 2319/3474/65 2337/3462/67 2401/3461/67
f 2337/3462/67 2338/3515/67 2340/3516/69 2339/3460/69
f 2339/3460/69 2340/3516/69 2330/3517/71 2329/3458/71
f 2329/3458/71 2330/3517/71 2362/3518/73 2361/3456/73
f 2361/3456/73 2362/3518/73 2334/3519/75 2333/3454/75
f 2333/3454/75 2334/3519/75 2346/3520/77 2345/3452/77
f 2345/3452/77 2346/3520/77 2342/3521/79 2341/3450/79
f 2341/3450/79 2342/3521/79 2348/3522/81 2347/3448/81
f 2347/3448/81 2348/3522/81 2356/3523/83 2355/3446/83
f 2355/3446/83 2356/3523/83 2344/3524/85 2343/3444/85
f 2343/3444/85 2344/3524/85 2306/3525/87 2305/3442/87
f 2305/3442/87 2306/3525/87 2354/3526/89 2353/3440/89
f 2353/3440/89 2354/3526/89 2350/3527/91 2349/3436/91
f 2349/3436/91 2350/3527/91 2360/3528/93 2359/3437/93
f 2365/3432/1 2366/3513/1 2363/3529/4 2364/3433/4
f 2357/3427/97 2358/3463/97 2368/3466/99 2367/3429/99
f 2366/3513/1 2378/3530/1 2375/3531/4 2363/3529/4
f 2379/3438/93 2359/3437/93 2351/3426/95 2387/3425/95
f 2489/3532/97 2371/3428/97 2373/3430/99 2493/3533/99
f 2359/3437/93 2360/3528/93 2352/3514/95 2351/3426/95
f 2350/3527/91 2384/3534/91 2380/3535/93 2360/3528/93
f 2487/3536/93 2379/3438/93 2387/3425/95 2481/3537/95
f 2354/3526/89 2386/3538/89 2384/3534/91 2350/3527/91
f 2483/3539/91 2383/3435/91 2379/3438/93 2487/3536/93
f 2306/3525/87 2382/3540/87 2386/3538/89 2354/3526/89
f 2485/3541/89 2385/3439/89 2383/3435/91 2483/3539/91
f 2344/3524/85 2396/3542/85 2382/3540/87 2306/3525/87
f 2479/3543/87 2381/3441/87 2385/3439/89 2485/3541/89
f 2356/3523/83 2390/3544/83 2396/3542/85 2344/3524/85
f 2471/3545/85 2395/3443/85 2381/3441/87 2479/3543/87
f 2348/3522/81 2392/3546/81 2390/3544/83 2356/3523/83
f 2477/3547/83 2389/3445/83 2395/3443/85 2471/3545/85
f 2342/3521/79 2398/3548/79 2392/3546/81 2348/3522/81
f 2473/3549/81 2391/3447/81 2389/3445/83 2477/3547/83
f 2346/3520/77 2400/3550/77 2398/3548/79 2342/3521/79
f 2475/3551/79 2397/3449/79 2391/3447/81 2473/3549/81
f 2334/3519/75 2406/3552/75 2400/3550/77 2346/3520/77
f 2469/3553/77 2399/3451/77 2397/3449/79 2475/3551/79
f 2362/3518/73 2370/3554/73 2406/3552/75 2334/3519/75
f 2461/3555/75 2405/3453/75 2399/3451/77 2469/3553/77
f 2330/3517/71 2404/3556/71 2370/3554/73 2362/3518/73
f 2467/3557/73 2369/3455/73 2405/3453/75 2461/3555/75
f 2340/3516/69 2394/3558/69 2404/3556/71 2330/3517/71
f 2463/3559/71 2403/3457/71 2369/3455/73 2467/3557/73
f 2338/3515/67 2402/3560/67 2394/3558/69 2340/3516/69
f 2465/3561/69 2393/3459/69 2403/3457/71 2463/3559/71
f 2320/3473/65 2414/3562/65 2402/3560/67 2338/3515/67
f 2459/3563/67 2401/3461/67 2393/3459/69 2465/3561/69
f 2332/3472/63 2408/3564/63 2414/3562/65 2320/3473/65
f 2451/3565/65 2413/3476/65 2401/3461/67 2459/3563/67
f 2328/3478/61 2412/3566/61 2408/3564/63 2332/3472/63
f 2457/3567/63 2407/3475/63 2413/3476/65 2451/3565/65
f 2324/3481/59 2416/3568/59 2412/3566/61 2328/3478/61
f 2453/3569/61 2411/3479/61 2407/3475/63 2457/3567/63
f 2336/3484/57 2410/3570/57 2416/3568/59 2324/3481/59
f 2455/3571/59 2415/3482/59 2411/3479/61 2453/3569/61
f 2310/3487/55 2424/3572/55 2410/3570/57 2336/3484/57
f 2449/3573/57 2409/3485/57 2415/3482/59 2455/3571/59
f 2322/3490/53 2418/3574/53 2424/3572/55 2310/3487/55
f 2441/3575/55 2423/3488/55 2409/3485/57 2449/3573/57
f 2318/3493/51 2422/3576/51 2418/3574/53 2322/3490/53
f 2447/3577/53 2417/3491/53 2423/3488/55 2441/3575/55
f 2314/3496/49 2426/3578/49 2422/3576/51 2318/3493/51
f 2443/3579/51 2421/3494/51 2417/3491/53 2447/3577/53
f 2326/3499/47 2420/3580/47 2426/3578/49 2314/3496/49
f 2445/3581/49 2425/3497/49 2421/3494/51 2443/3579/51
f 2316/3502/45 2430/3582/45 2420/3580/47 2326/3499/47
f 2439/3583/47 2419/3500/47 2425/3497/49 2445/3581/49
f 2312/3505/43 2428/3584/43 2430/3582/45 2316/3502/45
f 2433/3585/45 2429/3503/45 2419/3500/47 2439/3583/47
f 2308/3508/40 2432/3586/40 2428/3584/43 2312/3505/43
f 2437/3587/43 2427/3506/43 2429/3503/45 2433/3585/45
f 2363/3511/4 2375/3588/4 2432/3586/40 2308/3508/40
f 2435/3589/40 2431/3509/40 2427/3506/43 2437/3587/43
f 2368/3466/99 2374/3465/99 2378/3530/1 2366/3513/1
f 2496/3590/4 2376/3512/4 2431/3509/40 2435/3589/40
f 2352/3514/95 2388/3591/95 2372/3464/97 2358/3463/97
f 2493/3533/99 2373/3430/99 2377/3431/1 2491/3592/1
f 2491/3592/1 2377/3431/1 2376/3434/4 2496/3593/4
f 2360/3528/93 2380/3535/93 2388/3591/95 2352/3514/95
f 2372/3464/97 2490/3594/97 2494/3595/99 2374/3465/99
f 2378/3530/1 2492/3596/1 2495/3597/4 2375/3531/4
f 2499/3468/1 2491/3592/1 2496/3593/4 2498/3469/4
f 2481/3537/95 2387/3425/95 2371/3428/97 2489/3532/97
f 2380/3535/93 2488/3598/93 2482/3599/95 2388/3591/95
f 2505/3600/95 2481/3537/95 2489/3532/97 2503/3601/97
f 2384/3534/91 2484/3602/91 2488/3598/93 2380/3535/93
f 2507/3603/93 2487/3536/93 2481/3537/95 2505/3600/95
f 2386/3538/89 2486/3604/89 2484/3602/91 2384/3534/91
f 2509/3605/91 2483/3539/91 2487/3536/93 2507/3603/93
f 2382/3540/87 2480/3606/87 2486/3604/89 2386/3538/89
f 2511/3607/89 2485/3541/89 2483/3539/91 2509/3605/91
f 2396/3542/85 2472/3608/85 2480/3606/87 2382/3540/87
f 2513/3609/87 2479/3543/87 2485/3541/89 2511/3607/89
f 2390/3544/83 2478/3610/83 2472/3608/85 2396/3542/85
f 2515/3611/85 2471/3545/85 2479/3543/87 2513/3609/87
f 2392/3546/81 2474/3612/81 2478/3610/83 2390/3544/83
f 2517/3613/83 2477/3547/83 2471/3545/85 2515/3611/85
f 2398/3548/79 2476/3614/79 2474/3612/81 2392/3546/81
f 2519/3615/81 2473/3549/81 2477/3547/83 2517/3613/83
f 2400/3550/77 2470/3616/77 2476/3614/79 2398/3548/79
f 2521/3617/79 2475/3551/79 2473/3549/81 2519/3615/81
f 2406/3552/75 2462/3618/75 2470/3616/77 2400/3550/77
f 2523/3619/77 2469/3553/77 2475/3551/79 2521/3617/79
f 2370/3554/73 2468/3620/73 2462/3618/75 2406/3552/75
f 2525/3621/75 2461/3555/75 2469/3553/77 2523/3619/77
f 2404/3556/71 2464/3622/71 2468/3620/73 2370/3554/73
f 2527/3623/73 2467/3557/73 2461/3555/75 2525/3621/75
f 2394/3558/69 2466/3624/69 2464/3622/71 2404/3556/71
f 2529/3625/71 2463/3559/71 2467/3557/73 2527/3623/73
f 2402/3560/67 2460/3626/67 2466/3624/69 2394/3558/69
f 2531/3627/69 2465/3561/69 2463/3559/71 2529/3625/71
f 2414/3562/65 2452/3628/65 2460/3626/67 2402/3560/67
f 2533/3629/67 2459/3563/67 2465/3561/69 2531/3627/69
f 2408/3564/63 2458/3630/63 2452/3628/65 2414/3562/65
f 2535/3631/65 2451/3565/65 2459/3563/67 2533/3629/67
f 2412/3566/61 2454/3632/61 2458/3630/63 2408/3564/63
f 2537/3633/63 2457/3567/63 2451/3565/65 2535/3631/65
f 2416/3568/59 2456/3634/59 2454/3632/61 2412/3566/61
f 2539/3635/61 2453/3569/61 2457/3567/63 2537/3633/63
f 2410/3570/57 2450/3636/57 2456/3634/59 2416/3568/59
f 2541/3637/59 2455/3571/59 2453/3569/61 2539/3635/61
f 2424/3572/55 2442/3638/55 2450/3636/57 2410/3570/57
f 2543/3639/57 2449/3573/57 2455/3571/59 2541/3637/59
f 2418/3574/53 2448/3640/53 2442/3638/55 2424/3572/55
f 2545/3641/55 2441/3575/55 2449/3573/57 2543/3639/57
f 2422/3576/51 2444/3642/51 2448/3640/53 2418/3574/53
f 2547/3643/53 2447/3577/53 2441/3575/55 2545/3641/55
f 2426/3578/49 2446/3644/49 2444/3642/51 2422/3576/51
f 2549/3645/51 2443/3579/51 2447/3577/53 2547/3643/53
f 2420/3580/47 2440/3646/47 2446/3644/49 2426/3578/49
f 2551/3647/49 2445/3581/49 2443/3579/51 2549/3645/51
f 2430/3582/45 2434/3648/45 2440/3646/47 2420/3580/47
f 2553/3649/47 2439/3583/47 2445/3581/49 2551/3647/49
f 2428/3584/43 2438/3650/43 2434/3648/45 2430/3582/45
f 2555/3651/45 2433/3585/45 2439/3583/47 2553/3649/47
f 2432/3586/40 2436/3652/40 2438/3650/43 2428/3584/43
f 2557/3653/43 2437/3587/43 2433/3585/45 2555/3651/45
f 2375/3588/4 2495/3654/4 2436/3652/40 2432/3586/40
f 2559/3655/40 2435/3589/40 2437/3587/43 2557/3653/43
f 2374/3465/99 2494/3595/99 2492/3596/1 2378/3530/1
f 2498/3656/4 2496/3590/4 2435/3589/40 2559/3655/40
f 2503/3601/97 2489/3532/97 2493/3533/99 2501/3657/99
f 2388/3591/95 2482/3599/95 2490/3594/97 2372/3464/97
f 2014/3658/99 2501/3657/99 2499/3468/1 2015/3467/1
f 2492/3596/1 2500/3089/1 2497/3092/4 2495/3597/4
f 2013/3659/97 2503/3601/97 2501/3657/99 2014/3658/99
f 2490/3594/97 2504/3095/97 2502/3093/99 2494/3595/99
f 2012/3660/95 2505/3600/95 2503/3601/97 2013/3659/97
f 2482/3599/95 2506/3097/95 2504/3095/97 2490/3594/97
f 2011/3661/93 2507/3603/93 2505/3600/95 2012/3660/95
f 2488/3598/93 2508/3099/93 2506/3097/95 2482/3599/95
f 2010/3662/91 2509/3605/91 2507/3603/93 2011/3661/93
f 2484/3602/91 2510/3101/91 2508/3099/93 2488/3598/93
f 2009/3663/89 2511/3607/89 2509/3605/91 2010/3662/91
f 2486/3604/89 2512/3103/89 2510/3101/91 2484/3602/91
f 2008/3664/87 2513/3609/87 2511/3607/89 2009/3663/89
f 2480/3606/87 2514/3105/87 2512/3103/89 2486/3604/89
f 2007/3665/85 2515/3611/85 2513/3609/87 2008/3664/87
f 2472/3608/85 2516/3107/85 2514/3105/87 2480/3606/87
f 2006/3666/83 2517/3613/83 2515/3611/85 2007/3665/85
f 2478/3610/83 2518/3109/83 2516/3107/85 2472/3608/85
f 2005/3667/81 2519/3615/81 2517/3613/83 2006/3666/83
f 2474/3612/81 2520/3111/81 2518/3109/83 2478/3610/83
f 2004/3668/79 2521/3617/79 2519/3615/81 2005/3667/81
f 2476/3614/79 2522/3113/79 2520/3111/81 2474/3612/81
f 2003/3669/77 2523/3619/77 2521/3617/79 2004/3668/79
f 2470/3616/77 2524/3115/77 2522/3113/79 2476/3614/79
f 2002/3670/75 2525/3621/75 2523/3619/77 2003/3669/77
f 2462/3618/75 2526/3117/75 2524/3115/77 2470/3616/77
f 2001/3671/73 2527/3623/73 2525/3621/75 2002/3670/75
f 2468/3620/73 2528/3119/73 2526/3117/75 2462/3618/75
f 2000/3672/71 2529/3625/71 2527/3623/73 2001/3671/73
f 2464/3622/71 2530/3121/71 2528/3119/73 2468/3620/73
f 1999/3673/69 2531/3627/69 2529/3625/71 2000/3672/71
f 2466/3624/69 2532/3123/69 2530/3121/71 2464/3622/71
f 1998/3674/67 2533/3629/67 2531/3627/69 1999/3673/69
f 2460/3626/67 2534/3125/67 2532/3123/69 2466/3624/69
f 1997/3675/65 2535/3631/65 2533/3629/67 1998/3674/67
f 2452/3628/65 2536/3127/65 2534/3125/67 2460/3626/67
f 1996/3676/63 2537/3633/63 2535/3631/65 1997/3675/65
f 2458/3630/63 2538/3129/63 2536/3127/65 2452/3628/65
f 1995/3677/61 2539/3635/61 2537/3633/63 1996/3676/63
f 2454/3632/61 2540/3131/61 2538/3129/63 2458/3630/63
f 1994/3678/59 2541/3637/59 2539/3635/61 1995/3677/61
f 2456/3634/59 2542/3133/59 2540/3131/61 2454/3632/61
f 1993/3679/57 2543/3639/57 2541/3637/59 1994/3678/59
f 2450/3636/57 2544/3135/57 2542/3133/59 2456/3634/59
f 1992/3680/55 2545/3641/55 2543/3639/57 1993/3679/57
f 2442/3638/55 2546/3137/55 2544/3135/57 2450/3636/57
f 1991/3681/53 2547/3643/53 2545/3641/55 1992/3680/55
f 2448/3640/53 2548/3139/53 2546/3137/55 2442/3638/55
f 1990/3682/51 2549/3645/51 2547/3643/53 1991/3681/53
f 2444/3642/51 2550/3141/51 2548/3139/53 2448/3640/53
f 1989/3683/49 2551/3647/49 2549/3645/51 1990/3682/51
f 2446/3644/49 2552/3143/49 2550/3141/51 2444/3642/51
f 1988/3684/47 2553/3649/47 2551/3647/49 1989/3683/49
f 2440/3646/47 2554/3145/47 2552/3143/49 2446/3644/49
f 1987/3685/45 2555/3651/45 2553/3649/47 1988/3684/47
f 2434/3648/45 2556/3147/45 2554/3145/47 2440/3646/47
f 1986/3686/43 2557/3653/43 2555/3651/45 1987/3685/45
f 2438/3650/43 2558/3149/43 2556/3147/45 2434/3648/45
f 1985/3687/40 2559/3655/40 2557/3653/43 1986/3686/43
f 2436/3652/40 2560/3151/40 2558/3149/43 2438/3650/43
f 2016/3688/4 2498/3656/4 2559/3655/40 1985/3687/40
f 2495/3654/4 2497/3153/4 2560/3151/40 2436/3652/40
f 2494/3595/99 2502/3093/99 2500/3089/1 2492/3596/1
f 2501/3657/99 2493/3533/99 2491/3592/1 2499/3468/1
f 2319/3474/65 2320/3473/65 2338/3515/67 2337/3462/67
f 2624/3689/1 2847/3690/2 2756/3691/547 2593/3692/4
f 2562/3693/5 5635/3694/5 2759/3695/6 2753/3696/7
f 5636/3697/5 5637/3698/5 2765/3699/573 2762/3700/9
f 5637/3698/5 5638/3701/5 2768/3702/10 2765/3699/573
f 5638/3701/5 5639/3703/5 2771/3704/11 2768/3702/10
f 5639/3703/5 5640/3705/5 2774/3706/506 2771/3704/11
f 5640/3705/5 5641/3707/5 2777/3708/13 2774/3706/506
f 5641/3707/5 5642/3709/5 2780/3710/14 2777/3708/13
f 5642/3709/5 5643/3711/5 2783/3712/15 2780/3710/14
f 5643/3711/5 5644/3713/5 2786/3714/16 2783/3712/15
f 5644/3713/5 5645/3715/5 2789/3716/574 2786/3714/16
f 5645/3715/5 5646/3717/5 2792/3718/18 2789/3716/574
f 5646/3717/5 5647/3719/5 2795/3720/19 2792/3718/18
f 5647/3719/5 5648/3721/5 2798/3722/20 2795/3720/19
f 5648/3721/5 5649/3723/5 2801/3724/21 2798/3722/20
f 5649/3723/5 5650/3725/5 2804/3726/22 2801/3724/21
f 5650/3725/5 5651/3727/5 2807/3728/23 2804/3726/22
f 5651/3727/5 5652/3729/5 2810/3730/24 2807/3728/23
f 5652/3729/5 5653/3731/5 2813/3732/25 2810/3730/24
f 5653/3731/5 5654/3733/5 2816/3734/26 2813/3732/25
f 5654/3733/5 5655/3735/5 2819/3736/27 2816/3734/26
f 5655/3735/5 5656/3737/5 2822/3738/453 2819/3736/27
f 5656/3737/5 5657/3739/5 2825/3740/29 2822/3738/453
f 5657/3739/5 5658/3741/5 2828/3742/30 2825/3740/29
f 5658/3741/5 5659/3743/5 2831/3744/31 2828/3742/30
f 5659/3743/5 5660/3745/5 2834/3746/32 2831/3744/31
f 5660/3745/5 5661/3747/5 2837/3748/33 2834/3746/32
f 5661/3747/5 5662/3749/5 2840/3750/34 2837/3748/33
f 5662/3749/5 5663/3751/5 2843/3752/35 2840/3750/34
f 5663/3751/5 5664/3753/5 2846/3754/36 2843/3752/35
f 5664/3753/5 2561/3755/5 2757/3756/37 2846/3754/36
f 2943/3757/38 2655/3758/1 2656/3759/4 2850/3760/39
f 2594/3761/40 2754/3762/41 2760/3763/42 2595/3764/43
f 2593/3765/4 2756/3766/547 2754/3762/41 2594/3761/40
f 2595/3764/43 2760/3763/42 2763/3767/44 2596/3768/45
f 2596/3768/45 2763/3767/44 2766/3769/46 2597/3770/47
f 2597/3770/47 2766/3769/46 2769/3771/48 2598/3772/49
f 2598/3772/49 2769/3771/48 2772/3773/50 2599/3774/51
f 2599/3774/51 2772/3773/50 2775/3775/52 2600/3776/53
f 2600/3776/53 2775/3775/52 2778/3777/511 2601/3778/55
f 2601/3778/55 2778/3777/511 2781/3779/56 2602/3780/57
f 2602/3780/57 2781/3779/56 2784/3781/58 2603/3782/59
f 2603/3782/59 2784/3781/58 2787/3783/60 2604/3784/61
f 2604/3784/61 2787/3783/60 2790/3785/62 2605/3786/63
f 2605/3786/63 2790/3785/62 2793/3787/64 2606/3788/65
f 2606/3788/65 2793/3787/64 2796/3789/66 2607/3790/67
f 2607/3790/67 2796/3789/66 2799/3791/68 2608/3792/69
f 2608/3792/69 2799/3791/68 2802/3793/70 2609/3794/71
f 2609/3794/71 2802/3793/70 2805/3795/72 2610/3796/73
f 2610/3796/73 2805/3795/72 2808/3797/74 2611/3798/75
f 2611/3798/75 2808/3797/74 2811/3799/76 2612/3800/77
f 2612/3800/77 2811/3799/76 2814/3801/78 2613/3802/79
f 2613/3802/79 2814/3801/78 2817/3803/80 2614/3804/81
f 2614/3804/81 2817/3803/80 2820/3805/82 2615/3806/83
f 2615/3806/83 2820/3805/82 2823/3807/84 2616/3808/85
f 2616/3808/85 2823/3807/84 2826/3809/575 2617/3810/87
f 2617/3810/87 2826/3809/575 2829/3811/88 2618/3812/89
f 2618/3812/89 2829/3811/88 2832/3813/90 2619/3814/91
f 2619/3814/91 2832/3813/90 2835/3815/576 2620/3816/93
f 2620/3816/93 2835/3815/576 2838/3817/94 2621/3818/95
f 2621/3818/95 2838/3817/94 2841/3819/96 2622/3820/97
f 2622/3820/97 2841/3819/96 2844/3821/98 2623/3822/99
f 2623/3822/99 2844/3821/98 2847/3690/2 2624/3689/1
f 5635/3694/5 5636/3697/5 2762/3700/9 2759/3695/6
f 2563/3823/100 5633/3824/101 2658/3825/102 2664/3826/103
f 2580/3827/104 2579/3828/105 2712/3829/106 2715/3830/107
f 2567/3831/108 2566/3832/109 2673/3833/110 2676/3834/111
f 2564/3835/112 2563/3823/100 2664/3826/103 2667/3836/113
f 2581/3837/114 2580/3827/104 2715/3830/107 2718/3838/115
f 2568/3839/116 2567/3831/108 2676/3834/111 2679/3840/117
f 2582/3841/118 2581/3837/114 2718/3838/115 2721/3842/119
f 2569/3843/120 2568/3839/116 2679/3840/117 2682/3844/121
f 2583/3845/122 2582/3841/118 2721/3842/119 2724/3846/123
f 2570/3847/124 2569/3843/120 2682/3844/121 2685/3848/125
f 2584/3849/126 2583/3845/122 2724/3846/123 2727/3850/127
f 2571/3851/128 2570/3847/124 2685/3848/125 2688/3852/129
f 2585/3853/130 2584/3849/126 2727/3850/127 2730/3854/131
f 2572/3855/132 2571/3851/128 2688/3852/129 2691/3856/133
f 2586/3857/134 2585/3853/130 2730/3854/131 2733/3858/135
f 2573/3859/136 2572/3855/132 2691/3856/133 2694/3860/137
f 2587/3861/138 2586/3857/134 2733/3858/135 2736/3862/139
f 2574/3863/140 2573/3859/136 2694/3860/137 2697/3864/141
f 2588/3865/142 2587/3861/138 2736/3862/139 2739/3866/143
f 2575/3867/144 2574/3863/140 2697/3864/141 2700/3868/145
f 2589/3869/146 2588/3865/142 2739/3866/143 2742/3870/147
f 2576/3871/148 2575/3867/144 2700/3868/145 2703/3872/149
f 2657/3873/150 2661/3874/151 2750/3875/152 2747/3876/153 2744/3877/154 2741/3878/155 2738/3879/156 2735/3880/157 2732/3881/158 2729/3882/159 2726/3883/160 2723/3884/161 2720/3885/162 2717/3886/163 2714/3887/457 2711/3888/165 2708/3889/166 2705/3890/167 2702/3891/168 2699/3892/169 2696/3893/170 2693/3894/171 2690/3895/577 2687/3896/173 2684/3897/174 2681/3898/175 2678/3899/176 2675/3900/177 2672/3901/458 2669/3902/179 2666/3903/180 2663/3904/181
f 2590/3905/182 2589/3869/146 2742/3870/147 2745/3906/183
f 2577/3907/184 2576/3871/148 2703/3872/149 2706/3908/185
f 5634/3909/186 2592/3910/187 2751/3911/188 2660/3912/189
f 2591/3913/190 2590/3905/182 2745/3906/183 2748/3914/191
f 2578/3915/192 2577/3907/184 2706/3908/185 2709/3916/193
f 2565/3917/194 2564/3835/112 2667/3836/113 2670/3918/195
f 2592/3910/187 2591/3913/190 2748/3914/191 2751/3911/188
f 2579/3828/105 2578/3915/192 2709/3916/193 2712/3829/106
f 2566/3832/109 2565/3917/194 2670/3918/195 2673/3833/110
f 2849/3919/459 2852/3920/460 2855/3921/198 2858/3922/199 2861/3923/200 2864/3924/513 2867/3925/552 2870/3926/514 2873/3927/463 2876/3928/205 2879/3929/206 2882/3930/578 2885/3931/579 2888/3932/580 2891/3933/210 2894/3934/211 2897/3935/465 2900/3936/213 2903/3937/214 2906/3938/581 2909/3939/216 2912/3940/517 2915/3941/466 2918/3942/553 2921/3943/518 2924/3944/467 2927/3945/222 2930/3946/223 2933/3947/224 2936/3948/582 2939/3949/226 2942/3950/227
f 2856/3951/228 2626/3952/43 2627/3953/45 2859/3954/229
f 2859/3954/229 2627/3953/45 2628/3955/47 2862/3956/230
f 2862/3956/230 2628/3955/47 2629/3957/49 2865/3958/231
f 2865/3958/231 2629/3957/49 2630/3959/51 2868/3960/232
f 2868/3960/232 2630/3959/51 2631/3961/53 2871/3962/233
f 2871/3962/233 2631/3961/53 2632/3963/55 2874/3964/234
f 2874/3964/234 2632/3963/55 2633/3965/57 2877/3966/235
f 2877/3966/235 2633/3965/57 2634/3967/59 2880/3968/236
f 2880/3968/236 2634/3967/59 2635/3969/61 2883/3970/237
f 2883/3970/237 2635/3969/61 2636/3971/63 2886/3972/238
f 2886/3972/238 2636/3971/63 2637/3973/65 2889/3974/239
f 2889/3974/239 2637/3973/65 2638/3975/67 2892/3976/240
f 2892/3976/240 2638/3975/67 2639/3977/69 2895/3978/241
f 2895/3978/241 2639/3977/69 2640/3979/71 2898/3980/242
f 2898/3980/242 2640/3979/71 2641/3981/73 2901/3982/243
f 2901/3982/243 2641/3981/73 2642/3983/75 2904/3984/244
f 2904/3984/244 2642/3983/75 2643/3985/77 2907/3986/245
f 2907/3986/245 2643/3985/77 2644/3987/79 2910/3988/246
f 2910/3988/246 2644/3987/79 2645/3989/81 2913/3990/247
f 2913/3990/247 2645/3989/81 2646/3991/83 2916/3992/248
f 2916/3992/248 2646/3991/83 2647/3993/85 2919/3994/249
f 2919/3994/249 2647/3993/85 2648/3995/87 2922/3996/250
f 2922/3996/250 2648/3995/87 2649/3997/89 2925/3998/251
f 2925/3998/251 2649/3997/89 2650/3999/91 2928/4000/252
f 2928/4000/252 2650/3999/91 2651/4001/93 2931/4002/253
f 2931/4002/253 2651/4001/93 2652/4003/95 2934/4004/254
f 2934/4004/254 2652/4003/95 2653/4005/97 2937/4006/255
f 2937/4006/255 2653/4005/97 2654/4007/99 2940/4008/256
f 2940/4008/256 2654/4007/99 2655/3758/1 2943/3757/38
f 2853/4009/257 2625/4010/40 2626/3952/43 2856/3951/228
f 3140/4011/1 2624/4012/1 2593/4013/4 3137/4014/4
f 3142/4015/99 2623/4016/99 2624/4012/1 3140/4011/1
f 3144/4017/97 2622/4018/97 2623/4016/99 3142/4015/99
f 3146/4019/95 2621/4020/95 2622/4018/97 3144/4017/97
f 3148/4021/93 2620/4022/93 2621/4020/95 3146/4019/95
f 3150/4023/91 2619/4024/91 2620/4022/93 3148/4021/93
f 3152/4025/89 2618/4026/89 2619/4024/91 3150/4023/91
f 3154/4027/87 2617/4028/87 2618/4026/89 3152/4025/89
f 3156/4029/85 2616/4030/85 2617/4028/87 3154/4027/87
f 3158/4031/83 2615/4032/83 2616/4030/85 3156/4029/85
f 3160/4033/81 2614/4034/81 2615/4032/83 3158/4031/83
f 3162/4035/79 2613/4036/79 2614/4034/81 3160/4033/81
f 3164/4037/77 2612/4038/77 2613/4036/79 3162/4035/79
f 3166/4039/75 2611/4040/75 2612/4038/77 3164/4037/77
f 3168/4041/73 2610/4042/73 2611/4040/75 3166/4039/75
f 3170/4043/71 2609/4044/71 2610/4042/73 3168/4041/73
f 3172/4045/69 2608/4046/69 2609/4044/71 3170/4043/71
f 3174/4047/67 2607/4048/67 2608/4046/69 3172/4045/69
f 3176/4049/65 2606/4050/65 2607/4048/67 3174/4047/67
f 3178/4051/63 2605/4052/63 2606/4050/65 3176/4049/65
f 3180/4053/61 2604/4054/61 2605/4052/63 3178/4051/63
f 3182/4055/59 2603/4056/59 2604/4054/61 3180/4053/61
f 3184/4057/57 2602/4058/57 2603/4056/59 3182/4055/59
f 3186/4059/55 2601/4060/55 2602/4058/57 3184/4057/57
f 3188/4061/53 2600/4062/53 2601/4060/55 3186/4059/55
f 3190/4063/51 2599/4064/51 2600/4062/53 3188/4061/53
f 3192/4065/49 2598/4066/49 2599/4064/51 3190/4063/51
f 3194/4067/47 2597/4068/47 2598/4066/49 3192/4065/49
f 3196/4069/45 2596/4070/45 2597/4068/47 3194/4067/47
f 3198/4071/43 2595/4072/43 2596/4070/45 3196/4069/45
f 3200/4073/40 2594/4074/40 2595/4072/43 3198/4071/43
f 3137/4075/4 2593/4076/4 2594/4074/40 3200/4073/40
f 2658/3825/102 2660/4077/189 5665/4078/258 5666/4079/259
f 2659/4080/583 2662/4081/469 2661/4082/151 2657/4083/150
f 2664/3826/103 2658/3825/102 5666/4079/259 5667/4084/262
f 2665/4085/263 2659/4080/583 2657/4083/150 2663/4086/181
f 2667/3836/113 2664/3826/103 5667/4084/262 5668/4087/470
f 2668/4088/584 2665/4085/263 2663/4086/181 2666/4089/180
f 2670/3918/195 2667/3836/113 5668/4087/470 5669/4090/522
f 2671/4091/267 2668/4088/584 2666/4089/180 2669/4092/179
f 2673/3833/110 2670/3918/195 5669/4090/522 5670/4093/268
f 2674/4094/585 2671/4091/267 2669/4092/179 2672/4095/458
f 2676/3834/111 2673/3833/110 5670/4093/268 5671/4096/270
f 2677/4097/586 2674/4094/585 2672/4095/458 2675/4098/177
f 2679/3840/117 2676/3834/111 5671/4096/270 5672/4099/272
f 2680/4100/557 2677/4097/586 2675/4098/177 2678/4101/176
f 2682/3844/121 2679/3840/117 5672/4099/272 5673/4102/274
f 2683/4103/587 2680/4100/557 2678/4101/176 2681/4104/175
f 2685/3848/125 2682/3844/121 5673/4102/274 5674/4105/276
f 2686/4106/588 2683/4103/587 2681/4104/175 2684/4107/174
f 2688/3852/129 2685/3848/125 5674/4105/276 5675/4108/558
f 2689/4109/279 2686/4106/588 2684/4107/174 2687/4110/173
f 2691/3856/133 2688/3852/129 5675/4108/558 5676/4111/280
f 2692/4112/281 2689/4109/279 2687/4110/173 2690/4113/577
f 2694/3860/137 2691/3856/133 5676/4111/280 5677/4114/282
f 2695/4115/283 2692/4112/281 2690/4113/577 2693/4116/171
f 2697/3864/141 2694/3860/137 5677/4114/282 5678/4117/284
f 2698/4118/527 2695/4115/283 2693/4116/171 2696/4119/170
f 2700/3868/145 2697/3864/141 5678/4117/284 5679/4120/286
f 2701/4121/475 2698/4118/527 2696/4119/170 2699/4122/169
f 2703/3872/149 2700/3868/145 5679/4120/286 5680/4123/288
f 2704/4124/289 2701/4121/475 2699/4122/169 2702/4125/168
f 2706/3908/185 2703/3872/149 5680/4123/288 5681/4126/290
f 2707/4127/291 2704/4124/289 2702/4125/168 2705/4128/167
f 2709/3916/193 2706/3908/185 5681/4126/290 5682/4129/292
f 2710/4130/477 2707/4127/291 2705/4128/167 2708/4131/166
f 2712/3829/106 2709/3916/193 5682/4129/292 5683/4132/478
f 2713/4133/295 2710/4130/477 2708/4131/166 2711/4134/165
f 2715/3830/107 2712/3829/106 5683/4132/478 5684/4135/296
f 2716/4136/589 2713/4133/295 2711/4134/165 2714/4137/457
f 2718/3838/115 2715/3830/107 5684/4135/296 5685/4138/298
f 2719/4139/299 2716/4136/589 2714/4137/457 2717/4140/163
f 2721/3842/119 2718/3838/115 5685/4138/298 5686/4141/560
f 2722/4142/590 2719/4139/299 2717/4140/163 2720/4143/162
f 2724/3846/123 2721/3842/119 5686/4141/560 5687/4144/302
f 2725/4145/591 2722/4142/590 2720/4143/162 2723/4146/161
f 2727/3850/127 2724/3846/123 5687/4144/302 5688/4147/304
f 2728/4148/592 2725/4145/591 2723/4146/161 2726/4149/160
f 2730/3854/131 2727/3850/127 5688/4147/304 5689/4150/306
f 2731/4151/593 2728/4148/592 2726/4149/160 2729/4152/159
f 2733/3858/135 2730/3854/131 5689/4150/306 5690/4153/531
f 2734/4154/594 2731/4151/593 2729/4152/159 2732/4155/158
f 2736/3862/139 2733/3858/135 5690/4153/531 5691/4156/310
f 2737/4157/311 2734/4154/594 2732/4155/158 2735/4158/157
f 2739/3866/143 2736/3862/139 5691/4156/310 5692/4159/312
f 2740/4160/595 2737/4157/311 2735/4158/157 2738/4161/156
f 2742/3870/147 2739/3866/143 5692/4159/312 5693/4162/314
f 2743/4163/315 2740/4160/595 2738/4161/156 2741/4164/155
f 2745/3906/183 2742/3870/147 5693/4162/314 5694/4165/316
f 2746/4166/481 2743/4163/315 2741/4164/155 2744/4167/154
f 2748/3914/191 2745/3906/183 5694/4165/316 5695/4168/318
f 2749/4169/319 2746/4166/481 2744/4167/154 2747/4170/153
f 2751/3911/188 2748/3914/191 5695/4168/318 5696/4171/320
f 2752/4172/483 2749/4169/319 2747/4170/153 2750/4173/152
f 2660/3912/189 2751/3911/188 5696/4171/320 5665/4174/258
f 2662/4175/469 2752/4172/483 2750/4173/152 2661/4176/151
f 5633/3824/101 5634/4177/186 2660/4077/189 2658/3825/102
f 2754/3762/41 2756/3766/547 5697/4178/322 5698/4179/323
f 2755/4180/324 2758/4181/325 2757/4182/37 2753/3696/7
f 2760/3763/42 2754/3762/41 5698/4179/323 5699/4183/484
f 2761/4184/327 2755/4180/324 2753/3696/7 2759/3695/6
f 2763/3767/44 2760/3763/42 5699/4183/484 5700/4185/328
f 2764/4186/329 2761/4184/327 2759/3695/6 2762/3700/9
f 2766/3769/46 2763/3767/44 5700/4185/328 5701/4187/330
f 2767/4188/331 2764/4186/329 2762/3700/9 2765/3699/573
f 2769/3771/48 2766/3769/46 5701/4187/330 5702/4189/332
f 2770/4190/333 2767/4188/331 2765/3699/573 2768/3702/10
f 2772/3773/50 2769/3771/48 5702/4189/332 5703/4191/535
f 2773/4192/335 2770/4190/333 2768/3702/10 2771/3704/11
f 2775/3775/52 2772/3773/50 5703/4191/535 5704/4193/596
f 2776/4194/337 2773/4192/335 2771/3704/11 2774/3706/506
f 2778/3777/511 2775/3775/52 5704/4193/596 5705/4195/338
f 2779/4196/339 2776/4194/337 2774/3706/506 2777/3708/13
f 2781/3779/56 2778/3777/511 5705/4195/338 5706/4197/488
f 2782/4198/341 2779/4196/339 2777/3708/13 2780/3710/14
f 2784/3781/58 2781/3779/56 5706/4197/488 5707/4199/490
f 2785/4200/343 2782/4198/341 2780/3710/14 2783/3712/15
f 2787/3783/60 2784/3781/58 5707/4199/490 5708/4201/344
f 2788/4202/345 2785/4200/343 2783/3712/15 2786/3714/16
f 2790/3785/62 2787/3783/60 5708/4201/344 5709/4203/346
f 2791/4204/347 2788/4202/345 2786/3714/16 2789/3716/574
f 2793/3787/64 2790/3785/62 5709/4203/346 5710/4205/348
f 2794/4206/349 2791/4204/347 2789/3716/574 2792/3718/18
f 2796/3789/66 2793/3787/64 5710/4205/348 5711/4207/350
f 2797/4208/351 2794/4206/349 2792/3718/18 2795/3720/19
f 2799/3791/68 2796/3789/66 5711/4207/350 5712/4209/352
f 2800/4210/353 2797/4208/351 2795/3720/19 2798/3722/20
f 2802/3793/70 2799/3791/68 5712/4209/352 5713/4211/354
f 2803/4212/355 2800/4210/353 2798/3722/20 2801/3724/21
f 2805/3795/72 2802/3793/70 5713/4211/354 5714/4213/356
f 2806/4214/357 2803/4212/355 2801/3724/21 2804/3726/22
f 2808/3797/74 2805/3795/72 5714/4213/356 5715/4215/597
f 2809/4216/359 2806/4214/357 2804/3726/22 2807/3728/23
f 2811/3799/76 2808/3797/74 5715/4215/597 5716/4217/360
f 2812/4218/361 2809/4216/359 2807/3728/23 2810/3730/24
f 2814/3801/78 2811/3799/76 5716/4217/360 5717/4219/362
f 2815/4220/363 2812/4218/361 2810/3730/24 2813/3732/25
f 2817/3803/80 2814/3801/78 5717/4219/362 5718/4221/364
f 2818/4222/365 2815/4220/363 2813/3732/25 2816/3734/26
f 2820/3805/82 2817/3803/80 5718/4221/364 5719/4223/598
f 2821/4224/367 2818/4222/365 2816/3734/26 2819/3736/27
f 2823/3807/84 2820/3805/82 5719/4223/598 5720/4225/368
f 2824/4226/369 2821/4224/367 2819/3736/27 2822/3738/453
f 2826/3809/575 2823/3807/84 5720/4225/368 5721/4227/370
f 2827/4228/371 2824/4226/369 2822/3738/453 2825/3740/29
f 2829/3811/88 2826/3809/575 5721/4227/370 5722/4229/372
f 2830/4230/373 2827/4228/371 2825/3740/29 2828/3742/30
f 2832/3813/90 2829/3811/88 5722/4229/372 5723/4231/564
f 2833/4232/375 2830/4230/373 2828/3742/30 2831/3744/31
f 2835/3815/576 2832/3813/90 5723/4231/564 5724/4233/376
f 2836/4234/377 2833/4232/375 2831/3744/31 2834/3746/32
f 2838/3817/94 2835/3815/576 5724/4233/376 5725/4235/378
f 2839/4236/379 2836/4234/377 2834/3746/32 2837/3748/33
f 2841/3819/96 2838/3817/94 5725/4235/378 5726/4237/380
f 2842/4238/381 2839/4236/379 2837/3748/33 2840/3750/34
f 2844/3821/98 2841/3819/96 5726/4237/380 5727/4239/382
f 2845/4240/383 2842/4238/381 2840/3750/34 2843/3752/35
f 2847/3690/2 2844/3821/98 5727/4239/382 5728/4241/384
f 2848/4242/385 2845/4240/383 2843/3752/35 2846/3754/36
f 2756/3691/547 2847/3690/2 5728/4241/384 5697/4243/322
f 2758/4244/325 2848/4242/385 2846/3754/36 2757/3756/37
f 2561/4245/5 2562/3693/5 2753/3696/7 2757/4182/37
f 2850/4246/39 2853/4009/257 5729/4247/386 5730/4248/599
f 2851/4249/388 2854/4250/389 2852/4251/460 2849/4252/459
f 2853/4009/257 2856/3951/228 5731/4253/390 5729/4247/386
f 2854/4250/389 2857/4254/391 2855/4255/198 2852/4251/460
f 2856/3951/228 2859/3954/229 5732/4256/392 5731/4253/390
f 2857/4254/391 2860/4257/393 2858/4258/199 2855/4255/198
f 2859/3954/229 2862/3956/230 5733/4259/566 5732/4256/392
f 2860/4257/393 2863/4260/395 2861/4261/200 2858/4258/199
f 2862/3956/230 2865/3958/231 5734/4262/567 5733/4259/566
f 2863/4260/395 2866/4263/600 2864/4264/513 2861/4261/200
f 2865/3958/231 2868/3960/232 5735/4265/601 5734/4262/567
f 2866/4263/600 2869/4266/399 2867/4267/552 2864/4264/513
f 2868/3960/232 2871/3962/233 5736/4268/400 5735/4265/601
f 2869/4266/399 2872/4269/401 2870/4270/514 2867/4267/552
f 2871/3962/233 2874/3964/234 5737/4271/402 5736/4268/400
f 2872/4269/401 2875/4272/403 2873/4273/463 2870/4270/514
f 2874/3964/234 2877/3966/235 5738/4274/602 5737/4271/402
f 2875/4272/403 2878/4275/405 2876/4276/205 2873/4273/463
f 2877/3966/235 2880/3968/236 5739/4277/603 5738/4274/602
f 2878/4275/405 2881/4278/407 2879/4279/206 2876/4276/205
f 2880/3968/236 2883/3970/237 5740/4280/408 5739/4277/603
f 2881/4278/407 2884/4281/409 2882/4282/578 2879/4279/206
f 2883/3970/237 2886/3972/238 5741/4283/410 5740/4280/408
f 2884/4281/409 2887/4284/411 2885/4285/579 2882/4282/578
f 2886/3972/238 2889/3974/239 5742/4286/412 5741/4283/410
f 2887/4284/411 2890/4287/413 2888/4288/580 2885/4285/579
f 2889/3974/239 2892/3976/240 5743/4289/569 5742/4286/412
f 2890/4287/413 2893/4290/415 2891/4291/210 2888/4288/580
f 2892/3976/240 2895/3978/241 5744/4292/416 5743/4289/569
f 2893/4290/415 2896/4293/417 2894/4294/211 2891/4291/210
f 2895/3978/241 2898/3980/242 5745/4295/418 5744/4292/416
f 2896/4293/417 2899/4296/419 2897/4297/465 2894/4294/211
f 2898/3980/242 2901/3982/243 5746/4298/544 5745/4295/418
f 2899/4296/419 2902/4299/421 2900/4300/213 2897/4297/465
f 2901/3982/243 2904/3984/244 5747/4301/499 5746/4298/544
f 2902/4299/421 2905/4302/423 2903/4303/214 2900/4300/213
f 2904/3984/244 2907/3986/245 5748/4304/424 5747/4301/499
f 2905/4302/423 2908/4305/425 2906/4306/581 2903/4303/214
f 2907/3986/245 2910/3988/246 5749/4307/500 5748/4304/424
f 2908/4305/425 2911/4308/427 2909/4309/216 2906/4306/581
f 2910/3988/246 2913/3990/247 5750/4310/501 5749/4307/500
f 2911/4308/427 2914/4311/429 2912/4312/517 2909/4309/216
f 2913/3990/247 2916/3992/248 5751/4313/502 5750/4310/501
f 2914/4311/429 2917/4314/431 2915/4315/466 2912/4312/517
f 2916/3992/248 2919/3994/249 5752/4316/432 5751/4313/502
f 2917/4314/431 2920/4317/433 2918/4318/553 2915/4315/466
f 2919/3994/249 2922/3996/250 5753/4319/570 5752/4316/432
f 2920/4317/433 2923/4320/435 2921/4321/518 2918/4318/553
f 2922/3996/250 2925/3998/251 5754/4322/436 5753/4319/570
f 2923/4320/435 2926/4323/437 2924/4324/467 2921/4321/518
f 2925/3998/251 2928/4000/252 5755/4325/438 5754/4322/436
f 2926/4323/437 2929/4326/439 2927/4327/222 2924/4324/467
f 2928/4000/252 2931/4002/253 5756/4328/440 5755/4325/438
f 2929/4326/439 2932/4329/441 2930/4330/223 2927/4327/222
f 2931/4002/253 2934/4004/254 5757/4331/442 5756/4328/440
f 2932/4329/441 2935/4332/443 2933/4333/224 2930/4330/223
f 2934/4004/254 2937/4006/255 5758/4334/444 5757/4331/442
f 2935/4332/443 2938/4335/445 2936/4336/582 2933/4333/224
f 2937/4006/255 2940/4008/256 5759/4337/446 5758/4334/444
f 2938/4335/445 2941/4338/447 2939/4339/226 2936/4336/582
f 2940/4008/256 2943/3757/38 5760/4340/546 5759/4337/446
f 2941/4338/447 2944/4341/449 2942/4342/227 2939/4339/226
f 2943/3757/38 2850/3760/39 5730/4343/599 5760/4340/546
f 2944/4341/449 2851/4344/388 2849/4345/459 2942/4342/227
f 2850/4246/39 2656/4346/4 2625/4010/40 2853/4009/257
f 3027/4347/95 2991/4348/95 2997/4349/97 3011/4350/97
f 3011/4350/97 2997/4349/97 3007/4351/99 3013/4352/99
f 3017/4353/1 3005/4354/1 3004/4355/4 3016/4356/4
f 3023/4357/91 2989/4358/91 2999/4359/93 3019/4360/93
f 3025/4361/89 2993/4362/89 2989/4358/91 3023/4357/91
f 3021/4363/87 2945/4364/87 2993/4362/89 3025/4361/89
f 3035/4365/85 2983/4366/85 2945/4364/87 3021/4363/87
f 3029/4367/83 2995/4368/83 2983/4366/85 3035/4365/85
f 3031/4369/81 2987/4370/81 2995/4368/83 3029/4367/83
f 3037/4371/79 2981/4372/79 2987/4370/81 3031/4369/81
f 3039/4373/77 2985/4374/77 2981/4372/79 3037/4371/79
f 3045/4375/75 2973/4376/75 2985/4374/77 3039/4373/77
f 3009/4377/73 3001/4378/73 2973/4376/75 3045/4375/75
f 3043/4379/71 2969/4380/71 3001/4378/73 3009/4377/73
f 3033/4381/69 2979/4382/69 2969/4380/71 3043/4379/71
f 3041/4383/67 2977/4384/67 2979/4382/69 3033/4381/69
f 2998/4385/97 3012/4386/97 3014/4387/99 3008/4388/99
f 2655/4389/1 3139/4390/1 3138/4391/4 2656/4392/4
f 2971/4393/63 2972/4394/63 2960/4395/65 2959/4396/65
f 3047/4397/63 2971/4393/63 2959/4396/65 3053/4398/65
f 2967/4399/61 2968/4400/61 2972/4394/63 2971/4393/63
f 3051/4401/61 2967/4399/61 2971/4393/63 3047/4397/63
f 2963/4402/59 2964/4403/59 2968/4400/61 2967/4399/61
f 3055/4404/59 2963/4402/59 2967/4399/61 3051/4401/61
f 2975/4405/57 2976/4406/57 2964/4403/59 2963/4402/59
f 3049/4407/57 2975/4405/57 2963/4402/59 3055/4404/59
f 2949/4408/55 2950/4409/55 2976/4406/57 2975/4405/57
f 3063/4410/55 2949/4408/55 2975/4405/57 3049/4407/57
f 2961/4411/53 2962/4412/53 2950/4409/55 2949/4408/55
f 3057/4413/53 2961/4411/53 2949/4408/55 3063/4410/55
f 2957/4414/51 2958/4415/51 2962/4412/53 2961/4411/53
f 3061/4416/51 2957/4414/51 2961/4411/53 3057/4413/53
f 2953/4417/49 2954/4418/49 2958/4415/51 2957/4414/51
f 3065/4419/49 2953/4417/49 2957/4414/51 3061/4416/51
f 2965/4420/47 2966/4421/47 2954/4418/49 2953/4417/49
f 3059/4422/47 2965/4420/47 2953/4417/49 3065/4419/49
f 2955/4423/45 2956/4424/45 2966/4421/47 2965/4420/47
f 3069/4425/45 2955/4423/45 2965/4420/47 3059/4422/47
f 2951/4426/43 2952/4427/43 2956/4424/45 2955/4423/45
f 3067/4428/43 2951/4426/43 2955/4423/45 3069/4425/45
f 2947/4429/40 2948/4430/40 2952/4427/43 2951/4426/43
f 3071/4431/40 2947/4429/40 2951/4426/43 3067/4428/43
f 3004/4432/4 3003/4433/4 2948/4430/40 2947/4429/40
f 3016/4434/4 3004/4432/4 2947/4429/40 3071/4431/40
f 3007/4351/99 3008/4388/99 3006/4435/1 3005/4354/1
f 3013/4352/99 3007/4351/99 3005/4354/1 3017/4353/1
f 2991/4348/95 2992/4436/95 2998/4385/97 2997/4349/97
f 3053/4398/65 2959/4396/65 2977/4384/67 3041/4383/67
f 2977/4384/67 2978/4437/67 2980/4438/69 2979/4382/69
f 2979/4382/69 2980/4438/69 2970/4439/71 2969/4380/71
f 2969/4380/71 2970/4439/71 3002/4440/73 3001/4378/73
f 3001/4378/73 3002/4440/73 2974/4441/75 2973/4376/75
f 2973/4376/75 2974/4441/75 2986/4442/77 2985/4374/77
f 2985/4374/77 2986/4442/77 2982/4443/79 2981/4372/79
f 2981/4372/79 2982/4443/79 2988/4444/81 2987/4370/81
f 2987/4370/81 2988/4444/81 2996/4445/83 2995/4368/83
f 2995/4368/83 2996/4445/83 2984/4446/85 2983/4366/85
f 2983/4366/85 2984/4446/85 2946/4447/87 2945/4364/87
f 2945/4364/87 2946/4447/87 2994/4448/89 2993/4362/89
f 2993/4362/89 2994/4448/89 2990/4449/91 2989/4358/91
f 2989/4358/91 2990/4449/91 3000/4450/93 2999/4359/93
f 3005/4354/1 3006/4435/1 3003/4451/4 3004/4355/4
f 2997/4349/97 2998/4385/97 3008/4388/99 3007/4351/99
f 3006/4435/1 3018/4452/1 3015/4453/4 3003/4451/4
f 3019/4360/93 2999/4359/93 2991/4348/95 3027/4347/95
f 3129/4454/97 3011/4350/97 3013/4352/99 3133/4455/99
f 2999/4359/93 3000/4450/93 2992/4436/95 2991/4348/95
f 2990/4449/91 3024/4456/91 3020/4457/93 3000/4450/93
f 3127/4458/93 3019/4360/93 3027/4347/95 3121/4459/95
f 2994/4448/89 3026/4460/89 3024/4456/91 2990/4449/91
f 3123/4461/91 3023/4357/91 3019/4360/93 3127/4458/93
f 2946/4447/87 3022/4462/87 3026/4460/89 2994/4448/89
f 3125/4463/89 3025/4361/89 3023/4357/91 3123/4461/91
f 2984/4446/85 3036/4464/85 3022/4462/87 2946/4447/87
f 3119/4465/87 3021/4363/87 3025/4361/89 3125/4463/89
f 2996/4445/83 3030/4466/83 3036/4464/85 2984/4446/85
f 3111/4467/85 3035/4365/85 3021/4363/87 3119/4465/87
f 2988/4444/81 3032/4468/81 3030/4466/83 2996/4445/83
f 3117/4469/83 3029/4367/83 3035/4365/85 3111/4467/85
f 2982/4443/79 3038/4470/79 3032/4468/81 2988/4444/81
f 3113/4471/81 3031/4369/81 3029/4367/83 3117/4469/83
f 2986/4442/77 3040/4472/77 3038/4470/79 2982/4443/79
f 3115/4473/79 3037/4371/79 3031/4369/81 3113/4471/81
f 2974/4441/75 3046/4474/75 3040/4472/77 2986/4442/77
f 3109/4475/77 3039/4373/77 3037/4371/79 3115/4473/79
f 3002/4440/73 3010/4476/73 3046/4474/75 2974/4441/75
f 3101/4477/75 3045/4375/75 3039/4373/77 3109/4475/77
f 2970/4439/71 3044/4478/71 3010/4476/73 3002/4440/73
f 3107/4479/73 3009/4377/73 3045/4375/75 3101/4477/75
f 2980/4438/69 3034/4480/69 3044/4478/71 2970/4439/71
f 3103/4481/71 3043/4379/71 3009/4377/73 3107/4479/73
f 2978/4437/67 3042/4482/67 3034/4480/69 2980/4438/69
f 3105/4483/69 3033/4381/69 3043/4379/71 3103/4481/71
f 2960/4395/65 3054/4484/65 3042/4482/67 2978/4437/67
f 3099/4485/67 3041/4383/67 3033/4381/69 3105/4483/69
f 2972/4394/63 3048/4486/63 3054/4484/65 2960/4395/65
f 3091/4487/65 3053/4398/65 3041/4383/67 3099/4485/67
f 2968/4400/61 3052/4488/61 3048/4486/63 2972/4394/63
f 3097/4489/63 3047/4397/63 3053/4398/65 3091/4487/65
f 2964/4403/59 3056/4490/59 3052/4488/61 2968/4400/61
f 3093/4491/61 3051/4401/61 3047/4397/63 3097/4489/63
f 2976/4406/57 3050/4492/57 3056/4490/59 2964/4403/59
f 3095/4493/59 3055/4404/59 3051/4401/61 3093/4491/61
f 2950/4409/55 3064/4494/55 3050/4492/57 2976/4406/57
f 3089/4495/57 3049/4407/57 3055/4404/59 3095/4493/59
f 2962/4412/53 3058/4496/53 3064/4494/55 2950/4409/55
f 3081/4497/55 3063/4410/55 3049/4407/57 3089/4495/57
f 2958/4415/51 3062/4498/51 3058/4496/53 2962/4412/53
f 3087/4499/53 3057/4413/53 3063/4410/55 3081/4497/55
f 2954/4418/49 3066/4500/49 3062/4498/51 2958/4415/51
f 3083/4501/51 3061/4416/51 3057/4413/53 3087/4499/53
f 2966/4421/47 3060/4502/47 3066/4500/49 2954/4418/49
f 3085/4503/49 3065/4419/49 3061/4416/51 3083/4501/51
f 2956/4424/45 3070/4504/45 3060/4502/47 2966/4421/47
f 3079/4505/47 3059/4422/47 3065/4419/49 3085/4503/49
f 2952/4427/43 3068/4506/43 3070/4504/45 2956/4424/45
f 3073/4507/45 3069/4425/45 3059/4422/47 3079/4505/47
f 2948/4430/40 3072/4508/40 3068/4506/43 2952/4427/43
f 3077/4509/43 3067/4428/43 3069/4425/45 3073/4507/45
f 3003/4433/4 3015/4510/4 3072/4508/40 2948/4430/40
f 3075/4511/40 3071/4431/40 3067/4428/43 3077/4509/43
f 3008/4388/99 3014/4387/99 3018/4452/1 3006/4435/1
f 3136/4512/4 3016/4434/4 3071/4431/40 3075/4511/40
f 2992/4436/95 3028/4513/95 3012/4386/97 2998/4385/97
f 3133/4455/99 3013/4352/99 3017/4353/1 3131/4514/1
f 3131/4514/1 3017/4353/1 3016/4356/4 3136/4515/4
f 3000/4450/93 3020/4457/93 3028/4513/95 2992/4436/95
f 3012/4386/97 3130/4516/97 3134/4517/99 3014/4387/99
f 3018/4452/1 3132/4518/1 3135/4519/4 3015/4453/4
f 3139/4390/1 3131/4514/1 3136/4515/4 3138/4391/4
f 3121/4459/95 3027/4347/95 3011/4350/97 3129/4454/97
f 3020/4457/93 3128/4520/93 3122/4521/95 3028/4513/95
f 3145/4522/95 3121/4459/95 3129/4454/97 3143/4523/97
f 3024/4456/91 3124/4524/91 3128/4520/93 3020/4457/93
f 3147/4525/93 3127/4458/93 3121/4459/95 3145/4522/95
f 3026/4460/89 3126/4526/89 3124/4524/91 3024/4456/91
f 3149/4527/91 3123/4461/91 3127/4458/93 3147/4525/93
f 3022/4462/87 3120/4528/87 3126/4526/89 3026/4460/89
f 3151/4529/89 3125/4463/89 3123/4461/91 3149/4527/91
f 3036/4464/85 3112/4530/85 3120/4528/87 3022/4462/87
f 3153/4531/87 3119/4465/87 3125/4463/89 3151/4529/89
f 3030/4466/83 3118/4532/83 3112/4530/85 3036/4464/85
f 3155/4533/85 3111/4467/85 3119/4465/87 3153/4531/87
f 3032/4468/81 3114/4534/81 3118/4532/83 3030/4466/83
f 3157/4535/83 3117/4469/83 3111/4467/85 3155/4533/85
f 3038/4470/79 3116/4536/79 3114/4534/81 3032/4468/81
f 3159/4537/81 3113/4471/81 3117/4469/83 3157/4535/83
f 3040/4472/77 3110/4538/77 3116/4536/79 3038/4470/79
f 3161/4539/79 3115/4473/79 3113/4471/81 3159/4537/81
f 3046/4474/75 3102/4540/75 3110/4538/77 3040/4472/77
f 3163/4541/77 3109/4475/77 3115/4473/79 3161/4539/79
f 3010/4476/73 3108/4542/73 3102/4540/75 3046/4474/75
f 3165/4543/75 3101/4477/75 3109/4475/77 3163/4541/77
f 3044/4478/71 3104/4544/71 3108/4542/73 3010/4476/73
f 3167/4545/73 3107/4479/73 3101/4477/75 3165/4543/75
f 3034/4480/69 3106/4546/69 3104/4544/71 3044/4478/71
f 3169/4547/71 3103/4481/71 3107/4479/73 3167/4545/73
f 3042/4482/67 3100/4548/67 3106/4546/69 3034/4480/69
f 3171/4549/69 3105/4483/69 3103/4481/71 3169/4547/71
f 3054/4484/65 3092/4550/65 3100/4548/67 3042/4482/67
f 3173/4551/67 3099/4485/67 3105/4483/69 3171/4549/69
f 3048/4486/63 3098/4552/63 3092/4550/65 3054/4484/65
f 3175/4553/65 3091/4487/65 3099/4485/67 3173/4551/67
f 3052/4488/61 3094/4554/61 3098/4552/63 3048/4486/63
f 3177/4555/63 3097/4489/63 3091/4487/65 3175/4553/65
f 3056/4490/59 3096/4556/59 3094/4554/61 3052/4488/61
f 3179/4557/61 3093/4491/61 3097/4489/63 3177/4555/63
f 3050/4492/57 3090/4558/57 3096/4556/59 3056/4490/59
f 3181/4559/59 3095/4493/59 3093/4491/61 3179/4557/61
f 3064/4494/55 3082/4560/55 3090/4558/57 3050/4492/57
f 3183/4561/57 3089/4495/57 3095/4493/59 3181/4559/59
f 3058/4496/53 3088/4562/53 3082/4560/55 3064/4494/55
f 3185/4563/55 3081/4497/55 3089/4495/57 3183/4561/57
f 3062/4498/51 3084/4564/51 3088/4562/53 3058/4496/53
f 3187/4565/53 3087/4499/53 3081/4497/55 3185/4563/55
f 3066/4500/49 3086/4566/49 3084/4564/51 3062/4498/51
f 3189/4567/51 3083/4501/51 3087/4499/53 3187/4565/53
f 3060/4502/47 3080/4568/47 3086/4566/49 3066/4500/49
f 3191/4569/49 3085/4503/49 3083/4501/51 3189/4567/51
f 3070/4504/45 3074/4570/45 3080/4568/47 3060/4502/47
f 3193/4571/47 3079/4505/47 3085/4503/49 3191/4569/49
f 3068/4506/43 3078/4572/43 3074/4570/45 3070/4504/45
f 3195/4573/45 3073/4507/45 3079/4505/47 3193/4571/47
f 3072/4508/40 3076/4574/40 3078/4572/43 3068/4506/43
f 3197/4575/43 3077/4509/43 3073/4507/45 3195/4573/45
f 3015/4510/4 3135/4576/4 3076/4574/40 3072/4508/40
f 3199/4577/40 3075/4511/40 3077/4509/43 3197/4575/43
f 3014/4387/99 3134/4517/99 3132/4518/1 3018/4452/1
f 3138/4578/4 3136/4512/4 3075/4511/40 3199/4577/40
f 3143/4523/97 3129/4454/97 3133/4455/99 3141/4579/99
f 3028/4513/95 3122/4521/95 3130/4516/97 3012/4386/97
f 2654/4580/99 3141/4579/99 3139/4390/1 2655/4389/1
f 3132/4518/1 3140/4011/1 3137/4014/4 3135/4519/4
f 2653/4581/97 3143/4523/97 3141/4579/99 2654/4580/99
f 3130/4516/97 3144/4017/97 3142/4015/99 3134/4517/99
f 2652/4582/95 3145/4522/95 3143/4523/97 2653/4581/97
f 3122/4521/95 3146/4019/95 3144/4017/97 3130/4516/97
f 2651/4583/93 3147/4525/93 3145/4522/95 2652/4582/95
f 3128/4520/93 3148/4021/93 3146/4019/95 3122/4521/95
f 2650/4584/91 3149/4527/91 3147/4525/93 2651/4583/93
f 3124/4524/91 3150/4023/91 3148/4021/93 3128/4520/93
f 2649/4585/89 3151/4529/89 3149/4527/91 2650/4584/91
f 3126/4526/89 3152/4025/89 3150/4023/91 3124/4524/91
f 2648/4586/87 3153/4531/87 3151/4529/89 2649/4585/89
f 3120/4528/87 3154/4027/87 3152/4025/89 3126/4526/89
f 2647/4587/85 3155/4533/85 3153/4531/87 2648/4586/87
f 3112/4530/85 3156/4029/85 3154/4027/87 3120/4528/87
f 2646/4588/83 3157/4535/83 3155/4533/85 2647/4587/85
f 3118/4532/83 3158/4031/83 3156/4029/85 3112/4530/85
f 2645/4589/81 3159/4537/81 3157/4535/83 2646/4588/83
f 3114/4534/81 3160/4033/81 3158/4031/83 3118/4532/83
f 2644/4590/79 3161/4539/79 3159/4537/81 2645/4589/81
f 3116/4536/79 3162/4035/79 3160/4033/81 3114/4534/81
f 2643/4591/77 3163/4541/77 3161/4539/79 2644/4590/79
f 3110/4538/77 3164/4037/77 3162/4035/79 3116/4536/79
f 2642/4592/75 3165/4543/75 3163/4541/77 2643/4591/77
f 3102/4540/75 3166/4039/75 3164/4037/77 3110/4538/77
f 2641/4593/73 3167/4545/73 3165/4543/75 2642/4592/75
f 3108/4542/73 3168/4041/73 3166/4039/75 3102/4540/75
f 2640/4594/71 3169/4547/71 3167/4545/73 2641/4593/73
f 3104/4544/71 3170/4043/71 3168/4041/73 3108/4542/73
f 2639/4595/69 3171/4549/69 3169/4547/71 2640/4594/71
f 3106/4546/69 3172/4045/69 3170/4043/71 3104/4544/71
f 2638/4596/67 3173/4551/67 3171/4549/69 2639/4595/69
f 3100/4548/67 3174/4047/67 3172/4045/69 3106/4546/69
f 2637/4597/65 3175/4553/65 3173/4551/67 2638/4596/67
f 3092/4550/65 3176/4049/65 3174/4047/67 3100/4548/67
f 2636/4598/63 3177/4555/63 3175/4553/65 2637/4597/65
f 3098/4552/63 3178/4051/63 3176/4049/65 3092/4550/65
f 2635/4599/61 3179/4557/61 3177/4555/63 2636/4598/63
f 3094/4554/61 3180/4053/61 3178/4051/63 3098/4552/63
f 2634/4600/59 3181/4559/59 3179/4557/61 2635/4599/61
f 3096/4556/59 3182/4055/59 3180/4053/61 3094/4554/61
f 2633/4601/57 3183/4561/57 3181/4559/59 2634/4600/59
f 3090/4558/57 3184/4057/57 3182/4055/59 3096/4556/59
f 2632/4602/55 3185/4563/55 3183/4561/57 2633/4601/57
f 3082/4560/55 3186/4059/55 3184/4057/57 3090/4558/57
f 2631/4603/53 3187/4565/53 3185/4563/55 2632/4602/55
f 3088/4562/53 3188/4061/53 3186/4059/55 3082/4560/55
f 2630/4604/51 3189/4567/51 3187/4565/53 2631/4603/53
f 3084/4564/51 3190/4063/51 3188/4061/53 3088/4562/53
f 2629/4605/49 3191/4569/49 3189/4567/51 2630/4604/51
f 3086/4566/49 3192/4065/49 3190/4063/51 3084/4564/51
f 2628/4606/47 3193/4571/47 3191/4569/49 2629/4605/49
f 3080/4568/47 3194/4067/47 3192/4065/49 3086/4566/49
f 2627/4607/45 3195/4573/45 3193/4571/47 2628/4606/47
f 3074/4570/45 3196/4069/45 3194/4067/47 3080/4568/47
f 2626/4608/43 3197/4575/43 3195/4573/45 2627/4607/45
f 3078/4572/43 3198/4071/43 3196/4069/45 3074/4570/45
f 2625/4609/40 3199/4577/40 3197/4575/43 2626/4608/43
f 3076/4574/40 3200/4073/40 3198/4071/43 3078/4572/43
f 2656/4610/4 3138/4578/4 3199/4577/40 2625/4609/40
f 3135/4576/4 3137/4075/4 3200/4073/40 3076/4574/40
f 3134/4517/99 3142/4015/99 3140/4011/1 3132/4518/1
f 3141/4579/99 3133/4455/99 3131/4514/1 3139/4390/1
f 2959/4396/65 2960/4395/65 2978/4437/67 2977/4384/67
f 3264/4611/1 3487/4612/2 3396/4613/3 3233/4614/4
f 3202/4615/5 5763/4616/5 3399/4617/6 3393/4618/7
f 5764/4619/5 5765/4620/5 3405/4621/573 3402/4622/9
f 5765/4620/5 5766/4623/5 3408/4624/10 3405/4621/573
f 5766/4623/5 5767/4625/5 3411/4626/11 3408/4624/10
f 5767/4625/5 5768/4627/5 3414/4628/506 3411/4626/11
f 5768/4627/5 5769/4629/5 3417/4630/604 3414/4628/506
f 5769/4629/5 5770/4631/5 3420/4632/605 3417/4630/604
f 5770/4631/5 5771/4633/5 3423/4634/15 3420/4632/605
f 5771/4633/5 5772/4635/5 3426/4636/16 3423/4634/15
f 5772/4635/5 5773/4637/5 3429/4638/574 3426/4636/16
f 5773/4637/5 5774/4639/5 3432/4640/18 3429/4638/574
f 5774/4639/5 5775/4641/5 3435/4642/19 3432/4640/18
f 5775/4641/5 5776/4643/5 3438/4644/20 3435/4642/19
f 5776/4643/5 5777/4645/5 3441/4646/21 3438/4644/20
f 5777/4645/5 5778/4647/5 3444/4648/22 3441/4646/21
f 5778/4647/5 5779/4649/5 3447/4650/23 3444/4648/22
f 5779/4649/5 5780/4651/5 3450/4652/24 3447/4650/23
f 5780/4651/5 5781/4653/5 3453/4654/606 3450/4652/24
f 5781/4653/5 5782/4655/5 3456/4656/26 3453/4654/606
f 5782/4655/5 5783/4657/5 3459/4658/27 3456/4656/26
f 5783/4657/5 5784/4659/5 3462/4660/453 3459/4658/27
f 5784/4659/5 5785/4661/5 3465/4662/548 3462/4660/453
f 5785/4661/5 5786/4663/5 3468/4664/30 3465/4662/548
f 5786/4663/5 5787/4665/5 3471/4666/31 3468/4664/30
f 5787/4665/5 5788/4667/5 3474/4668/32 3471/4666/31
f 5788/4667/5 5789/4669/5 3477/4670/33 3474/4668/32
f 5789/4669/5 5790/4671/5 3480/4672/34 3477/4670/33
f 5790/4671/5 5791/4673/5 3483/4674/35 3480/4672/34
f 5791/4673/5 5792/4675/5 3486/4676/36 3483/4674/35
f 5792/4675/5 3201/4677/5 3397/4678/37 3486/4676/36
f 3583/4679/38 3295/4680/1 3296/4681/4 3490/4682/39
f 3234/4683/40 3394/4684/41 3400/4685/42 3235/4686/43
f 3233/4687/4 3396/4688/3 3394/4684/41 3234/4683/40
f 3235/4686/43 3400/4685/42 3403/4689/44 3236/4690/45
f 3236/4690/45 3403/4689/44 3406/4691/46 3237/4692/47
f 3237/4692/47 3406/4691/46 3409/4693/607 3238/4694/49
f 3238/4694/49 3409/4693/607 3412/4695/608 3239/4696/51
f 3239/4696/51 3412/4695/608 3415/4697/52 3240/4698/53
f 3240/4698/53 3415/4697/52 3418/4699/54 3241/4700/55
f 3241/4700/55 3418/4699/54 3421/4701/56 3242/4702/57
f 3242/4702/57 3421/4701/56 3424/4703/58 3243/4704/59
f 3243/4704/59 3424/4703/58 3427/4705/609 3244/4706/61
f 3244/4706/61 3427/4705/609 3430/4707/62 3245/4708/63
f 3245/4708/63 3430/4707/62 3433/4709/64 3246/4710/65
f 3246/4710/65 3433/4709/64 3436/4711/66 3247/4712/67
f 3247/4712/67 3436/4711/66 3439/4713/68 3248/4714/69
f 3248/4714/69 3439/4713/68 3442/4715/70 3249/4716/71
f 3249/4716/71 3442/4715/70 3445/4717/72 3250/4718/73
f 3250/4718/73 3445/4717/72 3448/4719/74 3251/4720/75
f 3251/4720/75 3448/4719/74 3451/4721/76 3252/4722/77
f 3252/4722/77 3451/4721/76 3454/4723/78 3253/4724/79
f 3253/4724/79 3454/4723/78 3457/4725/610 3254/4726/81
f 3254/4726/81 3457/4725/610 3460/4727/611 3255/4728/83
f 3255/4728/83 3460/4727/611 3463/4729/84 3256/4730/85
f 3256/4730/85 3463/4729/84 3466/4731/86 3257/4732/87
f 3257/4732/87 3466/4731/86 3469/4733/88 3258/4734/89
f 3258/4734/89 3469/4733/88 3472/4735/90 3259/4736/91
f 3259/4736/91 3472/4735/90 3475/4737/576 3260/4738/93
f 3260/4738/93 3475/4737/576 3478/4739/94 3261/4740/95
f 3261/4740/95 3478/4739/94 3481/4741/96 3262/4742/97
f 3262/4742/97 3481/4741/96 3484/4743/98 3263/4744/99
f 3263/4744/99 3484/4743/98 3487/4612/2 3264/4611/1
f 5763/4616/5 5764/4619/5 3402/4622/9 3399/4617/6
f 3203/4745/100 5761/4746/101 3298/4747/102 3304/4748/103
f 3220/4749/104 3219/4750/105 3352/4751/106 3355/4752/107
f 3207/4753/108 3206/4754/109 3313/4755/110 3316/4756/111
f 3204/4757/112 3203/4745/100 3304/4748/103 3307/4758/113
f 3221/4759/114 3220/4749/104 3355/4752/107 3358/4760/115
f 3208/4761/116 3207/4753/108 3316/4756/111 3319/4762/117
f 3222/4763/118 3221/4759/114 3358/4760/115 3361/4764/119
f 3209/4765/120 3208/4761/116 3319/4762/117 3322/4766/121
f 3223/4767/122 3222/4763/118 3361/4764/119 3364/4768/123
f 3210/4769/124 3209/4765/120 3322/4766/121 3325/4770/125
f 3224/4771/126 3223/4767/122 3364/4768/123 3367/4772/127
f 3211/4773/128 3210/4769/124 3325/4770/125 3328/4774/129
f 3225/4775/130 3224/4771/126 3367/4772/127 3370/4776/131
f 3212/4777/132 3211/4773/128 3328/4774/129 3331/4778/133
f 3226/4779/134 3225/4775/130 3370/4776/131 3373/4780/135
f 3213/4781/136 3212/4777/132 3331/4778/133 3334/4782/137
f 3227/4783/138 3226/4779/134 3373/4780/135 3376/4784/139
f 3214/4785/140 3213/4781/136 3334/4782/137 3337/4786/141
f 3228/4787/142 3227/4783/138 3376/4784/139 3379/4788/143
f 3215/4789/144 3214/4785/140 3337/4786/141 3340/4790/145
f 3229/4791/146 3228/4787/142 3379/4788/143 3382/4792/147
f 3216/4793/148 3215/4789/144 3340/4790/145 3343/4794/149
f 3297/4795/150 3301/4796/151 3390/4797/152 3387/4798/153 3384/4799/154 3381/4800/155 3378/4801/550 3375/4802/157 3372/4803/158 3369/4804/159 3366/4805/160 3363/4806/161 3360/4807/162 3357/4808/163 3354/4809/164 3351/4810/165 3348/4811/166 3345/4812/167 3342/4813/168 3339/4814/169 3336/4815/170 3333/4816/171 3330/4817/172 3327/4818/173 3324/4819/174 3321/4820/175 3318/4821/176 3315/4822/177 3312/4823/178 3309/4824/179 3306/4825/180 3303/4826/181
f 3230/4827/182 3229/4791/146 3382/4792/147 3385/4828/183
f 3217/4829/184 3216/4793/148 3343/4794/149 3346/4830/185
f 5762/4831/186 3232/4832/187 3391/4833/188 3300/4834/189
f 3231/4835/190 3230/4827/182 3385/4828/183 3388/4836/191
f 3218/4837/192 3217/4829/184 3346/4830/185 3349/4838/193
f 3205/4839/194 3204/4757/112 3307/4758/113 3310/4840/195
f 3232/4832/187 3231/4835/190 3388/4836/191 3391/4833/188
f 3219/4750/105 3218/4837/192 3349/4838/193 3352/4751/106
f 3206/4754/109 3205/4839/194 3310/4840/195 3313/4755/110
f 3489/4841/459 3492/4842/460 3495/4843/198 3498/4844/199 3501/4845/200 3504/4846/612 3507/4847/552 3510/4848/203 3513/4849/613 3516/4850/205 3519/4851/206 3522/4852/207 3525/4853/208 3528/4854/580 3531/4855/210 3534/4856/211 3537/4857/465 3540/4858/213 3543/4859/214 3546/4860/581 3549/4861/216 3552/4862/517 3555/4863/466 3558/4864/219 3561/4865/614 3564/4866/221 3567/4867/222 3570/4868/223 3573/4869/468 3576/4870/582 3579/4871/226 3582/4872/227
f 3496/4873/228 3266/4874/43 3267/4875/45 3499/4876/229
f 3499/4876/229 3267/4875/45 3268/4877/47 3502/4878/230
f 3502/4878/230 3268/4877/47 3269/4879/49 3505/4880/615
f 3505/4880/615 3269/4879/49 3270/4881/51 3508/4882/232
f 3508/4882/232 3270/4881/51 3271/4883/53 3511/4884/233
f 3511/4884/233 3271/4883/53 3272/4885/55 3514/4886/234
f 3514/4886/234 3272/4885/55 3273/4887/57 3517/4888/235
f 3517/4888/235 3273/4887/57 3274/4889/59 3520/4890/236
f 3520/4890/236 3274/4889/59 3275/4891/61 3523/4892/616
f 3523/4892/616 3275/4891/61 3276/4893/63 3526/4894/238
f 3526/4894/238 3276/4893/63 3277/4895/65 3529/4896/239
f 3529/4896/239 3277/4895/65 3278/4897/67 3532/4898/240
f 3532/4898/240 3278/4897/67 3279/4899/69 3535/4900/241
f 3535/4900/241 3279/4899/69 3280/4901/71 3538/4902/242
f 3538/4902/242 3280/4901/71 3281/4903/73 3541/4904/243
f 3541/4904/243 3281/4903/73 3282/4905/75 3544/4906/244
f 3544/4906/244 3282/4905/75 3283/4907/77 3547/4908/245
f 3547/4908/245 3283/4907/77 3284/4909/79 3550/4910/246
f 3550/4910/246 3284/4909/79 3285/4911/81 3553/4912/247
f 3553/4912/247 3285/4911/81 3286/4913/83 3556/4914/248
f 3556/4914/248 3286/4913/83 3287/4915/85 3559/4916/249
f 3559/4916/249 3287/4915/85 3288/4917/87 3562/4918/617
f 3562/4918/617 3288/4917/87 3289/4919/89 3565/4920/251
f 3565/4920/251 3289/4919/89 3290/4921/91 3568/4922/252
f 3568/4922/252 3290/4921/91 3291/4923/93 3571/4924/253
f 3571/4924/253 3291/4923/93 3292/4925/95 3574/4926/254
f 3574/4926/254 3292/4925/95 3293/4927/97 3577/4928/255
f 3577/4928/255 3293/4927/97 3294/4929/99 3580/4930/256
f 3580/4930/256 3294/4929/99 3295/4680/1 3583/4679/38
f 3493/4931/257 3265/4932/40 3266/4874/43 3496/4873/228
f 3780/4933/1 3264/4934/1 3233/4935/4 3777/4936/4
f 3782/4937/99 3263/4938/99 3264/4934/1 3780/4933/1
f 3784/4939/97 3262/4940/97 3263/4938/99 3782/4937/99
f 3786/4941/95 3261/4942/95 3262/4940/97 3784/4939/97
f 3788/4943/93 3260/4944/93 3261/4942/95 3786/4941/95
f 3790/4945/91 3259/4946/91 3260/4944/93 3788/4943/93
f 3792/4947/89 3258/4948/89 3259/4946/91 3790/4945/91
f 3794/4949/87 3257/4950/87 3258/4948/89 3792/4947/89
f 3796/4951/85 3256/4952/85 3257/4950/87 3794/4949/87
f 3798/4953/83 3255/4954/83 3256/4952/85 3796/4951/85
f 3800/4955/81 3254/4956/81 3255/4954/83 3798/4953/83
f 3802/4957/79 3253/4958/79 3254/4956/81 3800/4955/81
f 3804/4959/77 3252/4960/77 3253/4958/79 3802/4957/79
f 3806/4961/75 3251/4962/75 3252/4960/77 3804/4959/77
f 3808/4963/73 3250/4964/73 3251/4962/75 3806/4961/75
f 3810/4965/71 3249/4966/71 3250/4964/73 3808/4963/73
f 3812/4967/69 3248/4968/69 3249/4966/71 3810/4965/71
f 3814/4969/67 3247/4970/67 3248/4968/69 3812/4967/69
f 3816/4971/65 3246/4972/65 3247/4970/67 3814/4969/67
f 3818/4973/63 3245/4974/63 3246/4972/65 3816/4971/65
f 3820/4975/61 3244/4976/61 3245/4974/63 3818/4973/63
f 3822/4977/59 3243/4978/59 3244/4976/61 3820/4975/61
f 3824/4979/57 3242/4980/57 3243/4978/59 3822/4977/59
f 3826/4981/55 3241/4982/55 3242/4980/57 3824/4979/57
f 3828/4983/53 3240/4984/53 3241/4982/55 3826/4981/55
f 3830/4985/51 3239/4986/51 3240/4984/53 3828/4983/53
f 3832/4987/49 3238/4988/49 3239/4986/51 3830/4985/51
f 3834/4989/47 3237/4990/47 3238/4988/49 3832/4987/49
f 3836/4991/45 3236/4992/45 3237/4990/47 3834/4989/47
f 3838/4993/43 3235/4994/43 3236/4992/45 3836/4991/45
f 3840/4995/40 3234/4996/40 3235/4994/43 3838/4993/43
f 3777/4997/4 3233/4998/4 3234/4996/40 3840/4995/40
f 3298/4747/102 3300/4999/189 5793/5000/556 5794/5001/259
f 3299/5002/583 3302/5003/261 3301/5004/151 3297/5005/150
f 3304/4748/103 3298/4747/102 5794/5001/259 5795/5006/262
f 3305/5007/521 3299/5002/583 3297/5005/150 3303/5008/181
f 3307/4758/113 3304/4748/103 5795/5006/262 5796/5009/470
f 3308/5010/265 3305/5007/521 3303/5008/181 3306/5011/180
f 3310/4840/195 3307/4758/113 5796/5009/470 5797/5012/522
f 3311/5013/267 3308/5010/265 3306/5011/180 3309/5014/179
f 3313/4755/110 3310/4840/195 5797/5012/522 5798/5015/523
f 3314/5016/269 3311/5013/267 3309/5014/179 3312/5017/178
f 3316/4756/111 3313/4755/110 5798/5015/523 5799/5018/270
f 3317/5019/271 3314/5016/269 3312/5017/178 3315/5020/177
f 3319/4762/117 3316/4756/111 5799/5018/270 5800/5021/272
f 3320/5022/273 3317/5019/271 3315/5020/177 3318/5023/176
f 3322/4766/121 3319/4762/117 5800/5021/272 5801/5024/274
f 3323/5025/275 3320/5022/273 3318/5023/176 3321/5026/175
f 3325/4770/125 3322/4766/121 5801/5024/274 5802/5027/276
f 3326/5028/277 3323/5025/275 3321/5026/175 3324/5029/174
f 3328/4774/129 3325/4770/125 5802/5027/276 5803/5030/558
f 3329/5031/279 3326/5028/277 3324/5029/174 3327/5032/173
f 3331/4778/133 3328/4774/129 5803/5030/558 5804/5033/280
f 3332/5034/281 3329/5031/279 3327/5032/173 3330/5035/172
f 3334/4782/137 3331/4778/133 5804/5033/280 5805/5036/473
f 3335/5037/526 3332/5034/281 3330/5035/172 3333/5038/171
f 3337/4786/141 3334/4782/137 5805/5036/473 5806/5039/284
f 3338/5040/527 3335/5037/526 3333/5038/171 3336/5041/170
f 3340/4790/145 3337/4786/141 5806/5039/284 5807/5042/474
f 3341/5043/287 3338/5040/527 3336/5041/170 3339/5044/169
f 3343/4794/149 3340/4790/145 5807/5042/474 5808/5045/288
f 3344/5046/618 3341/5043/287 3339/5044/169 3342/5047/168
f 3346/4830/185 3343/4794/149 5808/5045/288 5809/5048/619
f 3347/5049/528 3344/5046/618 3342/5047/168 3345/5050/167
f 3349/4838/193 3346/4830/185 5809/5048/619 5810/5051/292
f 3350/5052/293 3347/5049/528 3345/5050/167 3348/5053/166
f 3352/4751/106 3349/4838/193 5810/5051/292 5811/5054/294
f 3353/5055/295 3350/5052/293 3348/5053/166 3351/5056/165
f 3355/4752/107 3352/4751/106 5811/5054/294 5812/5057/296
f 3356/5058/297 3353/5055/295 3351/5056/165 3354/5059/164
f 3358/4760/115 3355/4752/107 5812/5057/296 5813/5060/298
f 3359/5061/299 3356/5058/297 3354/5059/164 3357/5062/163
f 3361/4764/119 3358/4760/115 5813/5060/298 5814/5063/560
f 3362/5064/590 3359/5061/299 3357/5062/163 3360/5065/162
f 3364/4768/123 3361/4764/119 5814/5063/560 5815/5066/302
f 3365/5067/620 3362/5064/590 3360/5065/162 3363/5068/161
f 3367/4772/127 3364/4768/123 5815/5066/302 5816/5069/304
f 3368/5070/305 3365/5067/620 3363/5068/161 3366/5071/160
f 3370/4776/131 3367/4772/127 5816/5069/304 5817/5072/621
f 3371/5073/307 3368/5070/305 3366/5071/160 3369/5074/159
f 3373/4780/135 3370/4776/131 5817/5072/621 5818/5075/308
f 3374/5076/309 3371/5073/307 3369/5074/159 3372/5077/158
f 3376/4784/139 3373/4780/135 5818/5075/308 5819/5078/310
f 3377/5079/622 3374/5076/309 3372/5077/158 3375/5080/157
f 3379/4788/143 3376/4784/139 5819/5078/310 5820/5081/479
f 3380/5082/595 3377/5079/622 3375/5080/157 3378/5083/550
f 3382/4792/147 3379/4788/143 5820/5081/479 5821/5084/480
f 3383/5085/315 3380/5082/595 3378/5083/550 3381/5086/155
f 3385/4828/183 3382/4792/147 5821/5084/480 5822/5087/316
f 3386/5088/317 3383/5085/315 3381/5086/155 3384/5089/154
f 3388/4836/191 3385/4828/183 5822/5087/316 5823/5090/623
f 3389/5091/319 3386/5088/317 3384/5089/154 3387/5092/153
f 3391/4833/188 3388/4836/191 5823/5090/623 5824/5093/320
f 3392/5094/321 3389/5091/319 3387/5092/153 3390/5095/152
f 3300/4834/189 3391/4833/188 5824/5093/320 5793/5096/556
f 3302/5097/261 3392/5094/321 3390/5095/152 3301/5098/151
f 5761/4746/101 5762/5099/186 3300/4999/189 3298/4747/102
f 3394/4684/41 3396/4688/3 5825/5100/322 5826/5101/323
f 3395/5102/324 3398/5103/325 3397/5104/37 3393/4618/7
f 3400/4685/42 3394/4684/41 5826/5101/323 5827/5105/326
f 3401/5106/327 3395/5102/324 3393/4618/7 3399/4617/6
f 3403/4689/44 3400/4685/42 5827/5105/326 5828/5107/328
f 3404/5108/329 3401/5106/327 3399/4617/6 3402/4622/9
f 3406/4691/46 3403/4689/44 5828/5107/328 5829/5109/330
f 3407/5110/331 3404/5108/329 3402/4622/9 3405/4621/573
f 3409/4693/607 3406/4691/46 5829/5109/330 5830/5111/332
f 3410/5112/333 3407/5110/331 3405/4621/573 3408/4624/10
f 3412/4695/608 3409/4693/607 5830/5111/332 5831/5113/624
f 3413/5114/625 3410/5112/333 3408/4624/10 3411/4626/11
f 3415/4697/52 3412/4695/608 5831/5113/624 5832/5115/596
f 3416/5116/337 3413/5114/625 3411/4626/11 3414/4628/506
f 3418/4699/54 3415/4697/52 5832/5115/596 5833/5117/626
f 3419/5118/339 3416/5116/337 3414/4628/506 3417/4630/604
f 3421/4701/56 3418/4699/54 5833/5117/626 5834/5119/488
f 3422/5120/341 3419/5118/339 3417/4630/604 3420/4632/605
f 3424/4703/58 3421/4701/56 5834/5119/488 5835/5121/627
f 3425/5122/628 3422/5120/341 3420/4632/605 3423/4634/15
f 3427/4705/609 3424/4703/58 5835/5121/627 5836/5123/344
f 3428/5124/345 3425/5122/628 3423/4634/15 3426/4636/16
f 3430/4707/62 3427/4705/609 5836/5123/344 5837/5125/346
f 3431/5126/347 3428/5124/345 3426/4636/16 3429/4638/574
f 3433/4709/64 3430/4707/62 5837/5125/346 5838/5127/629
f 3434/5128/349 3431/5126/347 3429/4638/574 3432/4640/18
f 3436/4711/66 3433/4709/64 5838/5127/629 5839/5129/630
f 3437/5130/351 3434/5128/349 3432/4640/18 3435/4642/19
f 3439/4713/68 3436/4711/66 5839/5129/630 5840/5131/352
f 3440/5132/353 3437/5130/351 3435/4642/19 3438/4644/20
f 3442/4715/70 3439/4713/68 5840/5131/352 5841/5133/354
f 3443/5134/355 3440/5132/353 3438/4644/20 3441/4646/21
f 3445/4717/72 3442/4715/70 5841/5133/354 5842/5135/631
f 3446/5136/357 3443/5134/355 3441/4646/21 3444/4648/22
f 3448/4719/74 3445/4717/72 5842/5135/631 5843/5137/597
f 3449/5138/359 3446/5136/357 3444/4648/22 3447/4650/23
f 3451/4721/76 3448/4719/74 5843/5137/597 5844/5139/538
f 3452/5140/361 3449/5138/359 3447/4650/23 3450/4652/24
f 3454/4723/78 3451/4721/76 5844/5139/538 5845/5141/362
f 3455/5142/363 3452/5140/361 3450/4652/24 3453/4654/606
f 3457/4725/610 3454/4723/78 5845/5141/362 5846/5143/364
f 3458/5144/365 3455/5142/363 3453/4654/606 3456/4656/26
f 3460/4727/611 3457/4725/610 5846/5143/364 5847/5145/632
f 3461/5146/633 3458/5144/365 3456/4656/26 3459/4658/27
f 3463/4729/84 3460/4727/611 5847/5145/632 5848/5147/368
f 3464/5148/369 3461/5146/633 3459/4658/27 3462/4660/453
f 3466/4731/86 3463/4729/84 5848/5147/368 5849/5149/493
f 3467/5150/371 3464/5148/369 3462/4660/453 3465/4662/548
f 3469/4733/88 3466/4731/86 5849/5149/493 5850/5151/372
f 3470/5152/373 3467/5150/371 3465/4662/548 3468/4664/30
f 3472/4735/90 3469/4733/88 5850/5151/372 5851/5153/634
f 3473/5154/635 3470/5152/373 3468/4664/30 3471/4666/31
f 3475/4737/576 3472/4735/90 5851/5153/634 5852/5155/376
f 3476/5156/377 3473/5154/635 3471/4666/31 3474/4668/32
f 3478/4739/94 3475/4737/576 5852/5155/376 5853/5157/378
f 3479/5158/379 3476/5156/377 3474/4668/32 3477/4670/33
f 3481/4741/96 3478/4739/94 5853/5157/378 5854/5159/380
f 3482/5160/381 3479/5158/379 3477/4670/33 3480/4672/34
f 3484/4743/98 3481/4741/96 5854/5159/380 5855/5161/636
f 3485/5162/383 3482/5160/381 3480/4672/34 3483/4674/35
f 3487/4612/2 3484/4743/98 5855/5161/636 5856/5163/637
f 3488/5164/385 3485/5162/383 3483/4674/35 3486/4676/36
f 3396/4613/3 3487/4612/2 5856/5163/637 5825/5165/322
f 3398/5166/325 3488/5164/385 3486/4676/36 3397/4678/37
f 3201/5167/5 3202/4615/5 3393/4618/7 3397/5104/37
f 3490/5168/39 3493/4931/257 5857/5169/495 5858/5170/387
f 3491/5171/388 3494/5172/389 3492/5173/460 3489/5174/459
f 3493/4931/257 3496/4873/228 5859/5175/390 5857/5169/495
f 3494/5172/389 3497/5176/391 3495/5177/198 3492/5173/460
f 3496/4873/228 3499/4876/229 5860/5178/392 5859/5175/390
f 3497/5176/391 3500/5179/393 3498/5180/199 3495/5177/198
f 3499/4876/229 3502/4878/230 5861/5181/566 5860/5178/392
f 3500/5179/393 3503/5182/395 3501/5183/200 3498/5180/199
f 3502/4878/230 3505/4880/615 5862/5184/638 5861/5181/566
f 3503/5182/395 3506/5185/600 3504/5186/612 3501/5183/200
f 3505/4880/615 3508/4882/232 5863/5187/601 5862/5184/638
f 3506/5185/600 3509/5188/399 3507/5189/552 3504/5186/612
f 3508/4882/232 3511/4884/233 5864/5190/639 5863/5187/601
f 3509/5188/399 3512/5191/401 3510/5192/203 3507/5189/552
f 3511/4884/233 3514/4886/234 5865/5193/543 5864/5190/639
f 3512/5191/401 3515/5194/403 3513/5195/613 3510/5192/203
f 3514/4886/234 3517/4888/235 5866/5196/602 5865/5193/543
f 3515/5194/403 3518/5197/405 3516/5198/205 3513/5195/613
f 3517/4888/235 3520/4890/236 5867/5199/640 5866/5196/602
f 3518/5197/405 3521/5200/407 3519/5201/206 3516/5198/205
f 3520/4890/236 3523/4892/616 5868/5202/568 5867/5199/640
f 3521/5200/407 3524/5203/409 3522/5204/207 3519/5201/206
f 3523/4892/616 3526/4894/238 5869/5205/496 5868/5202/568
f 3524/5203/409 3527/5206/411 3525/5207/208 3522/5204/207
f 3526/4894/238 3529/4896/239 5870/5208/641 5869/5205/496
f 3527/5206/411 3530/5209/413 3528/5210/580 3525/5207/208
f 3529/4896/239 3532/4898/240 5871/5211/569 5870/5208/641
f 3530/5209/413 3533/5212/415 3531/5213/210 3528/5210/580
f 3532/4898/240 3535/4900/241 5872/5214/497 5871/5211/569
f 3533/5212/415 3536/5215/417 3534/5216/211 3531/5213/210
f 3535/4900/241 3538/4902/242 5873/5217/418 5872/5214/497
f 3536/5215/417 3539/5218/419 3537/5219/465 3534/5216/211
f 3538/4902/242 3541/4904/243 5874/5220/544 5873/5217/418
f 3539/5218/419 3542/5221/421 3540/5222/213 3537/5219/465
f 3541/4904/243 3544/4906/244 5875/5223/422 5874/5220/544
f 3542/5221/421 3545/5224/423 3543/5225/214 3540/5222/213
f 3544/4906/244 3547/4908/245 5876/5226/545 5875/5223/422
f 3545/5224/423 3548/5227/425 3546/5228/581 3543/5225/214
f 3547/4908/245 3550/4910/246 5877/5229/500 5876/5226/545
f 3548/5227/425 3551/5230/427 3549/5231/216 3546/5228/581
f 3550/4910/246 3553/4912/247 5878/5232/501 5877/5229/500
f 3551/5230/427 3554/5233/429 3552/5234/517 3549/5231/216
f 3553/4912/247 3556/4914/248 5879/5235/642 5878/5232/501
f 3554/5233/429 3557/5236/431 3555/5237/466 3552/5234/517
f 3556/4914/248 3559/4916/249 5880/5238/643 5879/5235/642
f 3557/5236/431 3560/5239/433 3558/5240/219 3555/5237/466
f 3559/4916/249 3562/4918/617 5881/5241/570 5880/5238/643
f 3560/5239/433 3563/5242/435 3561/5243/614 3558/5240/219
f 3562/4918/617 3565/4920/251 5882/5244/644 5881/5241/570
f 3563/5242/435 3566/5245/437 3564/5246/221 3561/5243/614
f 3565/4920/251 3568/4922/252 5883/5247/645 5882/5244/644
f 3566/5245/437 3569/5248/439 3567/5249/222 3564/5246/221
f 3568/4922/252 3571/4924/253 5884/5250/571 5883/5247/645
f 3569/5248/439 3572/5251/441 3570/5252/223 3567/5249/222
f 3571/4924/253 3574/4926/254 5885/5253/572 5884/5250/571
f 3572/5251/441 3575/5254/646 3573/5255/468 3570/5252/223
f 3574/4926/254 3577/4928/255 5886/5256/444 5885/5253/572
f 3575/5254/646 3578/5257/445 3576/5258/582 3573/5255/468
f 3577/4928/255 3580/4930/256 5887/5259/446 5886/5256/444
f 3578/5257/445 3581/5260/447 3579/5261/226 3576/5258/582
f 3580/4930/256 3583/4679/38 5888/5262/448 5887/5259/446
f 3581/5260/447 3584/5263/449 3582/5264/227 3579/5261/226
f 3583/4679/38 3490/4682/39 5858/5265/387 5888/5262/448
f 3584/5263/449 3491/5266/388 3489/5267/459 3582/5264/227
f 3490/5168/39 3296/5268/4 3265/4932/40 3493/4931/257
f 3667/5269/95 3631/5270/95 3637/5271/97 3651/5272/97
f 3651/5272/97 3637/5271/97 3647/5273/99 3653/5274/99
f 3657/5275/1 3645/5276/1 3644/5277/4 3656/5278/4
f 3663/5279/91 3629/5280/91 3639/5281/93 3659/5282/93
f 3665/5283/89 3633/5284/89 3629/5280/91 3663/5279/91
f 3661/5285/87 3585/5286/87 3633/5284/89 3665/5283/89
f 3675/5287/85 3623/5288/85 3585/5286/87 3661/5285/87
f 3669/5289/83 3635/5290/83 3623/5288/85 3675/5287/85
f 3671/5291/81 3627/5292/81 3635/5290/83 3669/5289/83
f 3677/5293/79 3621/5294/79 3627/5292/81 3671/5291/81
f 3679/5295/77 3625/5296/77 3621/5294/79 3677/5293/79
f 3685/5297/75 3613/5298/75 3625/5296/77 3679/5295/77
f 3649/5299/73 3641/5300/73 3613/5298/75 3685/5297/75
f 3683/5301/71 3609/5302/71 3641/5300/73 3649/5299/73
f 3673/5303/69 3619/5304/69 3609/5302/71 3683/5301/71
f 3681/5305/67 3617/5306/67 3619/5304/69 3673/5303/69
f 3638/5307/97 3652/5308/97 3654/5309/99 3648/5310/99
f 3295/5311/1 3779/5312/1 3778/5313/4 3296/5314/4
f 3611/5315/63 3612/5316/63 3600/5317/65 3599/5318/65
f 3687/5319/63 3611/5315/63 3599/5318/65 3693/5320/65
f 3607/5321/61 3608/5322/61 3612/5316/63 3611/5315/63
f 3691/5323/61 3607/5321/61 3611/5315/63 3687/5319/63
f 3603/5324/59 3604/5325/59 3608/5322/61 3607/5321/61
f 3695/5326/59 3603/5324/59 3607/5321/61 3691/5323/61
f 3615/5327/57 3616/5328/57 3604/5325/59 3603/5324/59
f 3689/5329/57 3615/5327/57 3603/5324/59 3695/5326/59
f 3589/5330/55 3590/5331/55 3616/5328/57 3615/5327/57
f 3703/5332/55 3589/5330/55 3615/5327/57 3689/5329/57
f 3601/5333/53 3602/5334/53 3590/5331/55 3589/5330/55
f 3697/5335/53 3601/5333/53 3589/5330/55 3703/5332/55
f 3597/5336/51 3598/5337/51 3602/5334/53 3601/5333/53
f 3701/5338/51 3597/5336/51 3601/5333/53 3697/5335/53
f 3593/5339/49 3594/5340/49 3598/5337/51 3597/5336/51
f 3705/5341/49 3593/5339/49 3597/5336/51 3701/5338/51
f 3605/5342/47 3606/5343/47 3594/5340/49 3593/5339/49
f 3699/5344/47 3605/5342/47 3593/5339/49 3705/5341/49
f 3595/5345/45 3596/5346/45 3606/5343/47 3605/5342/47
f 3709/5347/45 3595/5345/45 3605/5342/47 3699/5344/47
f 3591/5348/43 3592/5349/43 3596/5346/45 3595/5345/45
f 3707/5350/43 3591/5348/43 3595/5345/45 3709/5347/45
f 3587/5351/40 3588/5352/40 3592/5349/43 3591/5348/43
f 3711/5353/40 3587/5351/40 3591/5348/43 3707/5350/43
f 3644/5354/4 3643/5355/4 3588/5352/40 3587/5351/40
f 3656/5356/4 3644/5354/4 3587/5351/40 3711/5353/40
f 3647/5273/99 3648/5310/99 3646/5357/1 3645/5276/1
f 3653/5274/99 3647/5273/99 3645/5276/1 3657/5275/1
f 3631/5270/95 3632/5358/95 3638/5307/97 3637/5271/97
f 3693/5320/65 3599/5318/65 3617/5306/67 3681/5305/67
f 3617/5306/67 3618/5359/67 3620/5360/69 3619/5304/69
f 3619/5304/69 3620/5360/69 3610/5361/71 3609/5302/71
f 3609/5302/71 3610/5361/71 3642/5362/73 3641/5300/73
f 3641/5300/73 3642/5362/73 3614/5363/75 3613/5298/75
f 3613/5298/75 3614/5363/75 3626/5364/77 3625/5296/77
f 3625/5296/77 3626/5364/77 3622/5365/79 3621/5294/79
f 3621/5294/79 3622/5365/79 3628/5366/81 3627/5292/81
f 3627/5292/81 3628/5366/81 3636/5367/83 3635/5290/83
f 3635/5290/83 3636/5367/83 3624/5368/85 3623/5288/85
f 3623/5288/85 3624/5368/85 3586/5369/87 3585/5286/87
f 3585/5286/87 3586/5369/87 3634/5370/89 3633/5284/89
f 3633/5284/89 3634/5370/89 3630/5371/91 3629/5280/91
f 3629/5280/91 3630/5371/91 3640/5372/93 3639/5281/93
f 3645/5276/1 3646/5357/1 3643/5373/4 3644/5277/4
f 3637/5271/97 3638/5307/97 3648/5310/99 3647/5273/99
f 3646/5357/1 3658/5374/1 3655/5375/4 3643/5373/4
f 3659/5282/93 3639/5281/93 3631/5270/95 3667/5269/95
f 3769/5376/97 3651/5272/97 3653/5274/99 3773/5377/99
f 3639/5281/93 3640/5372/93 3632/5358/95 3631/5270/95
f 3630/5371/91 3664/5378/91 3660/5379/93 3640/5372/93
f 3767/5380/93 3659/5282/93 3667/5269/95 3761/5381/95
f 3634/5370/89 3666/5382/89 3664/5378/91 3630/5371/91
f 3763/5383/91 3663/5279/91 3659/5282/93 3767/5380/93
f 3586/5369/87 3662/5384/87 3666/5382/89 3634/5370/89
f 3765/5385/89 3665/5283/89 3663/5279/91 3763/5383/91
f 3624/5368/85 3676/5386/85 3662/5384/87 3586/5369/87
f 3759/5387/87 3661/5285/87 3665/5283/89 3765/5385/89
f 3636/5367/83 3670/5388/83 3676/5386/85 3624/5368/85
f 3751/5389/85 3675/5287/85 3661/5285/87 3759/5387/87
f 3628/5366/81 3672/5390/81 3670/5388/83 3636/5367/83
f 3757/5391/83 3669/5289/83 3675/5287/85 3751/5389/85
f 3622/5365/79 3678/5392/79 3672/5390/81 3628/5366/81
f 3753/5393/81 3671/5291/81 3669/5289/83 3757/5391/83
f 3626/5364/77 3680/5394/77 3678/5392/79 3622/5365/79
f 3755/5395/79 3677/5293/79 3671/5291/81 3753/5393/81
f 3614/5363/75 3686/5396/75 3680/5394/77 3626/5364/77
f 3749/5397/77 3679/5295/77 3677/5293/79 3755/5395/79
f 3642/5362/73 3650/5398/73 3686/5396/75 3614/5363/75
f 3741/5399/75 3685/5297/75 3679/5295/77 3749/5397/77
f 3610/5361/71 3684/5400/71 3650/5398/73 3642/5362/73
f 3747/5401/73 3649/5299/73 3685/5297/75 3741/5399/75
f 3620/5360/69 3674/5402/69 3684/5400/71 3610/5361/71
f 3743/5403/71 3683/5301/71 3649/5299/73 3747/5401/73
f 3618/5359/67 3682/5404/67 3674/5402/69 3620/5360/69
f 3745/5405/69 3673/5303/69 3683/5301/71 3743/5403/71
f 3600/5317/65 3694/5406/65 3682/5404/67 3618/5359/67
f 3739/5407/67 3681/5305/67 3673/5303/69 3745/5405/69
f 3612/5316/63 3688/5408/63 3694/5406/65 3600/5317/65
f 3731/5409/65 3693/5320/65 3681/5305/67 3739/5407/67
f 3608/5322/61 3692/5410/61 3688/5408/63 3612/5316/63
f 3737/5411/63 3687/5319/63 3693/5320/65 3731/5409/65
f 3604/5325/59 3696/5412/59 3692/5410/61 3608/5322/61
f 3733/5413/61 3691/5323/61 3687/5319/63 3737/5411/63
f 3616/5328/57 3690/5414/57 3696/5412/59 3604/5325/59
f 3735/5415/59 3695/5326/59 3691/5323/61 3733/5413/61
f 3590/5331/55 3704/5416/55 3690/5414/57 3616/5328/57
f 3729/5417/57 3689/5329/57 3695/5326/59 3735/5415/59
f 3602/5334/53 3698/5418/53 3704/5416/55 3590/5331/55
f 3721/5419/55 3703/5332/55 3689/5329/57 3729/5417/57
f 3598/5337/51 3702/5420/51 3698/5418/53 3602/5334/53
f 3727/5421/53 3697/5335/53 3703/5332/55 3721/5419/55
f 3594/5340/49 3706/5422/49 3702/5420/51 3598/5337/51
f 3723/5423/51 3701/5338/51 3697/5335/53 3727/5421/53
f 3606/5343/47 3700/5424/47 3706/5422/49 3594/5340/49
f 3725/5425/49 3705/5341/49 3701/5338/51 3723/5423/51
f 3596/5346/45 3710/5426/45 3700/5424/47 3606/5343/47
f 3719/5427/47 3699/5344/47 3705/5341/49 3725/5425/49
f 3592/5349/43 3708/5428/43 3710/5426/45 3596/5346/45
f 3713/5429/45 3709/5347/45 3699/5344/47 3719/5427/47
f 3588/5352/40 3712/5430/40 3708/5428/43 3592/5349/43
f 3717/5431/43 3707/5350/43 3709/5347/45 3713/5429/45
f 3643/5355/4 3655/5432/4 3712/5430/40 3588/5352/40
f 3715/5433/40 3711/5353/40 3707/5350/43 3717/5431/43
f 3648/5310/99 3654/5309/99 3658/5374/1 3646/5357/1
f 3776/5434/4 3656/5356/4 3711/5353/40 3715/5433/40
f 3632/5358/95 3668/5435/95 3652/5308/97 3638/5307/97
f 3773/5377/99 3653/5274/99 3657/5275/1 3771/5436/1
f 3771/5436/1 3657/5275/1 3656/5278/4 3776/5437/4
f 3640/5372/93 3660/5379/93 3668/5435/95 3632/5358/95
f 3652/5308/97 3770/5438/97 3774/5439/99 3654/5309/99
f 3658/5374/1 3772/5440/1 3775/5441/4 3655/5375/4
f 3779/5312/1 3771/5436/1 3776/5437/4 3778/5313/4
f 3761/5381/95 3667/5269/95 3651/5272/97 3769/5376/97
f 3660/5379/93 3768/5442/93 3762/5443/95 3668/5435/95
f 3785/5444/95 3761/5381/95 3769/5376/97 3783/5445/97
f 3664/5378/91 3764/5446/91 3768/5442/93 3660/5379/93
f 3787/5447/93 3767/5380/93 3761/5381/95 3785/5444/95
f 3666/5382/89 3766/5448/89 3764/5446/91 3664/5378/91
f 3789/5449/91 3763/5383/91 3767/5380/93 3787/5447/93
f 3662/5384/87 3760/5450/87 3766/5448/89 3666/5382/89
f 3791/5451/89 3765/5385/89 3763/5383/91 3789/5449/91
f 3676/5386/85 3752/5452/85 3760/5450/87 3662/5384/87
f 3793/5453/87 3759/5387/87 3765/5385/89 3791/5451/89
f 3670/5388/83 3758/5454/83 3752/5452/85 3676/5386/85
f 3795/5455/85 3751/5389/85 3759/5387/87 3793/5453/87
f 3672/5390/81 3754/5456/81 3758/5454/83 3670/5388/83
f 3797/5457/83 3757/5391/83 3751/5389/85 3795/5455/85
f 3678/5392/79 3756/5458/79 3754/5456/81 3672/5390/81
f 3799/5459/81 3753/5393/81 3757/5391/83 3797/5457/83
f 3680/5394/77 3750/5460/77 3756/5458/79 3678/5392/79
f 3801/5461/79 3755/5395/79 3753/5393/81 3799/5459/81
f 3686/5396/75 3742/5462/75 3750/5460/77 3680/5394/77
f 3803/5463/77 3749/5397/77 3755/5395/79 3801/5461/79
f 3650/5398/73 3748/5464/73 3742/5462/75 3686/5396/75
f 3805/5465/75 3741/5399/75 3749/5397/77 3803/5463/77
f 3684/5400/71 3744/5466/71 3748/5464/73 3650/5398/73
f 3807/5467/73 3747/5401/73 3741/5399/75 3805/5465/75
f 3674/5402/69 3746/5468/69 3744/5466/71 3684/5400/71
f 3809/5469/71 3743/5403/71 3747/5401/73 3807/5467/73
f 3682/5404/67 3740/5470/67 3746/5468/69 3674/5402/69
f 3811/5471/69 3745/5405/69 3743/5403/71 3809/5469/71
f 3694/5406/65 3732/5472/65 3740/5470/67 3682/5404/67
f 3813/5473/67 3739/5407/67 3745/5405/69 3811/5471/69
f 3688/5408/63 3738/5474/63 3732/5472/65 3694/5406/65
f 3815/5475/65 3731/5409/65 3739/5407/67 3813/5473/67
f 3692/5410/61 3734/5476/61 3738/5474/63 3688/5408/63
f 3817/5477/63 3737/5411/63 3731/5409/65 3815/5475/65
f 3696/5412/59 3736/5478/59 3734/5476/61 3692/5410/61
f 3819/5479/61 3733/5413/61 3737/5411/63 3817/5477/63
f 3690/5414/57 3730/5480/57 3736/5478/59 3696/5412/59
f 3821/5481/59 3735/5415/59 3733/5413/61 3819/5479/61
f 3704/5416/55 3722/5482/55 3730/5480/57 3690/5414/57
f 3823/5483/57 3729/5417/57 3735/5415/59 3821/5481/59
f 3698/5418/53 3728/5484/53 3722/5482/55 3704/5416/55
f 3825/5485/55 3721/5419/55 3729/5417/57 3823/5483/57
f 3702/5420/51 3724/5486/51 3728/5484/53 3698/5418/53
f 3827/5487/53 3727/5421/53 3721/5419/55 3825/5485/55
f 3706/5422/49 3726/5488/49 3724/5486/51 3702/5420/51
f 3829/5489/51 3723/5423/51 3727/5421/53 3827/5487/53
f 3700/5424/47 3720/5490/47 3726/5488/49 3706/5422/49
f 3831/5491/49 3725/5425/49 3723/5423/51 3829/5489/51
f 3710/5426/45 3714/5492/45 3720/5490/47 3700/5424/47
f 3833/5493/47 3719/5427/47 3725/5425/49 3831/5491/49
f 3708/5428/43 3718/5494/43 3714/5492/45 3710/5426/45
f 3835/5495/45 3713/5429/45 3719/5427/47 3833/5493/47
f 3712/5430/40 3716/5496/40 3718/5494/43 3708/5428/43
f 3837/5497/43 3717/5431/43 3713/5429/45 3835/5495/45
f 3655/5432/4 3775/5498/4 3716/5496/40 3712/5430/40
f 3839/5499/40 3715/5433/40 3717/5431/43 3837/5497/43
f 3654/5309/99 3774/5439/99 3772/5440/1 3658/5374/1
f 3778/5500/4 3776/5434/4 3715/5433/40 3839/5499/40
f 3783/5445/97 3769/5376/97 3773/5377/99 3781/5501/99
f 3668/5435/95 3762/5443/95 3770/5438/97 3652/5308/97
f 3294/5502/99 3781/5501/99 3779/5312/1 3295/5311/1
f 3772/5440/1 3780/4933/1 3777/4936/4 3775/5441/4
f 3293/5503/97 3783/5445/97 3781/5501/99 3294/5502/99
f 3770/5438/97 3784/4939/97 3782/4937/99 3774/5439/99
f 3292/5504/95 3785/5444/95 3783/5445/97 3293/5503/97
f 3762/5443/95 3786/4941/95 3784/4939/97 3770/5438/97
f 3291/5505/93 3787/5447/93 3785/5444/95 3292/5504/95
f 3768/5442/93 3788/4943/93 3786/4941/95 3762/5443/95
f 3290/5506/91 3789/5449/91 3787/5447/93 3291/5505/93
f 3764/5446/91 3790/4945/91 3788/4943/93 3768/5442/93
f 3289/5507/89 3791/5451/89 3789/5449/91 3290/5506/91
f 3766/5448/89 3792/4947/89 3790/4945/91 3764/5446/91
f 3288/5508/87 3793/5453/87 3791/5451/89 3289/5507/89
f 3760/5450/87 3794/4949/87 3792/4947/89 3766/5448/89
f 3287/5509/85 3795/5455/85 3793/5453/87 3288/5508/87
f 3752/5452/85 3796/4951/85 3794/4949/87 3760/5450/87
f 3286/5510/83 3797/5457/83 3795/5455/85 3287/5509/85
f 3758/5454/83 3798/4953/83 3796/4951/85 3752/5452/85
f 3285/5511/81 3799/5459/81 3797/5457/83 3286/5510/83
f 3754/5456/81 3800/4955/81 3798/4953/83 3758/5454/83
f 3284/5512/79 3801/5461/79 3799/5459/81 3285/5511/81
f 3756/5458/79 3802/4957/79 3800/4955/81 3754/5456/81
f 3283/5513/77 3803/5463/77 3801/5461/79 3284/5512/79
f 3750/5460/77 3804/4959/77 3802/4957/79 3756/5458/79
f 3282/5514/75 3805/5465/75 3803/5463/77 3283/5513/77
f 3742/5462/75 3806/4961/75 3804/4959/77 3750/5460/77
f 3281/5515/73 3807/5467/73 3805/5465/75 3282/5514/75
f 3748/5464/73 3808/4963/73 3806/4961/75 3742/5462/75
f 3280/5516/71 3809/5469/71 3807/5467/73 3281/5515/73
f 3744/5466/71 3810/4965/71 3808/4963/73 3748/5464/73
f 3279/5517/69 3811/5471/69 3809/5469/71 3280/5516/71
f 3746/5468/69 3812/4967/69 3810/4965/71 3744/5466/71
f 3278/5518/67 3813/5473/67 3811/5471/69 3279/5517/69
f 3740/5470/67 3814/4969/67 3812/4967/69 3746/5468/69
f 3277/5519/65 3815/5475/65 3813/5473/67 3278/5518/67
f 3732/5472/65 3816/4971/65 3814/4969/67 3740/5470/67
f 3276/5520/63 3817/5477/63 3815/5475/65 3277/5519/65
f 3738/5474/63 3818/4973/63 3816/4971/65 3732/5472/65
f 3275/5521/61 3819/5479/61 3817/5477/63 3276/5520/63
f 3734/5476/61 3820/4975/61 3818/4973/63 3738/5474/63
f 3274/5522/59 3821/5481/59 3819/5479/61 3275/5521/61
f 3736/5478/59 3822/4977/59 3820/4975/61 3734/5476/61
f 3273/5523/57 3823/5483/57 3821/5481/59 3274/5522/59
f 3730/5480/57 3824/4979/57 3822/4977/59 3736/5478/59
f 3272/5524/55 3825/5485/55 3823/5483/57 3273/5523/57
f 3722/5482/55 3826/4981/55 3824/4979/57 3730/5480/57
f 3271/5525/53 3827/5487/53 3825/5485/55 3272/5524/55
f 3728/5484/53 3828/4983/53 3826/4981/55 3722/5482/55
f 3270/5526/51 3829/5489/51 3827/5487/53 3271/5525/53
f 3724/5486/51 3830/4985/51 3828/4983/53 3728/5484/53
f 3269/5527/49 3831/5491/49 3829/5489/51 3270/5526/51
f 3726/5488/49 3832/4987/49 3830/4985/51 3724/5486/51
f 3268/5528/47 3833/5493/47 3831/5491/49 3269/5527/49
f 3720/5490/47 3834/4989/47 3832/4987/49 3726/5488/49
f 3267/5529/45 3835/5495/45 3833/5493/47 3268/5528/47
f 3714/5492/45 3836/4991/45 3834/4989/47 3720/5490/47
f 3266/5530/43 3837/5497/43 3835/5495/45 3267/5529/45
f 3718/5494/43 3838/4993/43 3836/4991/45 3714/5492/45
f 3265/5531/40 3839/5499/40 3837/5497/43 3266/5530/43
f 3716/5496/40 3840/4995/40 3838/4993/43 3718/5494/43
f 3296/5532/4 3778/5500/4 3839/5499/40 3265/5531/40
f 3775/5498/4 3777/4997/4 3840/4995/40 3716/5496/40
f 3774/5439/99 3782/4937/99 3780/4933/1 3772/5440/1
f 3781/5501/99 3773/5377/99 3771/5436/1 3779/5312/1
f 3599/5318/65 3600/5317/65 3618/5359/67 3617/5306/67
f 3904/5533/1 4127/5534/2 4036/5535/547 3873/5536/4
f 3842/5537/5 5891/5538/5 4039/5539/6 4033/5540/647
f 5892/5541/5 5893/5542/5 4045/5543/573 4042/5544/9
f 5893/5542/5 5894/5545/5 4048/5546/10 4045/5543/573
f 5894/5545/5 5895/5547/5 4051/5548/11 4048/5546/10
f 5895/5547/5 5896/5549/5 4054/5550/506 4051/5548/11
f 5896/5549/5 5897/5551/5 4057/5552/648 4054/5550/506
f 5897/5551/5 5898/5553/5 4060/5554/14 4057/5552/648
f 5898/5553/5 5899/5555/5 4063/5556/15 4060/5554/14
f 5899/5555/5 5900/5557/5 4066/5558/16 4063/5556/15
f 5900/5557/5 5901/5559/5 4069/5560/574 4066/5558/16
f 5901/5559/5 5902/5561/5 4072/5562/18 4069/5560/574
f 5902/5561/5 5903/5563/5 4075/5564/19 4072/5562/18
f 5903/5563/5 5904/5565/5 4078/5566/20 4075/5564/19
f 5904/5565/5 5905/5567/5 4081/5568/21 4078/5566/20
f 5905/5567/5 5906/5569/5 4084/5570/22 4081/5568/21
f 5906/5569/5 5907/5571/5 4087/5572/23 4084/5570/22
f 5907/5571/5 5908/5573/5 4090/5574/24 4087/5572/23
f 5908/5573/5 5909/5575/5 4093/5576/25 4090/5574/24
f 5909/5575/5 5910/5577/5 4096/5578/26 4093/5576/25
f 5910/5577/5 5911/5579/5 4099/5580/649 4096/5578/26
f 5911/5579/5 5912/5581/5 4102/5582/453 4099/5580/649
f 5912/5581/5 5913/5583/5 4105/5584/29 4102/5582/453
f 5913/5583/5 5914/5585/5 4108/5586/509 4105/5584/29
f 5914/5585/5 5915/5587/5 4111/5588/31 4108/5586/509
f 5915/5587/5 5916/5589/5 4114/5590/32 4111/5588/31
f 5916/5589/5 5917/5591/5 4117/5592/33 4114/5590/32
f 5917/5591/5 5918/5593/5 4120/5594/455 4117/5592/33
f 5918/5593/5 5919/5595/5 4123/5596/35 4120/5594/455
f 5919/5595/5 5920/5597/5 4126/5598/650 4123/5596/35
f 5920/5597/5 3841/5599/5 4037/5600/37 4126/5598/650
f 4223/5601/38 3935/5602/1 3936/5603/4 4130/5604/39
f 3874/5605/40 4034/5606/41 4040/5607/42 3875/5608/43
f 3873/5609/4 4036/5610/547 4034/5606/41 3874/5605/40
f 3875/5608/43 4040/5607/42 4043/5611/44 3876/5612/45
f 3876/5612/45 4043/5611/44 4046/5613/46 3877/5614/47
f 3877/5614/47 4046/5613/46 4049/5615/48 3878/5616/49
f 3878/5616/49 4049/5615/48 4052/5617/50 3879/5618/51
f 3879/5618/51 4052/5617/50 4055/5619/52 3880/5620/53
f 3880/5620/53 4055/5619/52 4058/5621/54 3881/5622/55
f 3881/5622/55 4058/5621/54 4061/5623/56 3882/5624/57
f 3882/5624/57 4061/5623/56 4064/5625/58 3883/5626/59
f 3883/5626/59 4064/5625/58 4067/5627/60 3884/5628/61
f 3884/5628/61 4067/5627/60 4070/5629/62 3885/5630/63
f 3885/5630/63 4070/5629/62 4073/5631/64 3886/5632/65
f 3886/5632/65 4073/5631/64 4076/5633/66 3887/5634/67
f 3887/5634/67 4076/5633/66 4079/5635/68 3888/5636/69
f 3888/5636/69 4079/5635/68 4082/5637/512 3889/5638/71
f 3889/5638/71 4082/5637/512 4085/5639/72 3890/5640/73
f 3890/5640/73 4085/5639/72 4088/5641/74 3891/5642/75
f 3891/5642/75 4088/5641/74 4091/5643/76 3892/5644/77
f 3892/5644/77 4091/5643/76 4094/5645/78 3893/5646/79
f 3893/5646/79 4094/5645/78 4097/5647/80 3894/5648/81
f 3894/5648/81 4097/5647/80 4100/5649/82 3895/5650/83
f 3895/5650/83 4100/5649/82 4103/5651/84 3896/5652/85
f 3896/5652/85 4103/5651/84 4106/5653/575 3897/5654/87
f 3897/5654/87 4106/5653/575 4109/5655/88 3898/5656/89
f 3898/5656/89 4109/5655/88 4112/5657/90 3899/5658/91
f 3899/5658/91 4112/5657/90 4115/5659/92 3900/5660/93
f 3900/5660/93 4115/5659/92 4118/5661/94 3901/5662/95
f 3901/5662/95 4118/5661/94 4121/5663/96 3902/5664/97
f 3902/5664/97 4121/5663/96 4124/5665/98 3903/5666/99
f 3903/5666/99 4124/5665/98 4127/5534/2 3904/5533/1
f 5891/5538/5 5892/5541/5 4042/5544/9 4039/5539/6
f 3843/5667/100 5889/5668/101 3938/5669/102 3944/5670/103
f 3860/5671/104 3859/5672/105 3992/5673/106 3995/5674/107
f 3847/5675/108 3846/5676/109 3953/5677/110 3956/5678/111
f 3844/5679/112 3843/5667/100 3944/5670/103 3947/5680/113
f 3861/5681/114 3860/5671/104 3995/5674/107 3998/5682/115
f 3848/5683/116 3847/5675/108 3956/5678/111 3959/5684/117
f 3862/5685/118 3861/5681/114 3998/5682/115 4001/5686/119
f 3849/5687/120 3848/5683/116 3959/5684/117 3962/5688/121
f 3863/5689/122 3862/5685/118 4001/5686/119 4004/5690/123
f 3850/5691/124 3849/5687/120 3962/5688/121 3965/5692/125
f 3864/5693/126 3863/5689/122 4004/5690/123 4007/5694/127
f 3851/5695/128 3850/5691/124 3965/5692/125 3968/5696/129
f 3865/5697/130 3864/5693/126 4007/5694/127 4010/5698/131
f 3852/5699/132 3851/5695/128 3968/5696/129 3971/5700/133
f 3866/5701/134 3865/5697/130 4010/5698/131 4013/5702/135
f 3853/5703/136 3852/5699/132 3971/5700/133 3974/5704/137
f 3867/5705/138 3866/5701/134 4013/5702/135 4016/5706/139
f 3854/5707/140 3853/5703/136 3974/5704/137 3977/5708/141
f 3868/5709/142 3867/5705/138 4016/5706/139 4019/5710/143
f 3855/5711/144 3854/5707/140 3977/5708/141 3980/5712/145
f 3869/5713/146 3868/5709/142 4019/5710/143 4022/5714/147
f 3856/5715/148 3855/5711/144 3980/5712/145 3983/5716/149
f 3937/5717/150 3941/5718/151 4030/5719/152 4027/5720/153 4024/5721/154 4021/5722/155 4018/5723/550 4015/5724/157 4012/5725/158 4009/5726/159 4006/5727/160 4003/5728/161 4000/5729/651 3997/5730/163 3994/5731/457 3991/5732/165 3988/5733/166 3985/5734/167 3982/5735/168 3979/5736/169 3976/5737/170 3973/5738/171 3970/5739/172 3967/5740/173 3964/5741/174 3961/5742/175 3958/5743/176 3955/5744/177 3952/5745/178 3949/5746/179 3946/5747/180 3943/5748/181
f 3870/5749/182 3869/5713/146 4022/5714/147 4025/5750/183
f 3857/5751/184 3856/5715/148 3983/5716/149 3986/5752/185
f 5890/5753/186 3872/5754/187 4031/5755/188 3940/5756/189
f 3871/5757/190 3870/5749/182 4025/5750/183 4028/5758/191
f 3858/5759/192 3857/5751/184 3986/5752/185 3989/5760/193
f 3845/5761/194 3844/5679/112 3947/5680/113 3950/5762/195
f 3872/5754/187 3871/5757/190 4028/5758/191 4031/5755/188
f 3859/5672/105 3858/5759/192 3989/5760/193 3992/5673/106
f 3846/5676/109 3845/5761/194 3950/5762/195 3953/5677/110
f 4129/5763/459 4132/5764/460 4135/5765/198 4138/5766/199 4141/5767/652 4144/5768/201 4147/5769/552 4150/5770/514 4153/5771/463 4156/5772/464 4159/5773/206 4162/5774/578 4165/5775/579 4168/5776/580 4171/5777/210 4174/5778/211 4177/5779/465 4180/5780/213 4183/5781/214 4186/5782/581 4189/5783/216 4192/5784/517 4195/5785/218 4198/5786/553 4201/5787/518 4204/5788/467 4207/5789/222 4210/5790/223 4213/5791/468 4216/5792/582 4219/5793/226 4222/5794/227
f 4136/5795/228 3906/5796/43 3907/5797/45 4139/5798/229
f 4139/5798/229 3907/5797/45 3908/5799/47 4142/5800/230
f 4142/5800/230 3908/5799/47 3909/5801/49 4145/5802/231
f 4145/5802/231 3909/5801/49 3910/5803/51 4148/5804/232
f 4148/5804/232 3910/5803/51 3911/5805/53 4151/5806/233
f 4151/5806/233 3911/5805/53 3912/5807/55 4154/5808/234
f 4154/5808/234 3912/5807/55 3913/5809/57 4157/5810/235
f 4157/5810/235 3913/5809/57 3914/5811/59 4160/5812/236
f 4160/5812/236 3914/5811/59 3915/5813/61 4163/5814/237
f 4163/5814/237 3915/5813/61 3916/5815/63 4166/5816/238
f 4166/5816/238 3916/5815/63 3917/5817/65 4169/5818/239
f 4169/5818/239 3917/5817/65 3918/5819/67 4172/5820/240
f 4172/5820/240 3918/5819/67 3919/5821/69 4175/5822/241
f 4175/5822/241 3919/5821/69 3920/5823/71 4178/5824/242
f 4178/5824/242 3920/5823/71 3921/5825/73 4181/5826/243
f 4181/5826/243 3921/5825/73 3922/5827/75 4184/5828/244
f 4184/5828/244 3922/5827/75 3923/5829/77 4187/5830/245
f 4187/5830/245 3923/5829/77 3924/5831/79 4190/5832/246
f 4190/5832/246 3924/5831/79 3925/5833/81 4193/5834/247
f 4193/5834/247 3925/5833/81 3926/5835/83 4196/5836/248
f 4196/5836/248 3926/5835/83 3927/5837/85 4199/5838/249
f 4199/5838/249 3927/5837/85 3928/5839/87 4202/5840/250
f 4202/5840/250 3928/5839/87 3929/5841/89 4205/5842/251
f 4205/5842/251 3929/5841/89 3930/5843/91 4208/5844/252
f 4208/5844/252 3930/5843/91 3931/5845/93 4211/5846/253
f 4211/5846/253 3931/5845/93 3932/5847/95 4214/5848/254
f 4214/5848/254 3932/5847/95 3933/5849/97 4217/5850/255
f 4217/5850/255 3933/5849/97 3934/5851/99 4220/5852/256
f 4220/5852/256 3934/5851/99 3935/5602/1 4223/5601/38
f 4133/5853/257 3905/5854/40 3906/5796/43 4136/5795/228
f 4420/5855/1 3904/5856/1 3873/5857/4 4417/5858/4
f 4422/5859/99 3903/5860/99 3904/5856/1 4420/5855/1
f 4424/5861/97 3902/5862/97 3903/5860/99 4422/5859/99
f 4426/5863/95 3901/5864/95 3902/5862/97 4424/5861/97
f 4428/5865/93 3900/5866/93 3901/5864/95 4426/5863/95
f 4430/5867/91 3899/5868/91 3900/5866/93 4428/5865/93
f 4432/5869/89 3898/5870/89 3899/5868/91 4430/5867/91
f 4434/5871/87 3897/5872/87 3898/5870/89 4432/5869/89
f 4436/5873/85 3896/5874/85 3897/5872/87 4434/5871/87
f 4438/5875/83 3895/5876/83 3896/5874/85 4436/5873/85
f 4440/5877/81 3894/5878/81 3895/5876/83 4438/5875/83
f 4442/5879/79 3893/5880/79 3894/5878/81 4440/5877/81
f 4444/5881/77 3892/5882/77 3893/5880/79 4442/5879/79
f 4446/5883/75 3891/5884/75 3892/5882/77 4444/5881/77
f 4448/5885/73 3890/5886/73 3891/5884/75 4446/5883/75
f 4450/5887/71 3889/5888/71 3890/5886/73 4448/5885/73
f 4452/5889/69 3888/5890/69 3889/5888/71 4450/5887/71
f 4454/5891/67 3887/5892/67 3888/5890/69 4452/5889/69
f 4456/5893/65 3886/5894/65 3887/5892/67 4454/5891/67
f 4458/5895/63 3885/5896/63 3886/5894/65 4456/5893/65
f 4460/5897/61 3884/5898/61 3885/5896/63 4458/5895/63
f 4462/5899/59 3883/5900/59 3884/5898/61 4460/5897/61
f 4464/5901/57 3882/5902/57 3883/5900/59 4462/5899/59
f 4466/5903/55 3881/5904/55 3882/5902/57 4464/5901/57
f 4468/5905/53 3880/5906/53 3881/5904/55 4466/5903/55
f 4470/5907/51 3879/5908/51 3880/5906/53 4468/5905/53
f 4472/5909/49 3878/5910/49 3879/5908/51 4470/5907/51
f 4474/5911/47 3877/5912/47 3878/5910/49 4472/5909/49
f 4476/5913/45 3876/5914/45 3877/5912/47 4474/5911/47
f 4478/5915/43 3875/5916/43 3876/5914/45 4476/5913/45
f 4480/5917/40 3874/5918/40 3875/5916/43 4478/5915/43
f 4417/5919/4 3873/5920/4 3874/5918/40 4480/5917/40
f 3938/5669/102 3940/5921/189 5921/5922/258 5922/5923/653
f 3939/5924/583 3942/5925/261 3941/5926/151 3937/5927/150
f 3944/5670/103 3938/5669/102 5922/5923/653 5923/5928/262
f 3945/5929/263 3939/5924/583 3937/5927/150 3943/5930/181
f 3947/5680/113 3944/5670/103 5923/5928/262 5924/5931/470
f 3948/5932/584 3945/5929/263 3943/5930/181 3946/5933/180
f 3950/5762/195 3947/5680/113 5924/5931/470 5925/5934/522
f 3951/5935/267 3948/5932/584 3946/5933/180 3949/5936/179
f 3953/5677/110 3950/5762/195 5925/5934/522 5926/5937/523
f 3954/5938/585 3951/5935/267 3949/5936/179 3952/5939/178
f 3956/5678/111 3953/5677/110 5926/5937/523 5927/5940/524
f 3957/5941/271 3954/5938/585 3952/5939/178 3955/5942/177
f 3959/5684/117 3956/5678/111 5927/5940/524 5928/5943/525
f 3960/5944/273 3957/5941/271 3955/5942/177 3958/5945/176
f 3962/5688/121 3959/5684/117 5928/5943/525 5929/5946/471
f 3963/5947/587 3960/5944/273 3958/5945/176 3961/5948/175
f 3965/5692/125 3962/5688/121 5929/5946/471 5930/5949/276
f 3966/5950/588 3963/5947/587 3961/5948/175 3964/5951/174
f 3968/5696/129 3965/5692/125 5930/5949/276 5931/5952/558
f 3969/5953/279 3966/5950/588 3964/5951/174 3967/5954/173
f 3971/5700/133 3968/5696/129 5931/5952/558 5932/5955/280
f 3972/5956/281 3969/5953/279 3967/5954/173 3970/5957/172
f 3974/5704/137 3971/5700/133 5932/5955/280 5933/5958/282
f 3975/5959/283 3972/5956/281 3970/5957/172 3973/5960/171
f 3977/5708/141 3974/5704/137 5933/5958/282 5934/5961/284
f 3978/5962/527 3975/5959/283 3973/5960/171 3976/5963/170
f 3980/5712/145 3977/5708/141 5934/5961/284 5935/5964/286
f 3981/5965/475 3978/5962/527 3976/5963/170 3979/5966/169
f 3983/5716/149 3980/5712/145 5935/5964/286 5936/5967/288
f 3984/5968/289 3981/5965/475 3979/5966/169 3982/5969/168
f 3986/5752/185 3983/5716/149 5936/5967/288 5937/5970/290
f 3987/5971/528 3984/5968/289 3982/5969/168 3985/5972/167
f 3989/5760/193 3986/5752/185 5937/5970/290 5938/5973/292
f 3990/5974/477 3987/5971/528 3985/5972/167 3988/5975/166
f 3992/5673/106 3989/5760/193 5938/5973/292 5939/5976/478
f 3993/5977/529 3990/5974/477 3988/5975/166 3991/5978/165
f 3995/5674/107 3992/5673/106 5939/5976/478 5940/5979/654
f 3996/5980/589 3993/5977/529 3991/5978/165 3994/5981/457
f 3998/5682/115 3995/5674/107 5940/5979/654 5941/5982/530
f 3999/5983/655 3996/5980/589 3994/5981/457 3997/5984/163
f 4001/5686/119 3998/5682/115 5941/5982/530 5942/5985/560
f 4002/5986/590 3999/5983/655 3997/5984/163 4000/5987/651
f 4004/5690/123 4001/5686/119 5942/5985/560 5943/5988/302
f 4005/5989/591 4002/5986/590 4000/5987/651 4003/5990/161
f 4007/5694/127 4004/5690/123 5943/5988/302 5944/5991/304
f 4008/5992/592 4005/5989/591 4003/5990/161 4006/5993/160
f 4010/5698/131 4007/5694/127 5944/5991/304 5945/5994/306
f 4011/5995/593 4008/5992/592 4006/5993/160 4009/5996/159
f 4013/5702/135 4010/5698/131 5945/5994/306 5946/5997/531
f 4014/5998/594 4011/5995/593 4009/5996/159 4012/5999/158
f 4016/5706/139 4013/5702/135 5946/5997/531 5947/6000/532
f 4017/6001/622 4014/5998/594 4012/5999/158 4015/6002/157
f 4019/5710/143 4016/5706/139 5947/6000/532 5948/6003/312
f 4020/6004/595 4017/6001/622 4015/6002/157 4018/6005/550
f 4022/5714/147 4019/5710/143 5948/6003/312 5949/6006/314
f 4023/6007/533 4020/6004/595 4018/6005/550 4021/6008/155
f 4025/5750/183 4022/5714/147 5949/6006/314 5950/6009/656
f 4026/6010/317 4023/6007/533 4021/6008/155 4024/6011/154
f 4028/5758/191 4025/5750/183 5950/6009/656 5951/6012/623
f 4029/6013/319 4026/6010/317 4024/6011/154 4027/6014/153
f 4031/5755/188 4028/5758/191 5951/6012/623 5952/6015/320
f 4032/6016/321 4029/6013/319 4027/6014/153 4030/6017/152
f 3940/5756/189 4031/5755/188 5952/6015/320 5921/6018/258
f 3942/6019/261 4032/6016/321 4030/6017/152 3941/6020/151
f 5889/5668/101 5890/6021/186 3940/5921/189 3938/5669/102
f 4034/5606/41 4036/5610/547 5953/6022/322 5954/6023/323
f 4035/6024/324 4038/6025/325 4037/6026/37 4033/5540/647
f 4040/5607/42 4034/5606/41 5954/6023/323 5955/6027/326
f 4041/6028/657 4035/6024/324 4033/5540/647 4039/5539/6
f 4043/5611/44 4040/5607/42 5955/6027/326 5956/6029/328
f 4044/6030/329 4041/6028/657 4039/5539/6 4042/5544/9
f 4046/5613/46 4043/5611/44 5956/6029/328 5957/6031/330
f 4047/6032/331 4044/6030/329 4042/5544/9 4045/5543/573
f 4049/5615/48 4046/5613/46 5957/6031/330 5958/6033/332
f 4050/6034/333 4047/6032/331 4045/5543/573 4048/5546/10
f 4052/5617/50 4049/5615/48 5958/6033/332 5959/6035/535
f 4053/6036/335 4050/6034/333 4048/5546/10 4051/5548/11
f 4055/5619/52 4052/5617/50 5959/6035/535 5960/6037/596
f 4056/6038/337 4053/6036/335 4051/5548/11 4054/5550/506
f 4058/5621/54 4055/5619/52 5960/6037/596 5961/6039/658
f 4059/6040/339 4056/6038/337 4054/5550/506 4057/5552/648
f 4061/5623/56 4058/5621/54 5961/6039/658 5962/6041/340
f 4062/6042/341 4059/6040/339 4057/5552/648 4060/5554/14
f 4064/5625/58 4061/5623/56 5962/6041/340 5963/6043/342
f 4065/6044/343 4062/6042/341 4060/5554/14 4063/5556/15
f 4067/5627/60 4064/5625/58 5963/6043/342 5964/6045/491
f 4068/6046/345 4065/6044/343 4063/5556/15 4066/5558/16
f 4070/5629/62 4067/5627/60 5964/6045/491 5965/6047/346
f 4071/6048/347 4068/6046/345 4066/5558/16 4069/5560/574
f 4073/5631/64 4070/5629/62 5965/6047/346 5966/6049/348
f 4074/6050/349 4071/6048/347 4069/5560/574 4072/5562/18
f 4076/5633/66 4073/5631/64 5966/6049/348 5967/6051/350
f 4077/6052/351 4074/6050/349 4072/5562/18 4075/5564/19
f 4079/5635/68 4076/5633/66 5967/6051/350 5968/6053/352
f 4080/6054/353 4077/6052/351 4075/5564/19 4078/5566/20
f 4082/5637/512 4079/5635/68 5968/6053/352 5969/6055/354
f 4083/6056/355 4080/6054/353 4078/5566/20 4081/5568/21
f 4085/5639/72 4082/5637/512 5969/6055/354 5970/6057/356
f 4086/6058/357 4083/6056/355 4081/5568/21 4084/5570/22
f 4088/5641/74 4085/5639/72 5970/6057/356 5971/6059/358
f 4089/6060/359 4086/6058/357 4084/5570/22 4087/5572/23
f 4091/5643/76 4088/5641/74 5971/6059/358 5972/6061/360
f 4092/6062/361 4089/6060/359 4087/5572/23 4090/5574/24
f 4094/5645/78 4091/5643/76 5972/6061/360 5973/6063/362
f 4095/6064/363 4092/6062/361 4090/5574/24 4093/5576/25
f 4097/5647/80 4094/5645/78 5973/6063/362 5974/6065/364
f 4098/6066/365 4095/6064/363 4093/5576/25 4096/5578/26
f 4100/5649/82 4097/5647/80 5974/6065/364 5975/6067/598
f 4101/6068/367 4098/6066/365 4096/5578/26 4099/5580/649
f 4103/5651/84 4100/5649/82 5975/6067/598 5976/6069/659
f 4104/6070/369 4101/6068/367 4099/5580/649 4102/5582/453
f 4106/5653/575 4103/5651/84 5976/6069/659 5977/6071/370
f 4107/6072/371 4104/6070/369 4102/5582/453 4105/5584/29
f 4109/5655/88 4106/5653/575 5977/6071/370 5978/6073/563
f 4110/6074/660 4107/6072/371 4105/5584/29 4108/5586/509
f 4112/5657/90 4109/5655/88 5978/6073/563 5979/6075/564
f 4113/6076/375 4110/6074/660 4108/5586/509 4111/5588/31
f 4115/5659/92 4112/5657/90 5979/6075/564 5980/6077/376
f 4116/6078/377 4113/6076/375 4111/5588/31 4114/5590/32
f 4118/5661/94 4115/5659/92 5980/6077/376 5981/6079/378
f 4119/6080/379 4116/6078/377 4114/5590/32 4117/5592/33
f 4121/5663/96 4118/5661/94 5981/6079/378 5982/6081/541
f 4122/6082/381 4119/6080/379 4117/5592/33 4120/5594/455
f 4124/5665/98 4121/5663/96 5982/6081/541 5983/6083/636
f 4125/6084/383 4122/6082/381 4120/5594/455 4123/5596/35
f 4127/5534/2 4124/5665/98 5983/6083/636 5984/6085/384
f 4128/6086/385 4125/6084/383 4123/5596/35 4126/5598/650
f 4036/5535/547 4127/5534/2 5984/6085/384 5953/6087/322
f 4038/6088/325 4128/6086/385 4126/5598/650 4037/5600/37
f 3841/6089/5 3842/5537/5 4033/5540/647 4037/6026/37
f 4130/6090/39 4133/5853/257 5985/6091/495 5986/6092/599
f 4131/6093/388 4134/6094/389 4132/6095/460 4129/6096/459
f 4133/5853/257 4136/5795/228 5987/6097/661 5985/6091/495
f 4134/6094/389 4137/6098/391 4135/6099/198 4132/6095/460
f 4136/5795/228 4139/5798/229 5988/6100/392 5987/6097/661
f 4137/6098/391 4140/6101/393 4138/6102/199 4135/6099/198
f 4139/5798/229 4142/5800/230 5989/6103/394 5988/6100/392
f 4140/6101/393 4143/6104/395 4141/6105/652 4138/6102/199
f 4142/5800/230 4145/5802/231 5990/6106/396 5989/6103/394
f 4143/6104/395 4146/6107/397 4144/6108/201 4141/6105/652
f 4145/5802/231 4148/5804/232 5991/6109/398 5990/6106/396
f 4146/6107/397 4149/6110/399 4147/6111/552 4144/6108/201
f 4148/5804/232 4151/5806/233 5992/6112/639 5991/6109/398
f 4149/6110/399 4152/6113/401 4150/6114/514 4147/6111/552
f 4151/5806/233 4154/5808/234 5993/6115/402 5992/6112/639
f 4152/6113/401 4155/6116/403 4153/6117/463 4150/6114/514
f 4154/5808/234 4157/5810/235 5994/6118/602 5993/6115/402
f 4155/6116/403 4158/6119/405 4156/6120/464 4153/6117/463
f 4157/5810/235 4160/5812/236 5995/6121/406 5994/6118/602
f 4158/6119/405 4161/6122/407 4159/6123/206 4156/6120/464
f 4160/5812/236 4163/5814/237 5996/6124/408 5995/6121/406
f 4161/6122/407 4164/6125/409 4162/6126/578 4159/6123/206
f 4163/5814/237 4166/5816/238 5997/6127/410 5996/6124/408
f 4164/6125/409 4167/6128/411 4165/6129/579 4162/6126/578
f 4166/5816/238 4169/5818/239 5998/6130/412 5997/6127/410
f 4167/6128/411 4170/6131/413 4168/6132/580 4165/6129/579
f 4169/5818/239 4172/5820/240 5999/6133/414 5998/6130/412
f 4170/6131/413 4173/6134/415 4171/6135/210 4168/6132/580
f 4172/5820/240 4175/5822/241 6000/6136/497 5999/6133/414
f 4173/6134/415 4176/6137/417 4174/6138/211 4171/6135/210
f 4175/5822/241 4178/5824/242 6001/6139/418 6000/6136/497
f 4176/6137/417 4179/6140/419 4177/6141/465 4174/6138/211
f 4178/5824/242 4181/5826/243 6002/6142/544 6001/6139/418
f 4179/6140/419 4182/6143/421 4180/6144/213 4177/6141/465
f 4181/5826/243 4184/5828/244 6003/6145/499 6002/6142/544
f 4182/6143/421 4185/6146/423 4183/6147/214 4180/6144/213
f 4184/5828/244 4187/5830/245 6004/6148/424 6003/6145/499
f 4185/6146/423 4188/6149/425 4186/6150/581 4183/6147/214
f 4187/5830/245 4190/5832/246 6005/6151/500 6004/6148/424
f 4188/6149/425 4191/6152/427 4189/6153/216 4186/6150/581
f 4190/5832/246 4193/5834/247 6006/6154/501 6005/6151/500
f 4191/6152/427 4194/6155/429 4192/6156/517 4189/6153/216
f 4193/5834/247 4196/5836/248 6007/6157/430 6006/6154/501
f 4194/6155/429 4197/6158/431 4195/6159/218 4192/6156/517
f 4196/5836/248 4199/5838/249 6008/6160/432 6007/6157/430
f 4197/6158/431 4200/6161/433 4198/6162/553 4195/6159/218
f 4199/5838/249 4202/5840/250 6009/6163/434 6008/6160/432
f 4200/6161/433 4203/6164/435 4201/6165/518 4198/6162/553
f 4202/5840/250 4205/5842/251 6010/6166/436 6009/6163/434
f 4203/6164/435 4206/6167/437 4204/6168/467 4201/6165/518
f 4205/5842/251 4208/5844/252 6011/6169/438 6010/6166/436
f 4206/6167/437 4209/6170/439 4207/6171/222 4204/6168/467
f 4208/5844/252 4211/5846/253 6012/6172/440 6011/6169/438
f 4209/6170/439 4212/6173/441 4210/6174/223 4207/6171/222
f 4211/5846/253 4214/5848/254 6013/6175/572 6012/6172/440
f 4212/6173/441 4215/6176/443 4213/6177/468 4210/6174/223
f 4214/5848/254 4217/5850/255 6014/6178/444 6013/6175/572
f 4215/6176/443 4218/6179/662 4216/6180/582 4213/6177/468
f 4217/5850/255 4220/5852/256 6015/6181/504 6014/6178/444
f 4218/6179/662 4221/6182/447 4219/6183/226 4216/6180/582
f 4220/5852/256 4223/5601/38 6016/6184/546 6015/6181/504
f 4221/6182/447 4224/6185/449 4222/6186/227 4219/6183/226
f 4223/5601/38 4130/5604/39 5986/6187/599 6016/6184/546
f 4224/6185/449 4131/6188/388 4129/6189/459 4222/6186/227
f 4130/6090/39 3936/6190/4 3905/5854/40 4133/5853/257
f 4307/6191/95 4271/6192/95 4277/6193/97 4291/6194/97
f 4291/6194/97 4277/6193/97 4287/6195/99 4293/6196/99
f 4297/6197/1 4285/6198/1 4284/6199/4 4296/6200/4
f 4303/6201/91 4269/6202/91 4279/6203/93 4299/6204/93
f 4305/6205/89 4273/6206/89 4269/6202/91 4303/6201/91
f 4301/6207/87 4225/6208/87 4273/6206/89 4305/6205/89
f 4315/6209/85 4263/6210/85 4225/6208/87 4301/6207/87
f 4309/6211/83 4275/6212/83 4263/6210/85 4315/6209/85
f 4311/6213/81 4267/6214/81 4275/6212/83 4309/6211/83
f 4317/6215/79 4261/6216/79 4267/6214/81 4311/6213/81
f 4319/6217/77 4265/6218/77 4261/6216/79 4317/6215/79
f 4325/6219/75 4253/6220/75 4265/6218/77 4319/6217/77
f 4289/6221/73 4281/6222/73 4253/6220/75 4325/6219/75
f 4323/6223/71 4249/6224/71 4281/6222/73 4289/6221/73
f 4313/6225/69 4259/6226/69 4249/6224/71 4323/6223/71
f 4321/6227/67 4257/6228/67 4259/6226/69 4313/6225/69
f 4278/6229/97 4292/6230/97 4294/6231/99 4288/6232/99
f 3935/6233/1 4419/6234/1 4418/6235/4 3936/6236/4
f 4251/6237/63 4252/6238/63 4240/6239/65 4239/6240/65
f 4327/6241/63 4251/6237/63 4239/6240/65 4333/6242/65
f 4247/6243/61 4248/6244/61 4252/6238/63 4251/6237/63
f 4331/6245/61 4247/6243/61 4251/6237/63 4327/6241/63
f 4243/6246/59 4244/6247/59 4248/6244/61 4247/6243/61
f 4335/6248/59 4243/6246/59 4247/6243/61 4331/6245/61
f 4255/6249/57 4256/6250/57 4244/6247/59 4243/6246/59
f 4329/6251/57 4255/6249/57 4243/6246/59 4335/6248/59
f 4229/6252/55 4230/6253/55 4256/6250/57 4255/6249/57
f 4343/6254/55 4229/6252/55 4255/6249/57 4329/6251/57
f 4241/6255/53 4242/6256/53 4230/6253/55 4229/6252/55
f 4337/6257/53 4241/6255/53 4229/6252/55 4343/6254/55
f 4237/6258/51 4238/6259/51 4242/6256/53 4241/6255/53
f 4341/6260/51 4237/6258/51 4241/6255/53 4337/6257/53
f 4233/6261/49 4234/6262/49 4238/6259/51 4237/6258/51
f 4345/6263/49 4233/6261/49 4237/6258/51 4341/6260/51
f 4245/6264/47 4246/6265/47 4234/6262/49 4233/6261/49
f 4339/6266/47 4245/6264/47 4233/6261/49 4345/6263/49
f 4235/6267/45 4236/6268/45 4246/6265/47 4245/6264/47
f 4349/6269/45 4235/6267/45 4245/6264/47 4339/6266/47
f 4231/6270/43 4232/6271/43 4236/6268/45 4235/6267/45
f 4347/6272/43 4231/6270/43 4235/6267/45 4349/6269/45
f 4227/6273/40 4228/6274/40 4232/6271/43 4231/6270/43
f 4351/6275/40 4227/6273/40 4231/6270/43 4347/6272/43
f 4284/6276/4 4283/6277/4 4228/6274/40 4227/6273/40
f 4296/6278/4 4284/6276/4 4227/6273/40 4351/6275/40
f 4287/6195/99 4288/6232/99 4286/6279/1 4285/6198/1
f 4293/6196/99 4287/6195/99 4285/6198/1 4297/6197/1
f 4271/6192/95 4272/6280/95 4278/6229/97 4277/6193/97
f 4333/6242/65 4239/6240/65 4257/6228/67 4321/6227/67
f 4257/6228/67 4258/6281/67 4260/6282/69 4259/6226/69
f 4259/6226/69 4260/6282/69 4250/6283/71 4249/6224/71
f 4249/6224/71 4250/6283/71 4282/6284/73 4281/6222/73
f 4281/6222/73 4282/6284/73 4254/6285/75 4253/6220/75
f 4253/6220/75 4254/6285/75 4266/6286/77 4265/6218/77
f 4265/6218/77 4266/6286/77 4262/6287/79 4261/6216/79
f 4261/6216/79 4262/6287/79 4268/6288/81 4267/6214/81
f 4267/6214/81 4268/6288/81 4276/6289/83 4275/6212/83
f 4275/6212/83 4276/6289/83 4264/6290/85 4263/6210/85
f 4263/6210/85 4264/6290/85 4226/6291/87 4225/6208/87
f 4225/6208/87 4226/6291/87 4274/6292/89 4273/6206/89
f 4273/6206/89 4274/6292/89 4270/6293/91 4269/6202/91
f 4269/6202/91 4270/6293/91 4280/6294/93 4279/6203/93
f 4285/6198/1 4286/6279/1 4283/6295/4 4284/6199/4
f 4277/6193/97 4278/6229/97 4288/6232/99 4287/6195/99
f 4286/6279/1 4298/6296/1 4295/6297/4 4283/6295/4
f 4299/6204/93 4279/6203/93 4271/6192/95 4307/6191/95
f 4409/6298/97 4291/6194/97 4293/6196/99 4413/6299/99
f 4279/6203/93 4280/6294/93 4272/6280/95 4271/6192/95
f 4270/6293/91 4304/6300/91 4300/6301/93 4280/6294/93
f 4407/6302/93 4299/6204/93 4307/6191/95 4401/6303/95
f 4274/6292/89 4306/6304/89 4304/6300/91 4270/6293/91
f 4403/6305/91 4303/6201/91 4299/6204/93 4407/6302/93
f 4226/6291/87 4302/6306/87 4306/6304/89 4274/6292/89
f 4405/6307/89 4305/6205/89 4303/6201/91 4403/6305/91
f 4264/6290/85 4316/6308/85 4302/6306/87 4226/6291/87
f 4399/6309/87 4301/6207/87 4305/6205/89 4405/6307/89
f 4276/6289/83 4310/6310/83 4316/6308/85 4264/6290/85
f 4391/6311/85 4315/6209/85 4301/6207/87 4399/6309/87
f 4268/6288/81 4312/6312/81 4310/6310/83 4276/6289/83
f 4397/6313/83 4309/6211/83 4315/6209/85 4391/6311/85
f 4262/6287/79 4318/6314/79 4312/6312/81 4268/6288/81
f 4393/6315/81 4311/6213/81 4309/6211/83 4397/6313/83
f 4266/6286/77 4320/6316/77 4318/6314/79 4262/6287/79
f 4395/6317/79 4317/6215/79 4311/6213/81 4393/6315/81
f 4254/6285/75 4326/6318/75 4320/6316/77 4266/6286/77
f 4389/6319/77 4319/6217/77 4317/6215/79 4395/6317/79
f 4282/6284/73 4290/6320/73 4326/6318/75 4254/6285/75
f 4381/6321/75 4325/6219/75 4319/6217/77 4389/6319/77
f 4250/6283/71 4324/6322/71 4290/6320/73 4282/6284/73
f 4387/6323/73 4289/6221/73 4325/6219/75 4381/6321/75
f 4260/6282/69 4314/6324/69 4324/6322/71 4250/6283/71
f 4383/6325/71 4323/6223/71 4289/6221/73 4387/6323/73
f 4258/6281/67 4322/6326/67 4314/6324/69 4260/6282/69
f 4385/6327/69 4313/6225/69 4323/6223/71 4383/6325/71
f 4240/6239/65 4334/6328/65 4322/6326/67 4258/6281/67
f 4379/6329/67 4321/6227/67 4313/6225/69 4385/6327/69
f 4252/6238/63 4328/6330/63 4334/6328/65 4240/6239/65
f 4371/6331/65 4333/6242/65 4321/6227/67 4379/6329/67
f 4248/6244/61 4332/6332/61 4328/6330/63 4252/6238/63
f 4377/6333/63 4327/6241/63 4333/6242/65 4371/6331/65
f 4244/6247/59 4336/6334/59 4332/6332/61 4248/6244/61
f 4373/6335/61 4331/6245/61 4327/6241/63 4377/6333/63
f 4256/6250/57 4330/6336/57 4336/6334/59 4244/6247/59
f 4375/6337/59 4335/6248/59 4331/6245/61 4373/6335/61
f 4230/6253/55 4344/6338/55 4330/6336/57 4256/6250/57
f 4369/6339/57 4329/6251/57 4335/6248/59 4375/6337/59
f 4242/6256/53 4338/6340/53 4344/6338/55 4230/6253/55
f 4361/6341/55 4343/6254/55 4329/6251/57 4369/6339/57
f 4238/6259/51 4342/6342/51 4338/6340/53 4242/6256/53
f 4367/6343/53 4337/6257/53 4343/6254/55 4361/6341/55
f 4234/6262/49 4346/6344/49 4342/6342/51 4238/6259/51
f 4363/6345/51 4341/6260/51 4337/6257/53 4367/6343/53
f 4246/6265/47 4340/6346/47 4346/6344/49 4234/6262/49
f 4365/6347/49 4345/6263/49 4341/6260/51 4363/6345/51
f 4236/6268/45 4350/6348/45 4340/6346/47 4246/6265/47
f 4359/6349/47 4339/6266/47 4345/6263/49 4365/6347/49
f 4232/6271/43 4348/6350/43 4350/6348/45 4236/6268/45
f 4353/6351/45 4349/6269/45 4339/6266/47 4359/6349/47
f 4228/6274/40 4352/6352/40 4348/6350/43 4232/6271/43
f 4357/6353/43 4347/6272/43 4349/6269/45 4353/6351/45
f 4283/6277/4 4295/6354/4 4352/6352/40 4228/6274/40
f 4355/6355/40 4351/6275/40 4347/6272/43 4357/6353/43
f 4288/6232/99 4294/6231/99 4298/6296/1 4286/6279/1
f 4416/6356/4 4296/6278/4 4351/6275/40 4355/6355/40
f 4272/6280/95 4308/6357/95 4292/6230/97 4278/6229/97
f 4413/6299/99 4293/6196/99 4297/6197/1 4411/6358/1
f 4411/6358/1 4297/6197/1 4296/6200/4 4416/6359/4
f 4280/6294/93 4300/6301/93 4308/6357/95 4272/6280/95
f 4292/6230/97 4410/6360/97 4414/6361/99 4294/6231/99
f 4298/6296/1 4412/6362/1 4415/6363/4 4295/6297/4
f 4419/6234/1 4411/6358/1 4416/6359/4 4418/6235/4
f 4401/6303/95 4307/6191/95 4291/6194/97 4409/6298/97
f 4300/6301/93 4408/6364/93 4402/6365/95 4308/6357/95
f 4425/6366/95 4401/6303/95 4409/6298/97 4423/6367/97
f 4304/6300/91 4404/6368/91 4408/6364/93 4300/6301/93
f 4427/6369/93 4407/6302/93 4401/6303/95 4425/6366/95
f 4306/6304/89 4406/6370/89 4404/6368/91 4304/6300/91
f 4429/6371/91 4403/6305/91 4407/6302/93 4427/6369/93
f 4302/6306/87 4400/6372/87 4406/6370/89 4306/6304/89
f 4431/6373/89 4405/6307/89 4403/6305/91 4429/6371/91
f 4316/6308/85 4392/6374/85 4400/6372/87 4302/6306/87
f 4433/6375/87 4399/6309/87 4405/6307/89 4431/6373/89
f 4310/6310/83 4398/6376/83 4392/6374/85 4316/6308/85
f 4435/6377/85 4391/6311/85 4399/6309/87 4433/6375/87
f 4312/6312/81 4394/6378/81 4398/6376/83 4310/6310/83
f 4437/6379/83 4397/6313/83 4391/6311/85 4435/6377/85
f 4318/6314/79 4396/6380/79 4394/6378/81 4312/6312/81
f 4439/6381/81 4393/6315/81 4397/6313/83 4437/6379/83
f 4320/6316/77 4390/6382/77 4396/6380/79 4318/6314/79
f 4441/6383/79 4395/6317/79 4393/6315/81 4439/6381/81
f 4326/6318/75 4382/6384/75 4390/6382/77 4320/6316/77
f 4443/6385/77 4389/6319/77 4395/6317/79 4441/6383/79
f 4290/6320/73 4388/6386/73 4382/6384/75 4326/6318/75
f 4445/6387/75 4381/6321/75 4389/6319/77 4443/6385/77
f 4324/6322/71 4384/6388/71 4388/6386/73 4290/6320/73
f 4447/6389/73 4387/6323/73 4381/6321/75 4445/6387/75
f 4314/6324/69 4386/6390/69 4384/6388/71 4324/6322/71
f 4449/6391/71 4383/6325/71 4387/6323/73 4447/6389/73
f 4322/6326/67 4380/6392/67 4386/6390/69 4314/6324/69
f 4451/6393/69 4385/6327/69 4383/6325/71 4449/6391/71
f 4334/6328/65 4372/6394/65 4380/6392/67 4322/6326/67
f 4453/6395/67 4379/6329/67 4385/6327/69 4451/6393/69
f 4328/6330/63 4378/6396/63 4372/6394/65 4334/6328/65
f 4455/6397/65 4371/6331/65 4379/6329/67 4453/6395/67
f 4332/6332/61 4374/6398/61 4378/6396/63 4328/6330/63
f 4457/6399/63 4377/6333/63 4371/6331/65 4455/6397/65
f 4336/6334/59 4376/6400/59 4374/6398/61 4332/6332/61
f 4459/6401/61 4373/6335/61 4377/6333/63 4457/6399/63
f 4330/6336/57 4370/6402/57 4376/6400/59 4336/6334/59
f 4461/6403/59 4375/6337/59 4373/6335/61 4459/6401/61
f 4344/6338/55 4362/6404/55 4370/6402/57 4330/6336/57
f 4463/6405/57 4369/6339/57 4375/6337/59 4461/6403/59
f 4338/6340/53 4368/6406/53 4362/6404/55 4344/6338/55
f 4465/6407/55 4361/6341/55 4369/6339/57 4463/6405/57
f 4342/6342/51 4364/6408/51 4368/6406/53 4338/6340/53
f 4467/6409/53 4367/6343/53 4361/6341/55 4465/6407/55
f 4346/6344/49 4366/6410/49 4364/6408/51 4342/6342/51
f 4469/6411/51 4363/6345/51 4367/6343/53 4467/6409/53
f 4340/6346/47 4360/6412/47 4366/6410/49 4346/6344/49
f 4471/6413/49 4365/6347/49 4363/6345/51 4469/6411/51
f 4350/6348/45 4354/6414/45 4360/6412/47 4340/6346/47
f 4473/6415/47 4359/6349/47 4365/6347/49 4471/6413/49
f 4348/6350/43 4358/6416/43 4354/6414/45 4350/6348/45
f 4475/6417/45 4353/6351/45 4359/6349/47 4473/6415/47
f 4352/6352/40 4356/6418/40 4358/6416/43 4348/6350/43
f 4477/6419/43 4357/6353/43 4353/6351/45 4475/6417/45
f 4295/6354/4 4415/6420/4 4356/6418/40 4352/6352/40
f 4479/6421/40 4355/6355/40 4357/6353/43 4477/6419/43
f 4294/6231/99 4414/6361/99 4412/6362/1 4298/6296/1
f 4418/6422/4 4416/6356/4 4355/6355/40 4479/6421/40
f 4423/6367/97 4409/6298/97 4413/6299/99 4421/6423/99
f 4308/6357/95 4402/6365/95 4410/6360/97 4292/6230/97
f 3934/6424/99 4421/6423/99 4419/6234/1 3935/6233/1
f 4412/6362/1 4420/5855/1 4417/5858/4 4415/6363/4
f 3933/6425/97 4423/6367/97 4421/6423/99 3934/6424/99
f 4410/6360/97 4424/5861/97 4422/5859/99 4414/6361/99
f 3932/6426/95 4425/6366/95 4423/6367/97 3933/6425/97
f 4402/6365/95 4426/5863/95 4424/5861/97 4410/6360/97
f 3931/6427/93 4427/6369/93 4425/6366/95 3932/6426/95
f 4408/6364/93 4428/5865/93 4426/5863/95 4402/6365/95
f 3930/6428/91 4429/6371/91 4427/6369/93 3931/6427/93
f 4404/6368/91 4430/5867/91 4428/5865/93 4408/6364/93
f 3929/6429/89 4431/6373/89 4429/6371/91 3930/6428/91
f 4406/6370/89 4432/5869/89 4430/5867/91 4404/6368/91
f 3928/6430/87 4433/6375/87 4431/6373/89 3929/6429/89
f 4400/6372/87 4434/5871/87 4432/5869/89 4406/6370/89
f 3927/6431/85 4435/6377/85 4433/6375/87 3928/6430/87
f 4392/6374/85 4436/5873/85 4434/5871/87 4400/6372/87
f 3926/6432/83 4437/6379/83 4435/6377/85 3927/6431/85
f 4398/6376/83 4438/5875/83 4436/5873/85 4392/6374/85
f 3925/6433/81 4439/6381/81 4437/6379/83 3926/6432/83
f 4394/6378/81 4440/5877/81 4438/5875/83 4398/6376/83
f 3924/6434/79 4441/6383/79 4439/6381/81 3925/6433/81
f 4396/6380/79 4442/5879/79 4440/5877/81 4394/6378/81
f 3923/6435/77 4443/6385/77 4441/6383/79 3924/6434/79
f 4390/6382/77 4444/5881/77 4442/5879/79 4396/6380/79
f 3922/6436/75 4445/6387/75 4443/6385/77 3923/6435/77
f 4382/6384/75 4446/5883/75 4444/5881/77 4390/6382/77
f 3921/6437/73 4447/6389/73 4445/6387/75 3922/6436/75
f 4388/6386/73 4448/5885/73 4446/5883/75 4382/6384/75
f 3920/6438/71 4449/6391/71 4447/6389/73 3921/6437/73
f 4384/6388/71 4450/5887/71 4448/5885/73 4388/6386/73
f 3919/6439/69 4451/6393/69 4449/6391/71 3920/6438/71
f 4386/6390/69 4452/5889/69 4450/5887/71 4384/6388/71
f 3918/6440/67 4453/6395/67 4451/6393/69 3919/6439/69
f 4380/6392/67 4454/5891/67 4452/5889/69 4386/6390/69
f 3917/6441/65 4455/6397/65 4453/6395/67 3918/6440/67
f 4372/6394/65 4456/5893/65 4454/5891/67 4380/6392/67
f 3916/6442/63 4457/6399/63 4455/6397/65 3917/6441/65
f 4378/6396/63 4458/5895/63 4456/5893/65 4372/6394/65
f 3915/6443/61 4459/6401/61 4457/6399/63 3916/6442/63
f 4374/6398/61 4460/5897/61 4458/5895/63 4378/6396/63
f 3914/6444/59 4461/6403/59 4459/6401/61 3915/6443/61
f 4376/6400/59 4462/5899/59 4460/5897/61 4374/6398/61
f 3913/6445/57 4463/6405/57 4461/6403/59 3914/6444/59
f 4370/6402/57 4464/5901/57 4462/5899/59 4376/6400/59
f 3912/6446/55 4465/6407/55 4463/6405/57 3913/6445/57
f 4362/6404/55 4466/5903/55 4464/5901/57 4370/6402/57
f 3911/6447/53 4467/6409/53 4465/6407/55 3912/6446/55
f 4368/6406/53 4468/5905/53 4466/5903/55 4362/6404/55
f 3910/6448/51 4469/6411/51 4467/6409/53 3911/6447/53
f 4364/6408/51 4470/5907/51 4468/5905/53 4368/6406/53
f 3909/6449/49 4471/6413/49 4469/6411/51 3910/6448/51
f 4366/6410/49 4472/5909/49 4470/5907/51 4364/6408/51
f 3908/6450/47 4473/6415/47 4471/6413/49 3909/6449/49
f 4360/6412/47 4474/5911/47 4472/5909/49 4366/6410/49
f 3907/6451/45 4475/6417/45 4473/6415/47 3908/6450/47
f 4354/6414/45 4476/5913/45 4474/5911/47 4360/6412/47
f 3906/6452/43 4477/6419/43 4475/6417/45 3907/6451/45
f 4358/6416/43 4478/5915/43 4476/5913/45 4354/6414/45
f 3905/6453/40 4479/6421/40 4477/6419/43 3906/6452/43
f 4356/6418/40 4480/5917/40 4478/5915/43 4358/6416/43
f 3936/6454/4 4418/6422/4 4479/6421/40 3905/6453/40
f 4415/6420/4 4417/5919/4 4480/5917/40 4356/6418/40
f 4414/6361/99 4422/5859/99 4420/5855/1 4412/6362/1
f 4421/6423/99 4413/6299/99 4411/6358/1 4419/6234/1
f 4239/6240/65 4240/6239/65 4258/6281/67 4257/6228/67
f 4544/6455/1 4767/6456/2 4676/6457/3 4513/6458/4
f 4482/6459/5 6019/6460/5 4679/6461/6 4673/6462/7
f 6020/6463/5 6021/6464/5 4685/6465/8 4682/6466/663
f 6021/6464/5 6022/6467/5 4688/6468/10 4685/6465/8
f 6022/6467/5 6023/6469/5 4691/6470/11 4688/6468/10
f 6023/6469/5 6024/6471/5 4694/6472/12 4691/6470/11
f 6024/6471/5 6025/6473/5 4697/6474/648 4694/6472/12
f 6025/6473/5 6026/6475/5 4700/6476/605 4697/6474/648
f 6026/6475/5 6027/6477/5 4703/6478/15 4700/6476/605
f 6027/6477/5 6028/6479/5 4706/6480/16 4703/6478/15
f 6028/6479/5 6029/6481/5 4709/6482/574 4706/6480/16
f 6029/6481/5 6030/6483/5 4712/6484/18 4709/6482/574
f 6030/6483/5 6031/6485/5 4715/6486/19 4712/6484/18
f 6031/6485/5 6032/6487/5 4718/6488/20 4715/6486/19
f 6032/6487/5 6033/6489/5 4721/6490/21 4718/6488/20
f 6033/6489/5 6034/6491/5 4724/6492/22 4721/6490/21
f 6034/6491/5 6035/6493/5 4727/6494/23 4724/6492/22
f 6035/6493/5 6036/6495/5 4730/6496/664 4727/6494/23
f 6036/6495/5 6037/6497/5 4733/6498/606 4730/6496/664
f 6037/6497/5 6038/6499/5 4736/6500/26 4733/6498/606
f 6038/6499/5 6039/6501/5 4739/6502/27 4736/6500/26
f 6039/6501/5 6040/6503/5 4742/6504/453 4739/6502/27
f 6040/6503/5 6041/6505/5 4745/6506/548 4742/6504/453
f 6041/6505/5 6042/6507/5 4748/6508/509 4745/6506/548
f 6042/6507/5 6043/6509/5 4751/6510/31 4748/6508/509
f 6043/6509/5 6044/6511/5 4754/6512/32 4751/6510/31
f 6044/6511/5 6045/6513/5 4757/6514/665 4754/6512/32
f 6045/6513/5 6046/6515/5 4760/6516/34 4757/6514/665
f 6046/6515/5 6047/6517/5 4763/6518/35 4760/6516/34
f 6047/6517/5 6048/6519/5 4766/6520/36 4763/6518/35
f 6048/6519/5 4481/6521/5 4677/6522/37 4766/6520/36
f 4863/6523/38 4575/6524/1 4576/6525/4 4770/6526/39
f 4514/6527/40 4674/6528/41 4680/6529/42 4515/6530/43
f 4513/6531/4 4676/6532/3 4674/6528/41 4514/6527/40
f 4515/6530/43 4680/6529/42 4683/6533/44 4516/6534/45
f 4516/6534/45 4683/6533/44 4686/6535/46 4517/6536/47
f 4517/6536/47 4686/6535/46 4689/6537/48 4518/6538/49
f 4518/6538/49 4689/6537/48 4692/6539/50 4519/6540/51
f 4519/6540/51 4692/6539/50 4695/6541/52 4520/6542/53
f 4520/6542/53 4695/6541/52 4698/6543/54 4521/6544/55
f 4521/6544/55 4698/6543/54 4701/6545/56 4522/6546/57
f 4522/6546/57 4701/6545/56 4704/6547/58 4523/6548/59
f 4523/6548/59 4704/6547/58 4707/6549/60 4524/6550/61
f 4524/6550/61 4707/6549/60 4710/6551/62 4525/6552/63
f 4525/6552/63 4710/6551/62 4713/6553/64 4526/6554/65
f 4526/6554/65 4713/6553/64 4716/6555/66 4527/6556/67
f 4527/6556/67 4716/6555/66 4719/6557/68 4528/6558/69
f 4528/6558/69 4719/6557/68 4722/6559/70 4529/6560/71
f 4529/6560/71 4722/6559/70 4725/6561/72 4530/6562/73
f 4530/6562/73 4725/6561/72 4728/6563/74 4531/6564/75
f 4531/6564/75 4728/6563/74 4731/6565/76 4532/6566/77
f 4532/6566/77 4731/6565/76 4734/6567/78 4533/6568/79
f 4533/6568/79 4734/6567/78 4737/6569/666 4534/6570/81
f 4534/6570/81 4737/6569/666 4740/6571/611 4535/6572/83
f 4535/6572/83 4740/6571/611 4743/6573/84 4536/6574/85
f 4536/6574/85 4743/6573/84 4746/6575/86 4537/6576/87
f 4537/6576/87 4746/6575/86 4749/6577/88 4538/6578/89
f 4538/6578/89 4749/6577/88 4752/6579/667 4539/6580/91
f 4539/6580/91 4752/6579/667 4755/6581/668 4540/6582/93
f 4540/6582/93 4755/6581/668 4758/6583/94 4541/6584/95
f 4541/6584/95 4758/6583/94 4761/6585/96 4542/6586/97
f 4542/6586/97 4761/6585/96 4764/6587/98 4543/6588/99
f 4543/6588/99 4764/6587/98 4767/6456/2 4544/6455/1
f 6019/6460/5 6020/6463/5 4682/6466/663 4679/6461/6
f 4483/6589/100 6017/6590/101 4578/6591/102 4584/6592/103
f 4500/6593/104 4499/6594/105 4632/6595/106 4635/6596/107
f 4487/6597/108 4486/6598/109 4593/6599/110 4596/6600/111
f 4484/6601/112 4483/6589/100 4584/6592/103 4587/6602/113
f 4501/6603/114 4500/6593/104 4635/6596/107 4638/6604/115
f 4488/6605/116 4487/6597/108 4596/6600/111 4599/6606/117
f 4502/6607/118 4501/6603/114 4638/6604/115 4641/6608/119
f 4489/6609/120 4488/6605/116 4599/6606/117 4602/6610/121
f 4503/6611/122 4502/6607/118 4641/6608/119 4644/6612/123
f 4490/6613/124 4489/6609/120 4602/6610/121 4605/6614/125
f 4504/6615/126 4503/6611/122 4644/6612/123 4647/6616/127
f 4491/6617/128 4490/6613/124 4605/6614/125 4608/6618/129
f 4505/6619/130 4504/6615/126 4647/6616/127 4650/6620/131
f 4492/6621/132 4491/6617/128 4608/6618/129 4611/6622/133
f 4506/6623/134 4505/6619/130 4650/6620/131 4653/6624/135
f 4493/6625/136 4492/6621/132 4611/6622/133 4614/6626/137
f 4507/6627/138 4506/6623/134 4653/6624/135 4656/6628/139
f 4494/6629/140 4493/6625/136 4614/6626/137 4617/6630/141
f 4508/6631/142 4507/6627/138 4656/6628/139 4659/6632/143
f 4495/6633/144 4494/6629/140 4617/6630/141 4620/6634/145
f 4509/6635/146 4508/6631/142 4659/6632/143 4662/6636/147
f 4496/6637/148 4495/6633/144 4620/6634/145 4623/6638/149
f 4577/6639/150 4581/6640/151 4670/6641/152 4667/6642/153 4664/6643/154 4661/6644/155 4658/6645/550 4655/6646/157 4652/6647/158 4649/6648/159 4646/6649/160 4643/6650/161 4640/6651/162 4637/6652/163 4634/6653/164 4631/6654/165 4628/6655/166 4625/6656/167 4622/6657/168 4619/6658/169 4616/6659/170 4613/6660/171 4610/6661/172 4607/6662/173 4604/6663/174 4601/6664/175 4598/6665/176 4595/6666/177 4592/6667/458 4589/6668/179 4586/6669/180 4583/6670/181
f 4510/6671/182 4509/6635/146 4662/6636/147 4665/6672/183
f 4497/6673/184 4496/6637/148 4623/6638/149 4626/6674/185
f 6018/6675/186 4512/6676/187 4671/6677/188 4580/6678/189
f 4511/6679/190 4510/6671/182 4665/6672/183 4668/6680/191
f 4498/6681/192 4497/6673/184 4626/6674/185 4629/6682/193
f 4485/6683/194 4484/6601/112 4587/6602/113 4590/6684/195
f 4512/6676/187 4511/6679/190 4668/6680/191 4671/6677/188
f 4499/6594/105 4498/6681/192 4629/6682/193 4632/6595/106
f 4486/6598/109 4485/6683/194 4590/6684/195 4593/6599/110
f 4769/6685/459 4772/6686/460 4775/6687/198 4778/6688/199 4781/6689/669 4784/6690/612 4787/6691/552 4790/6692/203 4793/6693/613 4796/6694/205 4799/6695/206 4802/6696/670 4805/6697/671 4808/6698/580 4811/6699/210 4814/6700/211 4817/6701/465 4820/6702/213 4823/6703/214 4826/6704/581 4829/6705/216 4832/6706/217 4835/6707/466 4838/6708/672 4841/6709/518 4844/6710/467 4847/6711/554 4850/6712/555 4853/6713/224 4856/6714/225 4859/6715/226 4862/6716/227
f 4776/6717/228 4546/6718/43 4547/6719/45 4779/6720/673
f 4779/6720/673 4547/6719/45 4548/6721/47 4782/6722/230
f 4782/6722/230 4548/6721/47 4549/6723/49 4785/6724/231
f 4785/6724/231 4549/6723/49 4550/6725/51 4788/6726/232
f 4788/6726/232 4550/6725/51 4551/6727/53 4791/6728/674
f 4791/6728/674 4551/6727/53 4552/6729/55 4794/6730/675
f 4794/6730/675 4552/6729/55 4553/6731/57 4797/6732/676
f 4797/6732/676 4553/6731/57 4554/6733/59 4800/6734/236
f 4800/6734/236 4554/6733/59 4555/6735/61 4803/6736/237
f 4803/6736/237 4555/6735/61 4556/6737/63 4806/6738/238
f 4806/6738/238 4556/6737/63 4557/6739/65 4809/6740/239
f 4809/6740/239 4557/6739/65 4558/6741/67 4812/6742/240
f 4812/6742/240 4558/6741/67 4559/6743/69 4815/6744/241
f 4815/6744/241 4559/6743/69 4560/6745/71 4818/6746/242
f 4818/6746/242 4560/6745/71 4561/6747/73 4821/6748/243
f 4821/6748/243 4561/6747/73 4562/6749/75 4824/6750/244
f 4824/6750/244 4562/6749/75 4563/6751/77 4827/6752/245
f 4827/6752/245 4563/6751/77 4564/6753/79 4830/6754/246
f 4830/6754/246 4564/6753/79 4565/6755/81 4833/6756/677
f 4833/6756/677 4565/6755/81 4566/6757/83 4836/6758/248
f 4836/6758/248 4566/6757/83 4567/6759/85 4839/6760/249
f 4839/6760/249 4567/6759/85 4568/6761/87 4842/6762/250
f 4842/6762/250 4568/6761/87 4569/6763/89 4845/6764/251
f 4845/6764/251 4569/6763/89 4570/6765/91 4848/6766/252
f 4848/6766/252 4570/6765/91 4571/6767/93 4851/6768/678
f 4851/6768/678 4571/6767/93 4572/6769/95 4854/6770/254
f 4854/6770/254 4572/6769/95 4573/6771/97 4857/6772/255
f 4857/6772/255 4573/6771/97 4574/6773/99 4860/6774/256
f 4860/6774/256 4574/6773/99 4575/6524/1 4863/6523/38
f 4773/6775/257 4545/6776/40 4546/6718/43 4776/6717/228
f 5060/6777/1 4544/6778/1 4513/6779/4 5057/6780/4
f 5062/6781/99 4543/6782/99 4544/6778/1 5060/6777/1
f 5064/6783/97 4542/6784/97 4543/6782/99 5062/6781/99
f 5066/6785/95 4541/6786/95 4542/6784/97 5064/6783/97
f 5068/6787/93 4540/6788/93 4541/6786/95 5066/6785/95
f 5070/6789/91 4539/6790/91 4540/6788/93 5068/6787/93
f 5072/6791/89 4538/6792/89 4539/6790/91 5070/6789/91
f 5074/6793/87 4537/6794/87 4538/6792/89 5072/6791/89
f 5076/6795/85 4536/6796/85 4537/6794/87 5074/6793/87
f 5078/6797/83 4535/6798/83 4536/6796/85 5076/6795/85
f 5080/6799/81 4534/6800/81 4535/6798/83 5078/6797/83
f 5082/6801/79 4533/6802/79 4534/6800/81 5080/6799/81
f 5084/6803/77 4532/6804/77 4533/6802/79 5082/6801/79
f 5086/6805/75 4531/6806/75 4532/6804/77 5084/6803/77
f 5088/6807/73 4530/6808/73 4531/6806/75 5086/6805/75
f 5090/6809/71 4529/6810/71 4530/6808/73 5088/6807/73
f 5092/6811/69 4528/6812/69 4529/6810/71 5090/6809/71
f 5094/6813/67 4527/6814/67 4528/6812/69 5092/6811/69
f 5096/6815/65 4526/6816/65 4527/6814/67 5094/6813/67
f 5098/6817/63 4525/6818/63 4526/6816/65 5096/6815/65
f 5100/6819/61 4524/6820/61 4525/6818/63 5098/6817/63
f 5102/6821/59 4523/6822/59 4524/6820/61 5100/6819/61
f 5104/6823/57 4522/6824/57 4523/6822/59 5102/6821/59
f 5106/6825/55 4521/6826/55 4522/6824/57 5104/6823/57
f 5108/6827/53 4520/6828/53 4521/6826/55 5106/6825/55
f 5110/6829/51 4519/6830/51 4520/6828/53 5108/6827/53
f 5112/6831/49 4518/6832/49 4519/6830/51 5110/6829/51
f 5114/6833/47 4517/6834/47 4518/6832/49 5112/6831/49
f 5116/6835/45 4516/6836/45 4517/6834/47 5114/6833/47
f 5118/6837/43 4515/6838/43 4516/6836/45 5116/6835/45
f 5120/6839/40 4514/6840/40 4515/6838/43 5118/6837/43
f 5057/6841/4 4513/6842/4 4514/6840/40 5120/6839/40
f 4578/6591/102 4580/6843/189 6049/6844/556 6050/6845/259
f 4579/6846/260 4582/6847/261 4581/6848/151 4577/6849/150
f 4584/6592/103 4578/6591/102 6050/6845/259 6051/6850/520
f 4585/6851/521 4579/6846/260 4577/6849/150 4583/6852/181
f 4587/6602/113 4584/6592/103 6051/6850/520 6052/6853/264
f 4588/6854/584 4585/6851/521 4583/6852/181 4586/6855/180
f 4590/6684/195 4587/6602/113 6052/6853/264 6053/6856/522
f 4591/6857/679 4588/6854/584 4586/6855/180 4589/6858/179
f 4593/6599/110 4590/6684/195 6053/6856/522 6054/6859/268
f 4594/6860/585 4591/6857/679 4589/6858/179 4592/6861/458
f 4596/6600/111 4593/6599/110 6054/6859/268 6055/6862/524
f 4597/6863/680 4594/6860/585 4592/6861/458 4595/6864/177
f 4599/6606/117 4596/6600/111 6055/6862/524 6056/6865/272
f 4600/6866/273 4597/6863/680 4595/6864/177 4598/6867/176
f 4602/6610/121 4599/6606/117 6056/6865/272 6057/6868/274
f 4603/6869/275 4600/6866/273 4598/6867/176 4601/6870/175
f 4605/6614/125 4602/6610/121 6057/6868/274 6058/6871/276
f 4606/6872/277 4603/6869/275 4601/6870/175 4604/6873/174
f 4608/6618/129 4605/6614/125 6058/6871/276 6059/6874/558
f 4609/6875/279 4606/6872/277 4604/6873/174 4607/6876/173
f 4611/6622/133 4608/6618/129 6059/6874/558 6060/6877/280
f 4612/6878/281 4609/6875/279 4607/6876/173 4610/6879/172
f 4614/6626/137 4611/6622/133 6060/6877/280 6061/6880/473
f 4615/6881/526 4612/6878/281 4610/6879/172 4613/6882/171
f 4617/6630/141 4614/6626/137 6061/6880/473 6062/6883/284
f 4618/6884/527 4615/6881/526 4613/6882/171 4616/6885/170
f 4620/6634/145 4617/6630/141 6062/6883/284 6063/6886/474
f 4621/6887/287 4618/6884/527 4616/6885/170 4619/6888/169
f 4623/6638/149 4620/6634/145 6063/6886/474 6064/6889/288
f 4624/6890/289 4621/6887/287 4619/6888/169 4622/6891/168
f 4626/6674/185 4623/6638/149 6064/6889/288 6065/6892/619
f 4627/6893/528 4624/6890/289 4622/6891/168 4625/6894/167
f 4629/6682/193 4626/6674/185 6065/6892/619 6066/6895/681
f 4630/6896/293 4627/6893/528 4625/6894/167 4628/6897/166
f 4632/6595/106 4629/6682/193 6066/6895/681 6067/6898/294
f 4633/6899/529 4630/6896/293 4628/6897/166 4631/6900/165
f 4635/6596/107 4632/6595/106 6067/6898/294 6068/6901/654
f 4636/6902/297 4633/6899/529 4631/6900/165 4634/6903/164
f 4638/6604/115 4635/6596/107 6068/6901/654 6069/6904/298
f 4639/6905/299 4636/6902/297 4634/6903/164 4637/6906/163
f 4641/6608/119 4638/6604/115 6069/6904/298 6070/6907/560
f 4642/6908/301 4639/6905/299 4637/6906/163 4640/6909/162
f 4644/6612/123 4641/6608/119 6070/6907/560 6071/6910/302
f 4645/6911/303 4642/6908/301 4640/6909/162 4643/6912/161
f 4647/6616/127 4644/6612/123 6071/6910/302 6072/6913/682
f 4648/6914/305 4645/6911/303 4643/6912/161 4646/6915/160
f 4650/6620/131 4647/6616/127 6072/6913/682 6073/6916/621
f 4651/6917/307 4648/6914/305 4646/6915/160 4649/6918/159
f 4653/6624/135 4650/6620/131 6073/6916/621 6074/6919/308
f 4654/6920/594 4651/6917/307 4649/6918/159 4652/6921/158
f 4656/6628/139 4653/6624/135 6074/6919/308 6075/6922/310
f 4657/6923/622 4654/6920/594 4652/6921/158 4655/6924/157
f 4659/6632/143 4656/6628/139 6075/6922/310 6076/6925/312
f 4660/6926/595 4657/6923/622 4655/6924/157 4658/6927/550
f 4662/6636/147 4659/6632/143 6076/6925/312 6077/6928/314
f 4663/6929/315 4660/6926/595 4658/6927/550 4661/6930/155
f 4665/6672/183 4662/6636/147 6077/6928/314 6078/6931/656
f 4666/6932/317 4663/6929/315 4661/6930/155 4664/6933/154
f 4668/6680/191 4665/6672/183 6078/6931/656 6079/6934/623
f 4669/6935/319 4666/6932/317 4664/6933/154 4667/6936/153
f 4671/6677/188 4668/6680/191 6079/6934/623 6080/6937/320
f 4672/6938/321 4669/6935/319 4667/6936/153 4670/6939/152
f 4580/6678/189 4671/6677/188 6080/6937/320 6049/6940/556
f 4582/6941/261 4672/6938/321 4670/6939/152 4581/6942/151
f 6017/6590/101 6018/6943/186 4580/6843/189 4578/6591/102
f 4674/6528/41 4676/6532/3 6081/6944/322 6082/6945/683
f 4675/6946/324 4678/6947/325 4677/6948/37 4673/6462/7
f 4680/6529/42 4674/6528/41 6082/6945/683 6083/6949/484
f 4681/6950/327 4675/6946/324 4673/6462/7 4679/6461/6
f 4683/6533/44 4680/6529/42 6083/6949/484 6084/6951/534
f 4684/6952/684 4681/6950/327 4679/6461/6 4682/6466/663
f 4686/6535/46 4683/6533/44 6084/6951/534 6085/6953/330
f 4687/6954/685 4684/6952/684 4682/6466/663 4685/6465/8
f 4689/6537/48 4686/6535/46 6085/6953/330 6086/6955/486
f 4690/6956/333 4687/6954/685 4685/6465/8 4688/6468/10
f 4692/6539/50 4689/6537/48 6086/6955/486 6087/6957/535
f 4693/6958/335 4690/6956/333 4688/6468/10 4691/6470/11
f 4695/6541/52 4692/6539/50 6087/6957/535 6088/6959/336
f 4696/6960/337 4693/6958/335 4691/6470/11 4694/6472/12
f 4698/6543/54 4695/6541/52 6088/6959/336 6089/6961/658
f 4699/6962/339 4696/6960/337 4694/6472/12 4697/6474/648
f 4701/6545/56 4698/6543/54 6089/6961/658 6090/6963/340
f 4702/6964/341 4699/6962/339 4697/6474/648 4700/6476/605
f 4704/6547/58 4701/6545/56 6090/6963/340 6091/6965/490
f 4705/6966/343 4702/6964/341 4700/6476/605 4703/6478/15
f 4707/6549/60 4704/6547/58 6091/6965/490 6092/6967/491
f 4708/6968/345 4705/6966/343 4703/6478/15 4706/6480/16
f 4710/6551/62 4707/6549/60 6092/6967/491 6093/6969/346
f 4711/6970/347 4708/6968/345 4706/6480/16 4709/6482/574
f 4713/6553/64 4710/6551/62 6093/6969/346 6094/6971/629
f 4714/6972/349 4711/6970/347 4709/6482/574 4712/6484/18
f 4716/6555/66 4713/6553/64 6094/6971/629 6095/6973/630
f 4717/6974/351 4714/6972/349 4712/6484/18 4715/6486/19
f 4719/6557/68 4716/6555/66 6095/6973/630 6096/6975/686
f 4720/6976/353 4717/6974/351 4715/6486/19 4718/6488/20
f 4722/6559/70 4719/6557/68 6096/6975/686 6097/6977/354
f 4723/6978/355 4720/6976/353 4718/6488/20 4721/6490/21
f 4725/6561/72 4722/6559/70 6097/6977/354 6098/6979/356
f 4726/6980/357 4723/6978/355 4721/6490/21 4724/6492/22
f 4728/6563/74 4725/6561/72 6098/6979/356 6099/6981/358
f 4729/6982/359 4726/6980/357 4724/6492/22 4727/6494/23
f 4731/6565/76 4728/6563/74 6099/6981/358 6100/6983/360
f 4732/6984/687 4729/6982/359 4727/6494/23 4730/6496/664
f 4734/6567/78 4731/6565/76 6100/6983/360 6101/6985/362
f 4735/6986/688 4732/6984/687 4730/6496/664 4733/6498/606
f 4737/6569/666 4734/6567/78 6101/6985/362 6102/6987/364
f 4738/6988/365 4735/6986/688 4733/6498/606 4736/6500/26
f 4740/6571/611 4737/6569/666 6102/6987/364 6103/6989/632
f 4741/6990/633 4738/6988/365 4736/6500/26 4739/6502/27
f 4743/6573/84 4740/6571/611 6103/6989/632 6104/6991/368
f 4744/6992/369 4741/6990/633 4739/6502/27 4742/6504/453
f 4746/6575/86 4743/6573/84 6104/6991/368 6105/6993/493
f 4747/6994/371 4744/6992/369 4742/6504/453 4745/6506/548
f 4749/6577/88 4746/6575/86 6105/6993/493 6106/6995/372
f 4750/6996/373 4747/6994/371 4745/6506/548 4748/6508/509
f 4752/6579/667 4749/6577/88 6106/6995/372 6107/6997/634
f 4753/6998/635 4750/6996/373 4748/6508/509 4751/6510/31
f 4755/6581/668 4752/6579/667 6107/6997/634 6108/6999/376
f 4756/7000/377 4753/6998/635 4751/6510/31 4754/6512/32
f 4758/6583/94 4755/6581/668 6108/6999/376 6109/7001/378
f 4759/7002/689 4756/7000/377 4754/6512/32 4757/6514/665
f 4761/6585/96 4758/6583/94 6109/7001/378 6110/7003/541
f 4762/7004/381 4759/7002/689 4757/6514/665 4760/6516/34
f 4764/6587/98 4761/6585/96 6110/7003/541 6111/7005/382
f 4765/7006/383 4762/7004/381 4760/6516/34 4763/6518/35
f 4767/6456/2 4764/6587/98 6111/7005/382 6112/7007/384
f 4768/7008/385 4765/7006/383 4763/6518/35 4766/6520/36
f 4676/6457/3 4767/6456/2 6112/7007/384 6081/7009/322
f 4678/7010/325 4768/7008/385 4766/6520/36 4677/6522/37
f 4481/7011/5 4482/6459/5 4673/6462/7 4677/6948/37
f 4770/7012/39 4773/6775/257 6113/7013/386 6114/7014/387
f 4771/7015/388 4774/7016/389 4772/7017/460 4769/7018/459
f 4773/6775/257 4776/6717/228 6115/7019/390 6113/7013/386
f 4774/7016/389 4777/7020/391 4775/7021/198 4772/7017/460
f 4776/6717/228 4779/6720/673 6116/7022/392 6115/7019/390
f 4777/7020/391 4780/7023/393 4778/7024/199 4775/7021/198
f 4779/6720/673 4782/6722/230 6117/7025/690 6116/7022/392
f 4780/7023/393 4783/7026/691 4781/7027/669 4778/7024/199
f 4782/6722/230 4785/6724/231 6118/7028/396 6117/7025/690
f 4783/7026/691 4786/7029/600 4784/7030/612 4781/7027/669
f 4785/6724/231 4788/6726/232 6119/7031/601 6118/7028/396
f 4786/7029/600 4789/7032/399 4787/7033/552 4784/7030/612
f 4788/6726/232 4791/6728/674 6120/7034/692 6119/7031/601
f 4789/7032/399 4792/7035/693 4790/7036/203 4787/7033/552
f 4791/6728/674 4794/6730/675 6121/7037/694 6120/7034/692
f 4792/7035/693 4795/7038/403 4793/7039/613 4790/7036/203
f 4794/6730/675 4797/6732/676 6122/7040/695 6121/7037/694
f 4795/7038/403 4798/7041/696 4796/7042/205 4793/7039/613
f 4797/6732/676 4800/6734/236 6123/7043/603 6122/7040/695
f 4798/7041/696 4801/7044/407 4799/7045/206 4796/7042/205
f 4800/6734/236 4803/6736/237 6124/7046/408 6123/7043/603
f 4801/7044/407 4804/7047/697 4802/7048/670 4799/7045/206
f 4803/6736/237 4806/6738/238 6125/7049/496 6124/7046/408
f 4804/7047/697 4807/7050/698 4805/7051/671 4802/7048/670
f 4806/6738/238 4809/6740/239 6126/7052/641 6125/7049/496
f 4807/7050/698 4810/7053/413 4808/7054/580 4805/7051/671
f 4809/6740/239 4812/6742/240 6127/7055/569 6126/7052/641
f 4810/7053/413 4813/7056/415 4811/7057/210 4808/7054/580
f 4812/6742/240 4815/6744/241 6128/7058/416 6127/7055/569
f 4813/7056/415 4816/7059/417 4814/7060/211 4811/7057/210
f 4815/6744/241 4818/6746/242 6129/7061/498 6128/7058/416
f 4816/7059/417 4819/7062/419 4817/7063/465 4814/7060/211
f 4818/6746/242 4821/6748/243 6130/7064/420 6129/7061/498
f 4819/7062/419 4822/7065/421 4820/7066/213 4817/7063/465
f 4821/6748/243 4824/6750/244 6131/7067/422 6130/7064/420
f 4822/7065/421 4825/7068/423 4823/7069/214 4820/7066/213
f 4824/6750/244 4827/6752/245 6132/7070/424 6131/7067/422
f 4825/7068/423 4828/7071/425 4826/7072/581 4823/7069/214
f 4827/6752/245 4830/6754/246 6133/7073/500 6132/7070/424
f 4828/7071/425 4831/7074/427 4829/7075/216 4826/7072/581
f 4830/6754/246 4833/6756/677 6134/7076/501 6133/7073/500
f 4831/7074/427 4834/7077/429 4832/7078/217 4829/7075/216
f 4833/6756/677 4836/6758/248 6135/7079/642 6134/7076/501
f 4834/7077/429 4837/7080/431 4835/7081/466 4832/7078/217
f 4836/6758/248 4839/6760/249 6136/7082/643 6135/7079/642
f 4837/7080/431 4840/7083/433 4838/7084/672 4835/7081/466
f 4839/6760/249 4842/6762/250 6137/7085/434 6136/7082/643
f 4840/7083/433 4843/7086/435 4841/7087/518 4838/7084/672
f 4842/6762/250 4845/6764/251 6138/7088/644 6137/7085/434
f 4843/7086/435 4846/7089/437 4844/7090/467 4841/7087/518
f 4845/6764/251 4848/6766/252 6139/7091/699 6138/7088/644
f 4846/7089/437 4849/7092/439 4847/7093/554 4844/7090/467
f 4848/6766/252 4851/6768/678 6140/7094/700 6139/7091/699
f 4849/7092/439 4852/7095/441 4850/7096/555 4847/7093/554
f 4851/6768/678 4854/6770/254 6141/7097/572 6140/7094/700
f 4852/7095/441 4855/7098/443 4853/7099/224 4850/7096/555
f 4854/6770/254 4857/6772/255 6142/7100/503 6141/7097/572
f 4855/7098/443 4858/7101/445 4856/7102/225 4853/7099/224
f 4857/6772/255 4860/6774/256 6143/7103/446 6142/7100/503
f 4858/7101/445 4861/7104/447 4859/7105/226 4856/7102/225
f 4860/6774/256 4863/6523/38 6144/7106/546 6143/7103/446
f 4861/7104/447 4864/7107/449 4862/7108/227 4859/7105/226
f 4863/6523/38 4770/6526/39 6114/7109/387 6144/7106/546
f 4864/7107/449 4771/7110/388 4769/7111/459 4862/7108/227
f 4770/7012/39 4576/7112/4 4545/6776/40 4773/6775/257
f 4947/7113/95 4911/7114/95 4917/7115/97 4931/7116/97
f 4931/7116/97 4917/7115/97 4927/7117/99 4933/7118/99
f 4937/7119/1 4925/7120/1 4924/7121/4 4936/7122/4
f 4943/7123/91 4909/7124/91 4919/7125/93 4939/7126/93
f 4945/7127/89 4913/7128/89 4909/7124/91 4943/7123/91
f 4941/7129/87 4865/7130/87 4913/7128/89 4945/7127/89
f 4955/7131/85 4903/7132/85 4865/7130/87 4941/7129/87
f 4949/7133/83 4915/7134/83 4903/7132/85 4955/7131/85
f 4951/7135/81 4907/7136/81 4915/7134/83 4949/7133/83
f 4957/7137/79 4901/7138/79 4907/7136/81 4951/7135/81
f 4959/7139/77 4905/7140/77 4901/7138/79 4957/7137/79
f 4965/7141/75 4893/7142/75 4905/7140/77 4959/7139/77
f 4929/7143/73 4921/7144/73 4893/7142/75 4965/7141/75
f 4963/7145/71 4889/7146/71 4921/7144/73 4929/7143/73
f 4953/7147/69 4899/7148/69 4889/7146/71 4963/7145/71
f 4961/7149/67 4897/7150/67 4899/7148/69 4953/7147/69
f 4918/7151/97 4932/7152/97 4934/7153/99 4928/7154/99
f 4575/7155/1 5059/7156/1 5058/7157/4 4576/7158/4
f 4891/7159/63 4892/7160/63 4880/7161/65 4879/7162/65
f 4967/7163/63 4891/7159/63 4879/7162/65 4973/7164/65
f 4887/7165/61 4888/7166/61 4892/7160/63 4891/7159/63
f 4971/7167/61 4887/7165/61 4891/7159/63 4967/7163/63
f 4883/7168/59 4884/7169/59 4888/7166/61 4887/7165/61
f 4975/7170/59 4883/7168/59 4887/7165/61 4971/7167/61
f 4895/7171/57 4896/7172/57 4884/7169/59 4883/7168/59
f 4969/7173/57 4895/7171/57 4883/7168/59 4975/7170/59
f 4869/7174/55 4870/7175/55 4896/7172/57 4895/7171/57
f 4983/7176/55 4869/7174/55 4895/7171/57 4969/7173/57
f 4881/7177/53 4882/7178/53 4870/7175/55 4869/7174/55
f 4977/7179/53 4881/7177/53 4869/7174/55 4983/7176/55
f 4877/7180/51 4878/7181/51 4882/7178/53 4881/7177/53
f 4981/7182/51 4877/7180/51 4881/7177/53 4977/7179/53
f 4873/7183/49 4874/7184/49 4878/7181/51 4877/7180/51
f 4985/7185/49 4873/7183/49 4877/7180/51 4981/7182/51
f 4885/7186/47 4886/7187/47 4874/7184/49 4873/7183/49
f 4979/7188/47 4885/7186/47 4873/7183/49 4985/7185/49
f 4875/7189/45 4876/7190/45 4886/7187/47 4885/7186/47
f 4989/7191/45 4875/7189/45 4885/7186/47 4979/7188/47
f 4871/7192/43 4872/7193/43 4876/7190/45 4875/7189/45
f 4987/7194/43 4871/7192/43 4875/7189/45 4989/7191/45
f 4867/7195/40 4868/7196/40 4872/7193/43 4871/7192/43
f 4991/7197/40 4867/7195/40 4871/7192/43 4987/7194/43
f 4924/7198/4 4923/7199/4 4868/7196/40 4867/7195/40
f 4936/7200/4 4924/7198/4 4867/7195/40 4991/7197/40
f 4927/7117/99 4928/7154/99 4926/7201/1 4925/7120/1
f 4933/7118/99 4927/7117/99 4925/7120/1 4937/7119/1
f 4911/7114/95 4912/7202/95 4918/7151/97 4917/7115/97
f 4973/7164/65 4879/7162/65 4897/7150/67 4961/7149/67
f 4897/7150/67 4898/7203/67 4900/7204/69 4899/7148/69
f 4899/7148/69 4900/7204/69 4890/7205/71 4889/7146/71
f 4889/7146/71 4890/7205/71 4922/7206/73 4921/7144/73
f 4921/7144/73 4922/7206/73 4894/7207/75 4893/7142/75
f 4893/7142/75 4894/7207/75 4906/7208/77 4905/7140/77
f 4905/7140/77 4906/7208/77 4902/7209/79 4901/7138/79
f 4901/7138/79 4902/7209/79 4908/7210/81 4907/7136/81
f 4907/7136/81 4908/7210/81 4916/7211/83 4915/7134/83
f 4915/7134/83 4916/7211/83 4904/7212/85 4903/7132/85
f 4903/7132/85 4904/7212/85 4866/7213/87 4865/7130/87
f 4865/7130/87 4866/7213/87 4914/7214/89 4913/7128/89
f 4913/7128/89 4914/7214/89 4910/7215/91 4909/7124/91
f 4909/7124/91 4910/7215/91 4920/7216/93 4919/7125/93
f 4925/7120/1 4926/7201/1 4923/7217/4 4924/7121/4
f 4917/7115/97 4918/7151/97 4928/7154/99 4927/7117/99
f 4926/7201/1 4938/7218/1 4935/7219/4 4923/7217/4
f 4939/7126/93 4919/7125/93 4911/7114/95 4947/7113/95
f 5049/7220/97 4931/7116/97 4933/7118/99 5053/7221/99
f 4919/7125/93 4920/7216/93 4912/7202/95 4911/7114/95
f 4910/7215/91 4944/7222/91 4940/7223/93 4920/7216/93
f 5047/7224/93 4939/7126/93 4947/7113/95 5041/7225/95
f 4914/7214/89 4946/7226/89 4944/7222/91 4910/7215/91
f 5043/7227/91 4943/7123/91 4939/7126/93 5047/7224/93
f 4866/7213/87 4942/7228/87 4946/7226/89 4914/7214/89
f 5045/7229/89 4945/7127/89 4943/7123/91 5043/7227/91
f 4904/7212/85 4956/7230/85 4942/7228/87 4866/7213/87
f 5039/7231/87 4941/7129/87 4945/7127/89 5045/7229/89
f 4916/7211/83 4950/7232/83 4956/7230/85 4904/7212/85
f 5031/7233/85 4955/7131/85 4941/7129/87 5039/7231/87
f 4908/7210/81 4952/7234/81 4950/7232/83 4916/7211/83
f 5037/7235/83 4949/7133/83 4955/7131/85 5031/7233/85
f 4902/7209/79 4958/7236/79 4952/7234/81 4908/7210/81
f 5033/7237/81 4951/7135/81 4949/7133/83 5037/7235/83
f 4906/7208/77 4960/7238/77 4958/7236/79 4902/7209/79
f 5035/7239/79 4957/7137/79 4951/7135/81 5033/7237/81
f 4894/7207/75 4966/7240/75 4960/7238/77 4906/7208/77
f 5029/7241/77 4959/7139/77 4957/7137/79 5035/7239/79
f 4922/7206/73 4930/7242/73 4966/7240/75 4894/7207/75
f 5021/7243/75 4965/7141/75 4959/7139/77 5029/7241/77
f 4890/7205/71 4964/7244/71 4930/7242/73 4922/7206/73
f 5027/7245/73 4929/7143/73 4965/7141/75 5021/7243/75
f 4900/7204/69 4954/7246/69 4964/7244/71 4890/7205/71
f 5023/7247/71 4963/7145/71 4929/7143/73 5027/7245/73
f 4898/7203/67 4962/7248/67 4954/7246/69 4900/7204/69
f 5025/7249/69 4953/7147/69 4963/7145/71 5023/7247/71
f 4880/7161/65 4974/7250/65 4962/7248/67 4898/7203/67
f 5019/7251/67 4961/7149/67 4953/7147/69 5025/7249/69
f 4892/7160/63 4968/7252/63 4974/7250/65 4880/7161/65
f 5011/7253/65 4973/7164/65 4961/7149/67 5019/7251/67
f 4888/7166/61 4972/7254/61 4968/7252/63 4892/7160/63
f 5017/7255/63 4967/7163/63 4973/7164/65 5011/7253/65
f 4884/7169/59 4976/7256/59 4972/7254/61 4888/7166/61
f 5013/7257/61 4971/7167/61 4967/7163/63 5017/7255/63
f 4896/7172/57 4970/7258/57 4976/7256/59 4884/7169/59
f 5015/7259/59 4975/7170/59 4971/7167/61 5013/7257/61
f 4870/7175/55 4984/7260/55 4970/7258/57 4896/7172/57
f 5009/7261/57 4969/7173/57 4975/7170/59 5015/7259/59
f 4882/7178/53 4978/7262/53 4984/7260/55 4870/7175/55
f 5001/7263/55 4983/7176/55 4969/7173/57 5009/7261/57
f 4878/7181/51 4982/7264/51 4978/7262/53 4882/7178/53
f 5007/7265/53 4977/7179/53 4983/7176/55 5001/7263/55
f 4874/7184/49 4986/7266/49 4982/7264/51 4878/7181/51
f 5003/7267/51 4981/7182/51 4977/7179/53 5007/7265/53
f 4886/7187/47 4980/7268/47 4986/7266/49 4874/7184/49
f 5005/7269/49 4985/7185/49 4981/7182/51 5003/7267/51
f 4876/7190/45 4990/7270/45 4980/7268/47 4886/7187/47
f 4999/7271/47 4979/7188/47 4985/7185/49 5005/7269/49
f 4872/7193/43 4988/7272/43 4990/7270/45 4876/7190/45
f 4993/7273/45 4989/7191/45 4979/7188/47 4999/7271/47
f 4868/7196/40 4992/7274/40 4988/7272/43 4872/7193/43
f 4997/7275/43 4987/7194/43 4989/7191/45 4993/7273/45
f 4923/7199/4 4935/7276/4 4992/7274/40 4868/7196/40
f 4995/7277/40 4991/7197/40 4987/7194/43 4997/7275/43
f 4928/7154/99 4934/7153/99 4938/7218/1 4926/7201/1
f 5056/7278/4 4936/7200/4 4991/7197/40 4995/7277/40
f 4912/7202/95 4948/7279/95 4932/7152/97 4918/7151/97
f 5053/7221/99 4933/7118/99 4937/7119/1 5051/7280/1
f 5051/7280/1 4937/7119/1 4936/7122/4 5056/7281/4
f 4920/7216/93 4940/7223/93 4948/7279/95 4912/7202/95
f 4932/7152/97 5050/7282/97 5054/7283/99 4934/7153/99
f 4938/7218/1 5052/7284/1 5055/7285/4 4935/7219/4
f 5059/7156/1 5051/7280/1 5056/7281/4 5058/7157/4
f 5041/7225/95 4947/7113/95 4931/7116/97 5049/7220/97
f 4940/7223/93 5048/7286/93 5042/7287/95 4948/7279/95
f 5065/7288/95 5041/7225/95 5049/7220/97 5063/7289/97
f 4944/7222/91 5044/7290/91 5048/7286/93 4940/7223/93
f 5067/7291/93 5047/7224/93 5041/7225/95 5065/7288/95
f 4946/7226/89 5046/7292/89 5044/7290/91 4944/7222/91
f 5069/7293/91 5043/7227/91 5047/7224/93 5067/7291/93
f 4942/7228/87 5040/7294/87 5046/7292/89 4946/7226/89
f 5071/7295/89 5045/7229/89 5043/7227/91 5069/7293/91
f 4956/7230/85 5032/7296/85 5040/7294/87 4942/7228/87
f 5073/7297/87 5039/7231/87 5045/7229/89 5071/7295/89
f 4950/7232/83 5038/7298/83 5032/7296/85 4956/7230/85
f 5075/7299/85 5031/7233/85 5039/7231/87 5073/7297/87
f 4952/7234/81 5034/7300/81 5038/7298/83 4950/7232/83
f 5077/7301/83 5037/7235/83 5031/7233/85 5075/7299/85
f 4958/7236/79 5036/7302/79 5034/7300/81 4952/7234/81
f 5079/7303/81 5033/7237/81 5037/7235/83 5077/7301/83
f 4960/7238/77 5030/7304/77 5036/7302/79 4958/7236/79
f 5081/7305/79 5035/7239/79 5033/7237/81 5079/7303/81
f 4966/7240/75 5022/7306/75 5030/7304/77 4960/7238/77
f 5083/7307/77 5029/7241/77 5035/7239/79 5081/7305/79
f 4930/7242/73 5028/7308/73 5022/7306/75 4966/7240/75
f 5085/7309/75 5021/7243/75 5029/7241/77 5083/7307/77
f 4964/7244/71 5024/7310/71 5028/7308/73 4930/7242/73
f 5087/7311/73 5027/7245/73 5021/7243/75 5085/7309/75
f 4954/7246/69 5026/7312/69 5024/7310/71 4964/7244/71
f 5089/7313/71 5023/7247/71 5027/7245/73 5087/7311/73
f 4962/7248/67 5020/7314/67 5026/7312/69 4954/7246/69
f 5091/7315/69 5025/7249/69 5023/7247/71 5089/7313/71
f 4974/7250/65 5012/7316/65 5020/7314/67 4962/7248/67
f 5093/7317/67 5019/7251/67 5025/7249/69 5091/7315/69
f 4968/7252/63 5018/7318/63 5012/7316/65 4974/7250/65
f 5095/7319/65 5011/7253/65 5019/7251/67 5093/7317/67
f 4972/7254/61 5014/7320/61 5018/7318/63 4968/7252/63
f 5097/7321/63 5017/7255/63 5011/7253/65 5095/7319/65
f 4976/7256/59 5016/7322/59 5014/7320/61 4972/7254/61
f 5099/7323/61 5013/7257/61 5017/7255/63 5097/7321/63
f 4970/7258/57 5010/7324/57 5016/7322/59 4976/7256/59
f 5101/7325/59 5015/7259/59 5013/7257/61 5099/7323/61
f 4984/7260/55 5002/7326/55 5010/7324/57 4970/7258/57
f 5103/7327/57 5009/7261/57 5015/7259/59 5101/7325/59
f 4978/7262/53 5008/7328/53 5002/7326/55 4984/7260/55
f 5105/7329/55 5001/7263/55 5009/7261/57 5103/7327/57
f 4982/7264/51 5004/7330/51 5008/7328/53 4978/7262/53
f 5107/7331/53 5007/7265/53 5001/7263/55 5105/7329/55
f 4986/7266/49 5006/7332/49 5004/7330/51 4982/7264/51
f 5109/7333/51 5003/7267/51 5007/7265/53 5107/7331/53
f 4980/7268/47 5000/7334/47 5006/7332/49 4986/7266/49
f 5111/7335/49 5005/7269/49 5003/7267/51 5109/7333/51
f 4990/7270/45 4994/7336/45 5000/7334/47 4980/7268/47
f 5113/7337/47 4999/7271/47 5005/7269/49 5111/7335/49
f 4988/7272/43 4998/7338/43 4994/7336/45 4990/7270/45
f 5115/7339/45 4993/7273/45 4999/7271/47 5113/7337/47
f 4992/7274/40 4996/7340/40 4998/7338/43 4988/7272/43
f 5117/7341/43 4997/7275/43 4993/7273/45 5115/7339/45
f 4935/7276/4 5055/7342/4 4996/7340/40 4992/7274/40
f 5119/7343/40 4995/7277/40 4997/7275/43 5117/7341/43
f 4934/7153/99 5054/7283/99 5052/7284/1 4938/7218/1
f 5058/7344/4 5056/7278/4 4995/7277/40 5119/7343/40
f 5063/7289/97 5049/7220/97 5053/7221/99 5061/7345/99
f 4948/7279/95 5042/7287/95 5050/7282/97 4932/7152/97
f 4574/7346/99 5061/7345/99 5059/7156/1 4575/7155/1
f 5052/7284/1 5060/6777/1 5057/6780/4 5055/7285/4
f 4573/7347/97 5063/7289/97 5061/7345/99 4574/7346/99
f 5050/7282/97 5064/6783/97 5062/6781/99 5054/7283/99
f 4572/7348/95 5065/7288/95 5063/7289/97 4573/7347/97
f 5042/7287/95 5066/6785/95 5064/6783/97 5050/7282/97
f 4571/7349/93 5067/7291/93 5065/7288/95 4572/7348/95
f 5048/7286/93 5068/6787/93 5066/6785/95 5042/7287/95
f 4570/7350/91 5069/7293/91 5067/7291/93 4571/7349/93
f 5044/7290/91 5070/6789/91 5068/6787/93 5048/7286/93
f 4569/7351/89 5071/7295/89 5069/7293/91 4570/7350/91
f 5046/7292/89 5072/6791/89 5070/6789/91 5044/7290/91
f 4568/7352/87 5073/7297/87 5071/7295/89 4569/7351/89
f 5040/7294/87 5074/6793/87 5072/6791/89 5046/7292/89
f 4567/7353/85 5075/7299/85 5073/7297/87 4568/7352/87
f 5032/7296/85 5076/6795/85 5074/6793/87 5040/7294/87
f 4566/7354/83 5077/7301/83 5075/7299/85 4567/7353/85
f 5038/7298/83 5078/6797/83 5076/6795/85 5032/7296/85
f 4565/7355/81 5079/7303/81 5077/7301/83 4566/7354/83
f 5034/7300/81 5080/6799/81 5078/6797/83 5038/7298/83
f 4564/7356/79 5081/7305/79 5079/7303/81 4565/7355/81
f 5036/7302/79 5082/6801/79 5080/6799/81 5034/7300/81
f 4563/7357/77 5083/7307/77 5081/7305/79 4564/7356/79
f 5030/7304/77 5084/6803/77 5082/6801/79 5036/7302/79
f 4562/7358/75 5085/7309/75 5083/7307/77 4563/7357/77
f 5022/7306/75 5086/6805/75 5084/6803/77 5030/7304/77
f 4561/7359/73 5087/7311/73 5085/7309/75 4562/7358/75
f 5028/7308/73 5088/6807/73 5086/6805/75 5022/7306/75
f 4560/7360/71 5089/7313/71 5087/7311/73 4561/7359/73
f 5024/7310/71 5090/6809/71 5088/6807/73 5028/7308/73
f 4559/7361/69 5091/7315/69 5089/7313/71 4560/7360/71
f 5026/7312/69 5092/6811/69 5090/6809/71 5024/7310/71
f 4558/7362/67 5093/7317/67 5091/7315/69 4559/7361/69
f 5020/7314/67 5094/6813/67 5092/6811/69 5026/7312/69
f 4557/7363/65 5095/7319/65 5093/7317/67 4558/7362/67
f 5012/7316/65 5096/6815/65 5094/6813/67 5020/7314/67
f 4556/7364/63 5097/7321/63 5095/7319/65 4557/7363/65
f 5018/7318/63 5098/6817/63 5096/6815/65 5012/7316/65
f 4555/7365/61 5099/7323/61 5097/7321/63 4556/7364/63
f 5014/7320/61 5100/6819/61 5098/6817/63 5018/7318/63
f 4554/7366/59 5101/7325/59 5099/7323/61 4555/7365/61
f 5016/7322/59 5102/6821/59 5100/6819/61 5014/7320/61
f 4553/7367/57 5103/7327/57 5101/7325/59 4554/7366/59
f 5010/7324/57 5104/6823/57 5102/6821/59 5016/7322/59
f 4552/7368/55 5105/7329/55 5103/7327/57 4553/7367/57
f 5002/7326/55 5106/6825/55 5104/6823/57 5010/7324/57
f 4551/7369/53 5107/7331/53 5105/7329/55 4552/7368/55
f 5008/7328/53 5108/6827/53 5106/6825/55 5002/7326/55
f 4550/7370/51 5109/7333/51 5107/7331/53 4551/7369/53
f 5004/7330/51 5110/6829/51 5108/6827/53 5008/7328/53
f 4549/7371/49 5111/7335/49 5109/7333/51 4550/7370/51
f 5006/7332/49 5112/6831/49 5110/6829/51 5004/7330/51
f 4548/7372/47 5113/7337/47 5111/7335/49 4549/7371/49
f 5000/7334/47 5114/6833/47 5112/6831/49 5006/7332/49
f 4547/7373/45 5115/7339/45 5113/7337/47 4548/7372/47
f 4994/7336/45 5116/6835/45 5114/6833/47 5000/7334/47
f 4546/7374/43 5117/7341/43 5115/7339/45 4547/7373/45
f 4998/7338/43 5118/6837/43 5116/6835/45 4994/7336/45
f 4545/7375/40 5119/7343/40 5117/7341/43 4546/7374/43
f 4996/7340/40 5120/6839/40 5118/6837/43 4998/7338/43
f 4576/7376/4 5058/7344/4 5119/7343/40 4545/7375/40
f 5055/7342/4 5057/6841/4 5120/6839/40 4996/7340/40
f 5054/7283/99 5062/6781/99 5060/6777/1 5052/7284/1
f 5061/7345/99 5053/7221/99 5051/7280/1 5059/7156/1
f 4879/7162/65 4880/7161/65 4898/7203/67 4897/7150/67
